Workbook

Sheet Visualisation

Sheet Units
A1: Quantity | B1: Unit | C1: Explanation
A2: =Nodes!J2 -> Old Production Capacity Gas | B2: MSm3/h | C2: Mega (or million) standard cubic metres per hour. One standard cubic meter means the amount of gas which occupies a Cubic Meter at fifteen (15) Degrees Celsius and a pressure of one hundred one decimal three two five (101.325) kPa.
A3: =Nodes!M2 -> Production Costs Gas | B3: NOK / MSm3
A4: =Nodes!N2 -> Storage Capacity Gas | B4: MSm3
A5: =Nodes!O2 -> Entry Storage Costs Gas | B5: NOK / MSm3
A6: =Nodes!P2 -> Entry Costs Gas Stage 1 | B6: NOK / MSm3
A7: =Nodes!Q2 -> Exit Costs Gas Stage 1 | B7: NOK / MSm3
A8: =Arcs!M1 -> Flow costs Gas | B8: NOK / MSm3
A9: =Arcs!#REF! -> #REF! | B9: MSm3/h
A10: Demand | B10: MSm3/h

Sheet Nodes
G1: Gas | V1: Hydrogen
A2: ID | B2: Name | C2: Type | D2: X_coordinate | E2: Y_coordinate | F2: Note | G2: TSO entry costs Gas | H2: TSO exit costs Gas | I2: Production Capacity Gas | J2: Old Production Capacity Gas | K2: Entry Capacity Gas | L2: Exit Capacity Gas | M2: Production Costs Gas | N2: Storage Capacity Gas | O2: Entry Storage Costs Gas | P2: Entry Costs Gas Stage 1 | Q2: Exit Costs Gas Stage 1 | R2: Entry Costs Gas Stage 2 | S2: Exit Costs Gas Stage 2 | T2: Entry Costs Gas Stage 3 | U2: Exit Costs Gas Stage 3 | V2: TSO entry costs Hydrogen | W2: TSO exit costs Hydrogen | X2: Production Capacity Hydrogen | Y2: Entry Capacity Hydrogen | Z2: Exit Capacity Hydrogen | AA2: Production Costs Hydrogen | AB2: Storage Capacity Hydrogen | AC2: Entry Storage Costs Hydrogen | AD2: Entry Costs Hydrogen Stage 1 | AE2: Exit Costs Hydrogen Stage 1 | AF2: Entry Costs Hydrogen Stage 2 | AG2: Exit Costs Hydrogen Stage 2 | AH2: Entry Costs Hydrogen Stage 3 | AI2: Exit Costs Hydrogen Stage 3
A3: 1 | B3: AASTA HANSTEEN PLEM | D3: 7.107227 | E3: 67.05561 | G3: 5 | H3: 5 | I3: =SUMIFS(ProductionCapacities!$F$2:$F$51,ProductionCapacities!$E$2:$E$51,Nodes!B3) -> 23.970863 | J3: 8889.595 | K3: 500 | L3: 500 | M3: 10 | N3: =IF(C3="Market",3000,0) -> 0 | O3: =IF(C3="Market",0.374,0.375) -> 0.375 | P3: 5 | Q3: 5 | R3: 5.2 | S3: 5.2 | T3: 5.4 | U3: 5.4 | V3: 5 | W3: 5 | X3: 100 | Y3: 0 | Z3: 0 | AA3: =M3 -> 10 | AB3: 0 | AC3: =O3 -> 0.375 | AD3: =P3 -> 5 | AE3: =Q3 -> 5 | AF3: =R3 -> 5.2 | AG3: =S3 -> 5.2 | AH3: =T3 -> 5.4 | AI3: =U3 -> 5.4
A4: 2 | B4: aSGARD ERB | D4: 4.6885411 | E4: 62.302729 | G4: 5 | H4: 5 | I4: =SUMIFS(ProductionCapacities!$F$2:$F$51,ProductionCapacities!$E$2:$E$51,Nodes!B4) -> 0 | J4: 0 | K4: 500 | L4: 500 | M4: 10 | N4: =IF(C4="Market",3000,0) -> 0 | O4: =IF(C4="Market",0.374,0.375) -> 0.375 | P4: 5 | Q4: 5 | R4: 5.2 | S4: 5.2 | T4: 5.4 | U4: 5.4 | V4: 5 | W4: 5 | X4: 100 | Y4: 0 | Z4: 0 | AA4: =M4 -> 10 | AB4: 0 | AC4: =O4 -> 0.375 | AD4: =P4 -> 5 | AE4: =Q4 -> 5 | AF4: =R4 -> 5.2 | AG4: =S4 -> 5.2 | AH4: =T4 -> 5.4 | AI4: =U4 -> 5.4
A5: 3 | B5: aSGARD T | D5: 6.8036598 | E5: 65.094472 | F5: Los | G5: 5 | H5: 5 | I5: =SUMIFS(ProductionCapacities!$F$2:$F$51,ProductionCapacities!$E$2:$E$51,Nodes!B5) -> 28.969463 | J5: 0 | K5: 500 | L5: 500 | M5: 10 | N5: =IF(C5="Market",3000,0) -> 0 | O5: =IF(C5="Market",0.374,0.375) -> 0.375 | P5: 5 | Q5: 5 | R5: 5.2 | S5: 5.2 | T5: 5.4 | U5: 5.4 | V5: 5 | W5: 5 | X5: 100 | Y5: 0 | Z5: 0 | AA5: =M5 -> 10 | AB5: 0 | AC5: =O5 -> 0.375 | AD5: =P5 -> 5 | AE5: =Q5 -> 5 | AF5: =R5 -> 5.2 | AG5: =S5 -> 5.2 | AH5: =T5 -> 5.4 | AI5: =U5 -> 5.4
A6: 4 | B6: B-11 | D6: 4.5569471 | E6: 55.458982 | G6: 5 | H6: 5 | I6: =SUMIFS(ProductionCapacities!$F$2:$F$51,ProductionCapacities!$E$2:$E$51,Nodes!B6) -> 0 | J6: 0 | K6: 500 | L6: 500 | M6: 10 | N6: =IF(C6="Market",3000,0) -> 0 | O6: =IF(C6="Market",0.374,0.375) -> 0.375 | P6: 5 | Q6: 5 | R6: 5.2 | S6: 5.2 | T6: 5.4 | U6: 5.4 | V6: 5 | W6: 5 | X6: 100 | Y6: 0 | Z6: 0 | AA6: =M6 -> 10 | AB6: 0 | AC6: =O6 -> 0.375 | AD6: =P6 -> 5 | AE6: =Q6 -> 5 | AF6: =R6 -> 5.2 | AG6: =S6 -> 5.2 | AH6: =T6 -> 5.4 | AI6: =U6 -> 5.4
A7: 5 | B7: BALTIC ENTRANCE | D7: 6.5038 | E7: 55.71 | G7: 5 | H7: 5 | I7: =SUMIFS(ProductionCapacities!$F$2:$F$51,ProductionCapacities!$E$2:$E$51,Nodes!B7) -> 0 | J7: 0 | K7: 500 | L7: 500 | M7: 10 | N7: =IF(C7="Market",3000,0) -> 0 | O7: =IF(C7="Market",0.374,0.375) -> 0.375 | P7: 5 | Q7: 5 | R7: 5.2 | S7: 5.2 | T7: 5.4 | U7: 5.4 | V7: 5 | W7: 5 | X7: 100 | Y7: 0 | Z7: 0 | AA7: =M7 -> 10 | AB7: 0 | AC7: =O7 -> 0.375 | AD7: =P7 -> 5 | AE7: =Q7 -> 5 | AF7: =R7 -> 5.2 | AG7: =S7 -> 5.2 | AH7: =T7 -> 5.4 | AI7: =U7 -> 5.4
A8: 6 | B8: BRAGE | D8: 2.898055 | E8: 60.560633 | F8: Los | G8: 5 | H8: 5 | I8: =SUMIFS(ProductionCapacities!$F$2:$F$51,ProductionCapacities!$E$2:$E$51,Nodes!B8) -> 0.35852055 | J8: 0 | K8: 500 | L8: 500 | M8: 10 | N8: =IF(C8="Market",3000,0) -> 0 | O8: =IF(C8="Market",0.374,0.375) -> 0.375 | P8: 5 | Q8: 5 | R8: 5.2 | S8: 5.2 | T8: 5.4 | U8: 5.4 | V8: 5 | W8: 5 | X8: 100 | Y8: 0 | Z8: 0 | AA8: =M8 -> 10 | AB8: 0 | AC8: =O8 -> 0.375 | AD8: =P8 -> 5 | AE8: =Q8 -> 5 | AF8: =R8 -> 5.2 | AG8: =S8 -> 5.2 | AH8: =T8 -> 5.4 | AI8: =U8 -> 5.4
A9: 7 | B9: BRAGE-T | D9: 3.0378255 | E9: 60.543329 | F9: Los | G9: 5 | H9: 5 | I9: =SUMIFS(ProductionCapacities!$F$2:$F$51,ProductionCapacities!$E$2:$E$51,Nodes!B9) -> 0 | J9: 48.065 | K9: 500 | L9: 500 | M9: 10 | N9: =IF(C9="Market",3000,0) -> 0 | O9: =IF(C9="Market",0.374,0.375) -> 0.375 | P9: 5 | Q9: 5 | R9: 5.2 | S9: 5.2 | T9: 5.4 | U9: 5.4 | V9: 5 | W9: 5 | X9: 100 | Y9: 0 | Z9: 0 | AA9: =M9 -> 10 | AB9: 0 | AC9: =O9 -> 0.375 | AD9: =P9 -> 5 | AE9: =Q9 -> 5 | AF9: =R9 -> 5.2 | AG9: =S9 -> 5.2 | AH9: =T9 -> 5.4 | AI9: =U9 -> 5.4
A10: 8 | B10: CATS PLATFORM | D10: 1.803328 | E10: 57.758069 | G10: 5 | H10: 5 | I10: 48 | J10: 1282.342 | K10: 500 | L10: 500 | M10: 10 | N10: =IF(C10="Market",3000,0) -> 0 | O10: =IF(C10="Market",0.374,0.375) -> 0.375 | P10: 5 | Q10: 5 | R10: 5.2 | S10: 5.2 | T10: 5.4 | U10: 5.4 | V10: 5 | W10: 5 | X10: 100 | Y10: 0 | Z10: 0 | AA10: =M10 -> 10 | AB10: 0 | AC10: =O10 -> 0.375 | AD10: =P10 -> 5 | AE10: =Q10 -> 5 | AF10: =R10 -> 5.2 | AG10: =S10 -> 5.2 | AH10: =T10 -> 5.4 | AI10: =U10 -> 5.4
A11: 9 | B11: Denmark 1 | D11: 8.4073 | E11: 55.745 | G11: 5 | H11: 5 | I11: =SUMIFS(ProductionCapacities!$F$2:$F$51,ProductionCapacities!$E$2:$E$51,Nodes!B11) -> 0 | J11: 0 | K11: 500 | L11: 500 | M11: 10 | N11: =IF(C11="Market",3000,0) -> 0 | O11: =IF(C11="Market",0.374,0.375) -> 0.375 | P11: 5 | Q11: 5 | R11: 5.2 | S11: 5.2 | T11: 5.4 | U11: 5.4 | V11: 5 | W11: 5 | X11: 100 | Y11: 0 | Z11: 0 | AA11: =M11 -> 10 | AB11: 0 | AC11: =O11 -> 0.375 | AD11: =P11 -> 5 | AE11: =Q11 -> 5 | AF11: =R11 -> 5.2 | AG11: =S11 -> 5.2 | AH11: =T11 -> 5.4 | AI11: =U11 -> 5.4
A12: 10 | B12: Denmark 2 | D12: 9.3108 | E12: 55.617 | G12: 5 | H12: 5 | I12: =SUMIFS(ProductionCapacities!$F$2:$F$51,ProductionCapacities!$E$2:$E$51,Nodes!B12) -> 0 | J12: 0 | K12: 500 | L12: 500 | M12: 10 | N12: =IF(C12="Market",3000,0) -> 0 | O12: =IF(C12="Market",0.374,0.375) -> 0.375 | P12: 5 | Q12: 5 | R12: 5.2 | S12: 5.2 | T12: 5.4 | U12: 5.4 | V12: 5 | W12: 5 | X12: 100 | Y12: 0 | Z12: 0 | AA12: =M12 -> 10 | AB12: 0 | AC12: =O12 -> 0.375 | AD12: =P12 -> 5 | AE12: =Q12 -> 5 | AF12: =R12 -> 5.2 | AG12: =S12 -> 5.2 | AH12: =T12 -> 5.4 | AI12: =U12 -> 5.4
A13: 11 | B13: Denmark 3 | D13: 10.7951 | E13: 55.287 | G13: 5 | H13: 5 | I13: =SUMIFS(ProductionCapacities!$F$2:$F$51,ProductionCapacities!$E$2:$E$51,Nodes!B13) -> 0 | J13: 0 | K13: 500 | L13: 500 | M13: 10 | N13: =IF(C13="Market",3000,0) -> 0 | O13: =IF(C13="Market",0.374,0.375) -> 0.375 | P13: 5 | Q13: 5 | R13: 5.2 | S13: 5.2 | T13: 5.4 | U13: 5.4 | V13: 5 | W13: 5 | X13: 100 | Y13: 0 | Z13: 0 | AA13: =M13 -> 10 | AB13: 0 | AC13: =O13 -> 0.375 | AD13: =P13 -> 5 | AE13: =Q13 -> 5 | AF13: =R13 -> 5.2 | AG13: =S13 -> 5.2 | AH13: =T13 -> 5.4 | AI13: =U13 -> 5.4
A14: 12 | B14: Denmark 4 | D14: 11.2102 | E14: 55.389 | G14: 5 | H14: 5 | I14: =SUMIFS(ProductionCapacities!$F$2:$F$51,ProductionCapacities!$E$2:$E$51,Nodes!B14) -> 0 | J14: 0 | K14: 500 | L14: 500 | M14: 10 | N14: =IF(C14="Market",3000,0) -> 0 | O14: =IF(C14="Market",0.374,0.375) -> 0.375 | P14: 5 | Q14: 5 | R14: 5.2 | S14: 5.2 | T14: 5.4 | U14: 5.4 | V14: 5 | W14: 5 | X14: 100 | Y14: 0 | Z14: 0 | AA14: =M14 -> 10 | AB14: 0 | AC14: =O14 -> 0.375 | AD14: =P14 -> 5 | AE14: =Q14 -> 5 | AF14: =R14 -> 5.2 | AG14: =S14 -> 5.2 | AH14: =T14 -> 5.4 | AI14: =U14 -> 5.4
A15: 13 | B15: DRAUGEN | D15: 6.441258 | E15: 64.233255 | F15: Los | G15: 5 | H15: 5 | I15: =SUMIFS(ProductionCapacities!$F$2:$F$51,ProductionCapacities!$E$2:$E$51,Nodes!B15) -> 0.010191781 | J15: 48.065 | K15: 500 | L15: 500 | M15: 10 | N15: =IF(C15="Market",3000,0) -> 0 | O15: =IF(C15="Market",0.374,0.375) -> 0.375 | P15: 5 | Q15: 5 | R15: 5.2 | S15: 5.2 | T15: 5.4 | U15: 5.4 | V15: 5 | W15: 5 | X15: 100 | Y15: 0 | Z15: 0 | AA15: =M15 -> 10 | AB15: 0 | AC15: =O15 -> 0.375 | AD15: =P15 -> 5 | AE15: =Q15 -> 5 | AF15: =R15 -> 5.2 | AG15: =S15 -> 5.2 | AH15: =T15 -> 5.4 | AI15: =U15 -> 5.4
A16: 14 | B16: DRAUGEN T | D16: 7.7910261 | E16: 64.350568 | G16: 5 | H16: 5 | I16: =SUMIFS(ProductionCapacities!$F$2:$F$51,ProductionCapacities!$E$2:$E$51,Nodes!B16) -> 0 | J16: 48.065 | K16: 500 | L16: 500 | M16: 10 | N16: =IF(C16="Market",3000,0) -> 0 | O16: =IF(C16="Market",0.374,0.375) -> 0.375 | P16: 5 | Q16: 5 | R16: 5.2 | S16: 5.2 | T16: 5.4 | U16: 5.4 | V16: 5 | W16: 5 | X16: 100 | Y16: 0 | Z16: 0 | AA16: =M16 -> 10 | AB16: 0 | AC16: =O16 -> 0.375 | AD16: =P16 -> 5 | AE16: =Q16 -> 5 | AF16: =R16 -> 5.2 | AG16: =S16 -> 5.2 | AH16: =T16 -> 5.4 | AI16: =U16 -> 5.4
A17: 15 | B17: DRAUPNER E | D17: 2.4644042 | E17: 58.188149 | G17: 5 | H17: 5 | I17: =SUMIFS(ProductionCapacities!$F$2:$F$51,ProductionCapacities!$E$2:$E$51,Nodes!B17) -> 0 | J17: 0 | K17: 500 | L17: 500 | M17: 10 | N17: =IF(C17="Market",3000,0) -> 0 | O17: =IF(C17="Market",0.374,0.375) -> 0.375 | P17: 5 | Q17: 5 | R17: 5.2 | S17: 5.2 | T17: 5.4 | U17: 5.4 | V17: 5 | W17: 5 | X17: 100 | Y17: 0 | Z17: 0 | AA17: =M17 -> 10 | AB17: 0 | AC17: =O17 -> 0.375 | AD17: =P17 -> 5 | AE17: =Q17 -> 5 | AF17: =R17 -> 5.2 | AG17: =S17 -> 5.2 | AH17: =T17 -> 5.4 | AI17: =U17 -> 5.4
A18: 16 | B18: DRAUPNER S | D18: 2.473733 | E18: 58.184409 | G18: 5 | H18: 5 | I18: =SUMIFS(ProductionCapacities!$F$2:$F$51,ProductionCapacities!$E$2:$E$51,Nodes!B18) -> 0 | J18: 0 | K18: 500 | L18: 500 | M18: 10 | N18: =IF(C18="Market",3000,0) -> 0 | O18: =IF(C18="Market",0.374,0.375) -> 0.375 | P18: 5 | Q18: 5 | R18: 5.2 | S18: 5.2 | T18: 5.4 | U18: 5.4 | V18: 5 | W18: 5 | X18: 100 | Y18: 0 | Z18: 0 | AA18: =M18 -> 10 | AB18: 0 | AC18: =O18 -> 0.375 | AD18: =P18 -> 5 | AE18: =Q18 -> 5 | AF18: =R18 -> 5.2 | AG18: =S18 -> 5.2 | AH18: =T18 -> 5.4 | AI18: =U18 -> 5.4
A19: 17 | B19: DUNKERQUE | C19: Market | D19: 2.252709 | E19: 51.046406 | G19: 5 | H19: 5 | I19: =SUMIFS(ProductionCapacities!$F$2:$F$51,ProductionCapacities!$E$2:$E$51,Nodes!B19) -> 0 | J19: 1214.6 | K19: 500 | L19: 500 | M19: 10 | N19: =IF(C19="Market",3000,0) -> 3000 | O19: =IF(C19="Market",0.374,0.375) -> 0.374 | P19: 5 | Q19: 5 | R19: 5.2 | S19: 5.2 | T19: 5.4 | U19: 5.4 | V19: 5 | W19: 5 | X19: 100 | Y19: 0 | Z19: 0 | AA19: =M19 -> 10 | AB19: 0 | AC19: =O19 -> 0.374 | AD19: =P19 -> 5 | AE19: =Q19 -> 5 | AF19: =R19 -> 5.2 | AG19: =S19 -> 5.2 | AH19: =T19 -> 5.4 | AI19: =U19 -> 5.4
A20: 18 | B20: EASINGTON | C20: Market | D20: 0.116031 | E20: 53.659231 | G20: 5 | H20: 5 | I20: =SUMIFS(ProductionCapacities!$F$2:$F$51,ProductionCapacities!$E$2:$E$51,Nodes!B20) -> 0 | J20: 0 | K20: 500 | L20: 500 | M20: 10 | N20: =IF(C20="Market",3000,0) -> 3000 | O20: =IF(C20="Market",0.374,0.375) -> 0.374 | P20: 5 | Q20: 5 | R20: 5.2 | S20: 5.2 | T20: 5.4 | U20: 5.4 | V20: 5 | W20: 5 | X20: 100 | Y20: 0 | Z20: 0 | AA20: =M20 -> 10 | AB20: 0 | AC20: =O20 -> 0.374 | AD20: =P20 -> 5 | AE20: =Q20 -> 5 | AF20: =R20 -> 5.2 | AG20: =S20 -> 5.2 | AH20: =T20 -> 5.4 | AI20: =U20 -> 5.4
A21: 19 | B21: EDVARD GRIEG | D21: 1.3911371 | E21: 59.477978 | F21: Los | G21: 5 | H21: 5 | I21: =SUMIFS(ProductionCapacities!$F$2:$F$51,ProductionCapacities!$E$2:$E$51,Nodes!B21) -> 4.0645178 | J21: 48.065 | K21: 500 | L21: 500 | M21: 10 | N21: =IF(C21="Market",3000,0) -> 0 | O21: =IF(C21="Market",0.374,0.375) -> 0.375 | P21: 5 | Q21: 5 | R21: 5.2 | S21: 5.2 | T21: 5.4 | U21: 5.4 | V21: 5 | W21: 5 | X21: 100 | Y21: 0 | Z21: 0 | AA21: =M21 -> 10 | AB21: 0 | AC21: =O21 -> 0.375 | AD21: =P21 -> 5 | AE21: =Q21 -> 5 | AF21: =R21 -> 5.2 | AG21: =S21 -> 5.2 | AH21: =T21 -> 5.4 | AI21: =U21 -> 5.4
A22: 20 | B22: EKOFISK J | D22: 3.23 | E22: 56.55 | G22: 5 | H22: 5 | I22: =SUMIFS(ProductionCapacities!$F$2:$F$51,ProductionCapacities!$E$2:$E$51,Nodes!B22) -> 3.8482712 | J22: 578.785 | K22: 500 | L22: 500 | M22: 10 | N22: =IF(C22="Market",3000,0) -> 0 | O22: =IF(C22="Market",0.374,0.375) -> 0.375 | P22: 5 | Q22: 5 | R22: 5.2 | S22: 5.2 | T22: 5.4 | U22: 5.4 | V22: 5 | W22: 5 | X22: 100 | Y22: 0 | Z22: 0 | AA22: =M22 -> 10 | AB22: 0 | AC22: =O22 -> 0.375 | AD22: =P22 -> 5 | AE22: =Q22 -> 5 | AF22: =R22 -> 5.2 | AG22: =S22 -> 5.2 | AH22: =T22 -> 5.4 | AI22: =U22 -> 5.4
A23: 21 | B23: DORNUM | C23: Market | D23: 7.32642 | E23: 53.6797 | G23: 5 | H23: 5 | I23: =SUMIFS(ProductionCapacities!$F$2:$F$51,ProductionCapacities!$E$2:$E$51,Nodes!B23) -> 0 | J23: 0 | K23: 500 | L23: 500 | M23: 10 | N23: =IF(C23="Market",3000,0) -> 3000 | O23: =IF(C23="Market",0.374,0.375) -> 0.374 | P23: 5 | Q23: 5 | R23: 5.2 | S23: 5.2 | T23: 5.4 | U23: 5.4 | V23: 5 | W23: 5 | X23: 100 | Y23: 0 | Z23: 0 | AA23: =M23 -> 10 | AB23: 0 | AC23: =O23 -> 0.374 | AD23: =P23 -> 5 | AE23: =Q23 -> 5 | AF23: =R23 -> 5.2 | AG23: =S23 -> 5.2 | AH23: =T23 -> 5.4 | AI23: =U23 -> 5.4
A24: 22 | B24: EMDEN | C24: Market | D24: 7.18929 | E24: 53.3462 | G24: 5 | H24: 5 | I24: =SUMIFS(ProductionCapacities!$F$2:$F$51,ProductionCapacities!$E$2:$E$51,Nodes!B24) -> 0 | J24: 0 | K24: 500 | L24: 500 | M24: 10 | N24: =IF(C24="Market",3000,0) -> 3000 | O24: =IF(C24="Market",0.374,0.375) -> 0.374 | P24: 5 | Q24: 5 | R24: 5.2 | S24: 5.2 | T24: 5.4 | U24: 5.4 | V24: 5 | W24: 5 | X24: 100 | Y24: 0 | Z24: 0 | AA24: =M24 -> 10 | AB24: 0 | AC24: =O24 -> 0.374 | AD24: =P24 -> 5 | AE24: =Q24 -> 5 | AF24: =R24 -> 5.2 | AG24: =S24 -> 5.2 | AH24: =T24 -> 5.4 | AI24: =U24 -> 5.4
A25: 23 | B25: EUROPIPE-SCP | D25: 4.222622 | E25: 55.706969 | G25: 5 | H25: 5 | I25: =SUMIFS(ProductionCapacities!$F$2:$F$51,ProductionCapacities!$E$2:$E$51,Nodes!B25) -> 0 | J25: 0 | K25: 500 | L25: 500 | M25: 10 | N25: =IF(C25="Market",3000,0) -> 0 | O25: =IF(C25="Market",0.374,0.375) -> 0.375 | P25: 5 | Q25: 5 | R25: 5.2 | S25: 5.2 | T25: 5.4 | U25: 5.4 | V25: 5 | W25: 5 | X25: 100 | Y25: 0 | Z25: 0 | AA25: =M25 -> 10 | AB25: 0 | AC25: =O25 -> 0.375 | AD25: =P25 -> 5 | AE25: =Q25 -> 5 | AF25: =R25 -> 5.2 | AG25: =S25 -> 5.2 | AH25: =T25 -> 5.4 | AI25: =U25 -> 5.4
A26: 24 | B26: FLAGS-T | D26: 1.7001891 | E26: 61.022018 | G26: 5 | H26: 5 | I26: =SUMIFS(ProductionCapacities!$F$2:$F$51,ProductionCapacities!$E$2:$E$51,Nodes!B26) -> 0 | J26: 0 | K26: 500 | L26: 500 | M26: 10 | N26: =IF(C26="Market",3000,0) -> 0 | O26: =IF(C26="Market",0.374,0.375) -> 0.375 | P26: 5 | Q26: 5 | R26: 5.2 | S26: 5.2 | T26: 5.4 | U26: 5.4 | V26: 5 | W26: 5 | X26: 100 | Y26: 0 | Z26: 0 | AA26: =M26 -> 10 | AB26: 0 | AC26: =O26 -> 0.375 | AD26: =P26 -> 5 | AE26: =Q26 -> 5 | AF26: =R26 -> 5.2 | AG26: =S26 -> 5.2 | AH26: =T26 -> 5.4 | AI26: =U26 -> 5.4
A27: 25 | B27: FRIGG TP1-Y | D27: 2.0113877 | E27: 60.502035 | F27: Los | G27: 5 | H27: 5 | I27: =SUMIFS(ProductionCapacities!$F$2:$F$51,ProductionCapacities!$E$2:$E$51,Nodes!B27) -> 0 | J27: 0 | K27: 500 | L27: 500 | M27: 10 | N27: =IF(C27="Market",3000,0) -> 0 | O27: =IF(C27="Market",0.374,0.375) -> 0.375 | P27: 5 | Q27: 5 | R27: 5.2 | S27: 5.2 | T27: 5.4 | U27: 5.4 | V27: 5 | W27: 5 | X27: 100 | Y27: 0 | Z27: 0 | AA27: =M27 -> 10 | AB27: 0 | AC27: =O27 -> 0.375 | AD27: =P27 -> 5 | AE27: =Q27 -> 5 | AF27: =R27 -> 5.2 | AG27: =S27 -> 5.2 | AH27: =T27 -> 5.4 | AI27: =U27 -> 5.4
A28: 26 | B28: GJoA | D28: 1.6999853 | E28: 61.020798 | F28: Los | G28: 5 | H28: 5 | I28: =SUMIFS(ProductionCapacities!$F$2:$F$51,ProductionCapacities!$E$2:$E$51,Nodes!B28) -> 10.738132 | J28: 2588.081 | K28: 500 | L28: 500 | M28: 10 | N28: =IF(C28="Market",3000,0) -> 0 | O28: =IF(C28="Market",0.374,0.375) -> 0.375 | P28: 5 | Q28: 5 | R28: 5.2 | S28: 5.2 | T28: 5.4 | U28: 5.4 | V28: 5 | W28: 5 | X28: 100 | Y28: 0 | Z28: 0 | AA28: =M28 -> 10 | AB28: 0 | AC28: =O28 -> 0.375 | AD28: =P28 -> 5 | AE28: =Q28 -> 5 | AF28: =R28 -> 5.2 | AG28: =S28 -> 5.2 | AH28: =T28 -> 5.4 | AI28: =U28 -> 5.4
A29: 27 | B29: GJoA-T | D29: 3.9049898 | E29: 61.330194 | F29: Los | G29: 5 | H29: 5 | I29: =SUMIFS(ProductionCapacities!$F$2:$F$51,ProductionCapacities!$E$2:$E$51,Nodes!B29) -> 0 | J29: 2588.081 | K29: 500 | L29: 500 | M29: 10 | N29: =IF(C29="Market",3000,0) -> 0 | O29: =IF(C29="Market",0.374,0.375) -> 0.375 | P29: 5 | Q29: 5 | R29: 5.2 | S29: 5.2 | T29: 5.4 | U29: 5.4 | V29: 5 | W29: 5 | X29: 100 | Y29: 0 | Z29: 0 | AA29: =M29 -> 10 | AB29: 0 | AC29: =O29 -> 0.375 | AD29: =P29 -> 5 | AE29: =Q29 -> 5 | AF29: =R29 -> 5.2 | AG29: =S29 -> 5.2 | AH29: =T29 -> 5.4 | AI29: =U29 -> 5.4
A30: 28 | B30: GRANE | D30: 2.4873353 | E30: 59.169726 | G30: 5 | H30: 5 | I30: =SUMIFS(ProductionCapacities!$F$2:$F$51,ProductionCapacities!$E$2:$E$51,Nodes!B30) -> 0 | J30: 48.065 | K30: 500 | L30: 500 | M30: 10 | N30: =IF(C30="Market",3000,0) -> 0 | O30: =IF(C30="Market",0.374,0.375) -> 0.375 | P30: 5 | Q30: 5 | R30: 5.2 | S30: 5.2 | T30: 5.4 | U30: 5.4 | V30: 5 | W30: 5 | X30: 100 | Y30: 0 | Z30: 0 | AA30: =M30 -> 10 | AB30: 0 | AC30: =O30 -> 0.375 | AD30: =P30 -> 5 | AE30: =Q30 -> 5 | AF30: =R30 -> 5.2 | AG30: =S30 -> 5.2 | AH30: =T30 -> 5.4 | AI30: =U30 -> 5.4
A31: 29 | B31: GUDRUN | D31: 1.7504701 | E31: 58.842411 | G31: 5 | H31: 5 | I31: =SUMIFS(ProductionCapacities!$F$2:$F$51,ProductionCapacities!$E$2:$E$51,Nodes!B31) -> 0 | J31: 667.002 | K31: 500 | L31: 500 | M31: 10 | N31: =IF(C31="Market",3000,0) -> 0 | O31: =IF(C31="Market",0.374,0.375) -> 0.375 | P31: 5 | Q31: 5 | R31: 5.2 | S31: 5.2 | T31: 5.4 | U31: 5.4 | V31: 5 | W31: 5 | X31: 100 | Y31: 0 | Z31: 0 | AA31: =M31 -> 10 | AB31: 0 | AC31: =O31 -> 0.375 | AD31: =P31 -> 5 | AE31: =Q31 -> 5 | AF31: =R31 -> 5.2 | AG31: =S31 -> 5.2 | AH31: =T31 -> 5.4 | AI31: =U31 -> 5.4
A32: 30 | B32: H-7 BP | D32: 6.0406336 | E32: 54.505801 | G32: 5 | H32: 5 | I32: =SUMIFS(ProductionCapacities!$F$2:$F$51,ProductionCapacities!$E$2:$E$51,Nodes!B32) -> 0 | J32: 0 | K32: 500 | L32: 500 | M32: 10 | N32: =IF(C32="Market",3000,0) -> 0 | O32: =IF(C32="Market",0.374,0.375) -> 0.375 | P32: 5 | Q32: 5 | R32: 5.2 | S32: 5.2 | T32: 5.4 | U32: 5.4 | V32: 5 | W32: 5 | X32: 100 | Y32: 0 | Z32: 0 | AA32: =M32 -> 10 | AB32: 0 | AC32: =O32 -> 0.375 | AD32: =P32 -> 5 | AE32: =Q32 -> 5 | AF32: =R32 -> 5.2 | AG32: =S32 -> 5.2 | AH32: =T32 -> 5.4 | AI32: =U32 -> 5.4
A33: 31 | B33: HEIDRUN | D33: 7.3202454 | E33: 65.3215 | F33: Los | G33: 5 | H33: 5 | I33: =SUMIFS(ProductionCapacities!$F$2:$F$51,ProductionCapacities!$E$2:$E$51,Nodes!B33) -> 4.2217397 | J33: 1214.6 | K33: 500 | L33: 500 | M33: 10 | N33: =IF(C33="Market",3000,0) -> 0 | O33: =IF(C33="Market",0.374,0.375) -> 0.375 | P33: 5 | Q33: 5 | R33: 5.2 | S33: 5.2 | T33: 5.4 | U33: 5.4 | V33: 5 | W33: 5 | X33: 100 | Y33: 0 | Z33: 0 | AA33: =M33 -> 10 | AB33: 0 | AC33: =O33 -> 0.375 | AD33: =P33 -> 5 | AE33: =Q33 -> 5 | AF33: =R33 -> 5.2 | AG33: =S33 -> 5.2 | AH33: =T33 -> 5.4 | AI33: =U33 -> 5.4
A34: 32 | B34: HEIMDAL | D34: 2.2345226 | E34: 59.570738 | G34: 5 | H34: 5 | I34: =SUMIFS(ProductionCapacities!$F$2:$F$51,ProductionCapacities!$E$2:$E$51,Nodes!B34) -> 0.072424658 | J34: 1329.308 | K34: 500 | L34: 500 | M34: 10 | N34: =IF(C34="Market",3000,0) -> 0 | O34: =IF(C34="Market",0.374,0.375) -> 0.375 | P34: 5 | Q34: 5 | R34: 5.2 | S34: 5.2 | T34: 5.4 | U34: 5.4 | V34: 5 | W34: 5 | X34: 100 | Y34: 0 | Z34: 0 | AA34: =M34 -> 10 | AB34: 0 | AC34: =O34 -> 0.375 | AD34: =P34 -> 5 | AE34: =Q34 -> 5 | AF34: =R34 -> 5.2 | AG34: =S34 -> 5.2 | AH34: =T34 -> 5.4 | AI34: =U34 -> 5.4
A35: 33 | B35: HEIMDAL HRP | D35: 2.2352255 | E35: 59.571075 | G35: 5 | H35: 5 | I35: =SUMIFS(ProductionCapacities!$F$2:$F$51,ProductionCapacities!$E$2:$E$51,Nodes!B35) -> 0 | J35: 1329.308 | K35: 500 | L35: 500 | M35: 10 | N35: =IF(C35="Market",3000,0) -> 0 | O35: =IF(C35="Market",0.374,0.375) -> 0.375 | P35: 5 | Q35: 5 | R35: 5.2 | S35: 5.2 | T35: 5.4 | U35: 5.4 | V35: 5 | W35: 5 | X35: 100 | Y35: 0 | Z35: 0 | AA35: =M35 -> 10 | AB35: 0 | AC35: =O35 -> 0.375 | AD35: =P35 -> 5 | AE35: =Q35 -> 5 | AF35: =R35 -> 5.2 | AG35: =S35 -> 5.2 | AH35: =T35 -> 5.4 | AI35: =U35 -> 5.4
A36: 34 | B36: JOHAN SVERDRUP RP | D36: 5.054176 | E36: 59.326808 | F36: Los | G36: 5 | H36: 5 | I36: =SUMIFS(ProductionCapacities!$F$2:$F$51,ProductionCapacities!$E$2:$E$51,Nodes!B36) -> 2.304789 | J36: 8889.595 | K36: 500 | L36: 500 | M36: 10 | N36: =IF(C36="Market",3000,0) -> 0 | O36: =IF(C36="Market",0.374,0.375) -> 0.375 | P36: 5 | Q36: 5 | R36: 5.2 | S36: 5.2 | T36: 5.4 | U36: 5.4 | V36: 5 | W36: 5 | X36: 100 | Y36: 0 | Z36: 0 | AA36: =M36 -> 10 | AB36: 0 | AC36: =O36 -> 0.375 | AD36: =P36 -> 5 | AE36: =Q36 -> 5 | AF36: =R36 -> 5.2 | AG36: =S36 -> 5.2 | AH36: =T36 -> 5.4 | AI36: =U36 -> 5.4
A37: 35 | B37: JOHAN SVERDRUP STATPIPE PLEM | D37: 2.5577715 | E37: 58.841931 | F37: Los | G37: 5 | H37: 5 | I37: =SUMIFS(ProductionCapacities!$F$2:$F$51,ProductionCapacities!$E$2:$E$51,Nodes!B37) -> 0 | J37: 8889.595 | K37: 500 | L37: 500 | M37: 10 | N37: =IF(C37="Market",3000,0) -> 0 | O37: =IF(C37="Market",0.374,0.375) -> 0.375 | P37: 5 | Q37: 5 | R37: 5.2 | S37: 5.2 | T37: 5.4 | U37: 5.4 | V37: 5 | W37: 5 | X37: 100 | Y37: 0 | Z37: 0 | AA37: =M37 -> 10 | AB37: 0 | AC37: =O37 -> 0.375 | AD37: =P37 -> 5 | AE37: =Q37 -> 5 | AF37: =R37 -> 5.2 | AG37: =S37 -> 5.2 | AH37: =T37 -> 5.4 | AI37: =U37 -> 5.4
A38: 36 | B38: KaRSTo | D38: 5.5129213 | E38: 59.272116 | G38: 5 | H38: 5 | I38: =SUMIFS(ProductionCapacities!$F$2:$F$51,ProductionCapacities!$E$2:$E$51,Nodes!B38) -> 0 | J38: 0 | K38: 500 | L38: 500 | M38: 10 | N38: =IF(C38="Market",3000,0) -> 0 | O38: =IF(C38="Market",0.374,0.375) -> 0.375 | P38: 5 | Q38: 5 | R38: 5.2 | S38: 5.2 | T38: 5.4 | U38: 5.4 | V38: 5 | W38: 5 | X38: 100 | Y38: 0 | Z38: 0 | AA38: =M38 -> 10 | AB38: 0 | AC38: =O38 -> 0.375 | AD38: =P38 -> 5 | AE38: =Q38 -> 5 | AF38: =R38 -> 5.2 | AG38: =S38 -> 5.2 | AH38: =T38 -> 5.4 | AI38: =U38 -> 5.4
A39: 37 | B39: KOLLSNES | D39: 4.838597 | E39: 60.545348 | G39: 5 | H39: 5 | I39: =SUMIFS(ProductionCapacities!$F$2:$F$51,ProductionCapacities!$E$2:$E$51,Nodes!B39) -> 0 | J39: 0 | K39: 500 | L39: 500 | M39: 10 | N39: =IF(C39="Market",3000,0) -> 0 | O39: =IF(C39="Market",0.374,0.375) -> 0.375 | P39: 5 | Q39: 5 | R39: 5.2 | S39: 5.2 | T39: 5.4 | U39: 5.4 | V39: 5 | W39: 5 | X39: 100 | Y39: 0 | Z39: 0 | AA39: =M39 -> 10 | AB39: 0 | AC39: =O39 -> 0.375 | AD39: =P39 -> 5 | AE39: =Q39 -> 5 | AF39: =R39 -> 5.2 | AG39: =S39 -> 5.2 | AH39: =T39 -> 5.4 | AI39: =U39 -> 5.4
A40: 38 | B40: KVITEBJoRN | D40: 2.5070781 | E40: 61.077582 | G40: 5 | H40: 5 | I40: =SUMIFS(ProductionCapacities!$F$2:$F$51,ProductionCapacities!$E$2:$E$51,Nodes!B40) -> 26.032537 | J40: 508.403 | K40: 500 | L40: 500 | M40: 10 | N40: =IF(C40="Market",3000,0) -> 0 | O40: =IF(C40="Market",0.374,0.375) -> 0.375 | P40: 5 | Q40: 5 | R40: 5.2 | S40: 5.2 | T40: 5.4 | U40: 5.4 | V40: 5 | W40: 5 | X40: 100 | Y40: 0 | Z40: 0 | AA40: =M40 -> 10 | AB40: 0 | AC40: =O40 -> 0.375 | AD40: =P40 -> 5 | AE40: =Q40 -> 5 | AF40: =R40 -> 5.2 | AG40: =S40 -> 5.2 | AH40: =T40 -> 5.4 | AI40: =U40 -> 5.4
A41: 39 | B41: MARTIN LINGE A | D41: 2.0175155 | E41: 59.894962 | F41: Los | G41: 5 | H41: 5 | I41: =SUMIFS(ProductionCapacities!$F$2:$F$51,ProductionCapacities!$E$2:$E$51,Nodes!B41) -> 0 | J41: 48.065 | K41: 500 | L41: 500 | M41: 10 | N41: =IF(C41="Market",3000,0) -> 0 | O41: =IF(C41="Market",0.374,0.375) -> 0.375 | P41: 5 | Q41: 5 | R41: 5.2 | S41: 5.2 | T41: 5.4 | U41: 5.4 | V41: 5 | W41: 5 | X41: 100 | Y41: 0 | Z41: 0 | AA41: =M41 -> 10 | AB41: 0 | AC41: =O41 -> 0.375 | AD41: =P41 -> 5 | AE41: =Q41 -> 5 | AF41: =R41 -> 5.2 | AG41: =S41 -> 5.2 | AH41: =T41 -> 5.4 | AI41: =U41 -> 5.4
A42: 40 | B42: MURCHISON | D42: 1.705013 | E42: 61.034477 | G42: 5 | H42: 5 | I42: =SUMIFS(ProductionCapacities!$F$2:$F$51,ProductionCapacities!$E$2:$E$51,Nodes!B42) -> 0 | J42: 68.574 | K42: 500 | L42: 500 | M42: 10 | N42: =IF(C42="Market",3000,0) -> 0 | O42: =IF(C42="Market",0.374,0.375) -> 0.375 | P42: 5 | Q42: 5 | R42: 5.2 | S42: 5.2 | T42: 5.4 | U42: 5.4 | V42: 5 | W42: 5 | X42: 100 | Y42: 0 | Z42: 0 | AA42: =M42 -> 10 | AB42: 0 | AC42: =O42 -> 0.375 | AD42: =P42 -> 5 | AE42: =Q42 -> 5 | AF42: =R42 -> 5.2 | AG42: =S42 -> 5.2 | AH42: =T42 -> 5.4 | AI42: =U42 -> 5.4
A43: 41 | B43: NORNE ERB | D43: 8.0785441 | E43: 66.029331 | F43: Los | G43: 5 | H43: 5 | I43: =SUMIFS(ProductionCapacities!$F$2:$F$51,ProductionCapacities!$E$2:$E$51,Nodes!B43) -> 1.5822603 | J43: 1041.051 | K43: 500 | L43: 500 | M43: 10 | N43: =IF(C43="Market",3000,0) -> 0 | O43: =IF(C43="Market",0.374,0.375) -> 0.375 | P43: 5 | Q43: 5 | R43: 5.2 | S43: 5.2 | T43: 5.4 | U43: 5.4 | V43: 5 | W43: 5 | X43: 100 | Y43: 0 | Z43: 0 | AA43: =M43 -> 10 | AB43: 0 | AC43: =O43 -> 0.375 | AD43: =P43 -> 5 | AE43: =Q43 -> 5 | AF43: =R43 -> 5.2 | AG43: =S43 -> 5.2 | AH43: =T43 -> 5.4 | AI43: =U43 -> 5.4
A44: 42 | B44: NORNE/HEIDRUN T | D44: 6.801461 | E44: 65.084516 | F44: Los | G44: 5 | H44: 5 | I44: =SUMIFS(ProductionCapacities!$F$2:$F$51,ProductionCapacities!$E$2:$E$51,Nodes!B44) -> 0 | J44: 1214.6 | K44: 500 | L44: 500 | M44: 10 | N44: =IF(C44="Market",3000,0) -> 0 | O44: =IF(C44="Market",0.374,0.375) -> 0.375 | P44: 5 | Q44: 5 | R44: 5.2 | S44: 5.2 | T44: 5.4 | U44: 5.4 | V44: 5 | W44: 5 | X44: 100 | Y44: 0 | Z44: 0 | AA44: =M44 -> 10 | AB44: 0 | AC44: =O44 -> 0.375 | AD44: =P44 -> 5 | AE44: =Q44 -> 5 | AF44: =R44 -> 5.2 | AG44: =S44 -> 5.2 | AH44: =T44 -> 5.4 | AI44: =U44 -> 5.4
A45: 43 | B45: NORPIPE Y | D45: 3.330503 | E45: 56.490369 | G45: 5 | H45: 5 | I45: =SUMIFS(ProductionCapacities!$F$2:$F$51,ProductionCapacities!$E$2:$E$51,Nodes!B45) -> 0 | J45: 933.855 | K45: 500 | L45: 500 | M45: 10 | N45: =IF(C45="Market",3000,0) -> 0 | O45: =IF(C45="Market",0.374,0.375) -> 0.375 | P45: 5 | Q45: 5 | R45: 5.2 | S45: 5.2 | T45: 5.4 | U45: 5.4 | V45: 5 | W45: 5 | X45: 100 | Y45: 0 | Z45: 0 | AA45: =M45 -> 10 | AB45: 0 | AC45: =O45 -> 0.375 | AD45: =P45 -> 5 | AE45: =Q45 -> 5 | AF45: =R45 -> 5.2 | AG45: =S45 -> 5.2 | AH45: =T45 -> 5.4 | AI45: =U45 -> 5.4
A46: 44 | B46: NYHAMNA | D46: 6.9457712 | E46: 62.851559 | G46: 5 | H46: 5 | I46: =SUMIFS(ProductionCapacities!$F$2:$F$51,ProductionCapacities!$E$2:$E$51,Nodes!B46) -> 0 | J46: 3093.847 | K46: 500 | L46: 500 | M46: 10 | N46: =IF(C46="Market",3000,0) -> 0 | O46: =IF(C46="Market",0.374,0.375) -> 0.375 | P46: 5 | Q46: 5 | R46: 5.2 | S46: 5.2 | T46: 5.4 | U46: 5.4 | V46: 5 | W46: 5 | X46: 100 | Y46: 0 | Z46: 0 | AA46: =M46 -> 10 | AB46: 0 | AC46: =O46 -> 0.375 | AD46: =P46 -> 5 | AE46: =Q46 -> 5 | AF46: =R46 -> 5.2 | AG46: =S46 -> 5.2 | AH46: =T46 -> 5.4 | AI46: =U46 -> 5.4
A47: 45 | B47: ORMEN LANGE A | D47: 5.3867636 | E47: 63.528082 | G47: 5 | H47: 5 | I47: =SUMIFS(ProductionCapacities!$F$2:$F$51,ProductionCapacities!$E$2:$E$51,Nodes!B47) -> 32.633767 | J47: 48.065 | K47: 500 | L47: 500 | M47: 10 | N47: =IF(C47="Market",3000,0) -> 0 | O47: =IF(C47="Market",0.374,0.375) -> 0.375 | P47: 5 | Q47: 5 | R47: 5.2 | S47: 5.2 | T47: 5.4 | U47: 5.4 | V47: 5 | W47: 5 | X47: 100 | Y47: 0 | Z47: 0 | AA47: =M47 -> 10 | AB47: 0 | AC47: =O47 -> 0.375 | AD47: =P47 -> 5 | AE47: =Q47 -> 5 | AF47: =R47 -> 5.2 | AG47: =S47 -> 5.2 | AH47: =T47 -> 5.4 | AI47: =U47 -> 5.4
A48: 46 | B48: OSEBERG D | D48: 2.8240462 | E48: 60.4869 | G48: 5 | H48: 5 | I48: =SUMIFS(ProductionCapacities!$F$2:$F$51,ProductionCapacities!$E$2:$E$51,Nodes!B48) -> 11.774099 | J48: 48.065 | K48: 500 | L48: 500 | M48: 10 | N48: =IF(C48="Market",3000,0) -> 0 | O48: =IF(C48="Market",0.374,0.375) -> 0.375 | P48: 5 | Q48: 5 | R48: 5.2 | S48: 5.2 | T48: 5.4 | U48: 5.4 | V48: 5 | W48: 5 | X48: 100 | Y48: 0 | Z48: 0 | AA48: =M48 -> 10 | AB48: 0 | AC48: =O48 -> 0.375 | AD48: =P48 -> 5 | AE48: =Q48 -> 5 | AF48: =R48 -> 5.2 | AG48: =S48 -> 5.2 | AH48: =T48 -> 5.4 | AI48: =U48 -> 5.4
A49: 47 | B49: POLAND | C49: Market | D49: 15.2599 | E49: 53.8 | G49: 5 | H49: 5 | I49: =SUMIFS(ProductionCapacities!$F$2:$F$51,ProductionCapacities!$E$2:$E$51,Nodes!B49) -> 0 | J49: 1041.051 | K49: 500 | L49: 500 | M49: 10 | N49: =IF(C49="Market",3000,0) -> 3000 | O49: =IF(C49="Market",0.374,0.375) -> 0.374 | P49: 5 | Q49: 5 | R49: 5.2 | S49: 5.2 | T49: 5.4 | U49: 5.4 | V49: 5 | W49: 5 | X49: 100 | Y49: 0 | Z49: 0 | AA49: =M49 -> 10 | AB49: 0 | AC49: =O49 -> 0.374 | AD49: =P49 -> 5 | AE49: =Q49 -> 5 | AF49: =R49 -> 5.2 | AG49: =S49 -> 5.2 | AH49: =T49 -> 5.4 | AI49: =U49 -> 5.4
A50: 48 | B50: SAGE-T | D50: 2.2541498 | E50: 58.839406 | F50: Los | G50: 5 | H50: 5 | I50: =SUMIFS(ProductionCapacities!$F$2:$F$51,ProductionCapacities!$E$2:$E$51,Nodes!B50) -> 0 | J50: 0 | K50: 500 | L50: 500 | M50: 10 | N50: =IF(C50="Market",3000,0) -> 0 | O50: =IF(C50="Market",0.374,0.375) -> 0.375 | P50: 5 | Q50: 5 | R50: 5.2 | S50: 5.2 | T50: 5.4 | U50: 5.4 | V50: 5 | W50: 5 | X50: 100 | Y50: 0 | Z50: 0 | AA50: =M50 -> 10 | AB50: 0 | AC50: =O50 -> 0.375 | AD50: =P50 -> 5 | AE50: =Q50 -> 5 | AF50: =R50 -> 5.2 | AG50: =S50 -> 5.2 | AH50: =T50 -> 5.4 | AI50: =U50 -> 5.4
A51: 49 | B51: SKARV ERB | D51: 7.6558328 | E51: 65.693744 | F51: Los | G51: 5 | H51: 5 | I51: =SUMIFS(ProductionCapacities!$F$2:$F$51,ProductionCapacities!$E$2:$E$51,Nodes!B51) -> 8.8860904 | J51: 48.065 | K51: 500 | L51: 500 | M51: 10 | N51: =IF(C51="Market",3000,0) -> 0 | O51: =IF(C51="Market",0.374,0.375) -> 0.375 | P51: 5 | Q51: 5 | R51: 5.2 | S51: 5.2 | T51: 5.4 | U51: 5.4 | V51: 5 | W51: 5 | X51: 100 | Y51: 0 | Z51: 0 | AA51: =M51 -> 10 | AB51: 0 | AC51: =O51 -> 0.375 | AD51: =P51 -> 5 | AE51: =Q51 -> 5 | AF51: =R51 -> 5.2 | AG51: =S51 -> 5.2 | AH51: =T51 -> 5.4 | AI51: =U51 -> 5.4
A52: 50 | B52: SLEIPNER A | D52: 1.8987659 | E52: 58.370534 | G52: 5 | H52: 5 | I52: =SUMIFS(ProductionCapacities!$F$2:$F$51,ProductionCapacities!$E$2:$E$51,Nodes!B52) -> 10.928874 | J52: 291.71 | K52: 500 | L52: 500 | M52: 10 | N52: =IF(C52="Market",3000,0) -> 0 | O52: =IF(C52="Market",0.374,0.375) -> 0.375 | P52: 5 | Q52: 5 | R52: 5.2 | S52: 5.2 | T52: 5.4 | U52: 5.4 | V52: 5 | W52: 5 | X52: 100 | Y52: 0 | Z52: 0 | AA52: =M52 -> 10 | AB52: 0 | AC52: =O52 -> 0.375 | AD52: =P52 -> 5 | AE52: =Q52 -> 5 | AF52: =R52 -> 5.2 | AG52: =S52 -> 5.2 | AH52: =T52 -> 5.4 | AI52: =U52 -> 5.4
A53: 51 | B53: SLEIPNER R | D53: 1.9158664 | E53: 58.364944 | G53: 5 | H53: 5 | I53: =SUMIFS(ProductionCapacities!$F$2:$F$51,ProductionCapacities!$E$2:$E$51,Nodes!B53) -> 0 | J53: 1.974 | K53: 500 | L53: 500 | M53: 10 | N53: =IF(C53="Market",3000,0) -> 0 | O53: =IF(C53="Market",0.374,0.375) -> 0.375 | P53: 5 | Q53: 5 | R53: 5.2 | S53: 5.2 | T53: 5.4 | U53: 5.4 | V53: 5 | W53: 5 | X53: 100 | Y53: 0 | Z53: 0 | AA53: =M53 -> 10 | AB53: 0 | AC53: =O53 -> 0.375 | AD53: =P53 -> 5 | AE53: =Q53 -> 5 | AF53: =R53 -> 5.2 | AG53: =S53 -> 5.2 | AH53: =T53 -> 5.4 | AI53: =U53 -> 5.4
A54: 52 | B54: ST.FERGUS | C54: Market | D54: -1.825651 | E54: 57.579971 | G54: 5 | H54: 5 | I54: =SUMIFS(ProductionCapacities!$F$2:$F$51,ProductionCapacities!$E$2:$E$51,Nodes!B54) -> 0 | J54: 0 | K54: 500 | L54: 500 | M54: 10 | N54: =IF(C54="Market",3000,0) -> 3000 | O54: =IF(C54="Market",0.374,0.375) -> 0.374 | P54: 5 | Q54: 5 | R54: 5.2 | S54: 5.2 | T54: 5.4 | U54: 5.4 | V54: 5 | W54: 5 | X54: 100 | Y54: 0 | Z54: 0 | AA54: =M54 -> 10 | AB54: 0 | AC54: =O54 -> 0.374 | AD54: =P54 -> 5 | AE54: =Q54 -> 5 | AF54: =R54 -> 5.2 | AG54: =S54 -> 5.2 | AH54: =T54 -> 5.4 | AI54: =U54 -> 5.4
A55: 53 | B55: STAT-SSTC | D55: 1.845936 | E55: 61.18583 | G55: 5 | H55: 5 | I55: =SUMIFS(ProductionCapacities!$F$2:$F$51,ProductionCapacities!$E$2:$E$51,Nodes!B55) -> 0 | J55: 0 | K55: 500 | L55: 500 | M55: 10 | N55: =IF(C55="Market",3000,0) -> 0 | O55: =IF(C55="Market",0.374,0.375) -> 0.375 | P55: 5 | Q55: 5 | R55: 5.2 | S55: 5.2 | T55: 5.4 | U55: 5.4 | V55: 5 | W55: 5 | X55: 100 | Y55: 0 | Z55: 0 | AA55: =M55 -> 10 | AB55: 0 | AC55: =O55 -> 0.375 | AD55: =P55 -> 5 | AE55: =Q55 -> 5 | AF55: =R55 -> 5.2 | AG55: =S55 -> 5.2 | AH55: =T55 -> 5.4 | AI55: =U55 -> 5.4
A56: 54 | B56: STATFJORD B | D56: 1.8315258 | E56: 61.202445 | G56: 5 | H56: 5 | I56: =SUMIFS(ProductionCapacities!$F$2:$F$51,ProductionCapacities!$E$2:$E$51,Nodes!B56) -> 16.026748 | J56: 0 | K56: 500 | L56: 500 | M56: 10 | N56: =IF(C56="Market",3000,0) -> 0 | O56: =IF(C56="Market",0.374,0.375) -> 0.375 | P56: 5 | Q56: 5 | R56: 5.2 | S56: 5.2 | T56: 5.4 | U56: 5.4 | V56: 5 | W56: 5 | X56: 100 | Y56: 0 | Z56: 0 | AA56: =M56 -> 10 | AB56: 0 | AC56: =O56 -> 0.375 | AD56: =P56 -> 5 | AE56: =Q56 -> 5 | AF56: =R56 -> 5.2 | AG56: =S56 -> 5.2 | AH56: =T56 -> 5.4 | AI56: =U56 -> 5.4
A57: 55 | B57: TEESSIDE | C57: Market | D57: -1.104584 | E57: 54.6246 | G57: 5 | H57: 5 | I57: =SUMIFS(ProductionCapacities!$F$2:$F$51,ProductionCapacities!$E$2:$E$51,Nodes!B57) -> 0 | J57: 222.233 | K57: 500 | L57: 500 | M57: 10 | N57: =IF(C57="Market",3000,0) -> 3000 | O57: =IF(C57="Market",0.374,0.375) -> 0.374 | P57: 5 | Q57: 5 | R57: 5.2 | S57: 5.2 | T57: 5.4 | U57: 5.4 | V57: 5 | W57: 5 | X57: 100 | Y57: 0 | Z57: 0 | AA57: =M57 -> 10 | AB57: 0 | AC57: =O57 -> 0.374 | AD57: =P57 -> 5 | AE57: =Q57 -> 5 | AF57: =R57 -> 5.2 | AG57: =S57 -> 5.2 | AH57: =T57 -> 5.4 | AI57: =U57 -> 5.4
A58: 56 | B58: TJELDBERGODDEN | D58: 8.6582155 | E58: 63.398891 | F58: Los | G58: 5 | H58: 5 | I58: =SUMIFS(ProductionCapacities!$F$2:$F$51,ProductionCapacities!$E$2:$E$51,Nodes!B58) -> 0 | J58: 0 | K58: 500 | L58: 500 | M58: 10 | N58: =IF(C58="Market",3000,0) -> 0 | O58: =IF(C58="Market",0.374,0.375) -> 0.375 | P58: 5 | Q58: 5 | R58: 5.2 | S58: 5.2 | T58: 5.4 | U58: 5.4 | V58: 5 | W58: 5 | X58: 100 | Y58: 0 | Z58: 0 | AA58: =M58 -> 10 | AB58: 0 | AC58: =O58 -> 0.375 | AD58: =P58 -> 5 | AE58: =Q58 -> 5 | AF58: =R58 -> 5.2 | AG58: =S58 -> 5.2 | AH58: =T58 -> 5.4 | AI58: =U58 -> 5.4
A59: 57 | B59: TROLL A | D59: 4.83583 | E59: 60.550175 | G59: 5 | H59: 5 | I59: =SUMIFS(ProductionCapacities!$F$2:$F$51,ProductionCapacities!$E$2:$E$51,Nodes!B59) -> 99.237737 | J59: 2628.125 | K59: 500 | L59: 500 | M59: 10 | N59: =IF(C59="Market",3000,0) -> 0 | O59: =IF(C59="Market",0.374,0.375) -> 0.375 | P59: 5 | Q59: 5 | R59: 5.2 | S59: 5.2 | T59: 5.4 | U59: 5.4 | V59: 5 | W59: 5 | X59: 100 | Y59: 0 | Z59: 0 | AA59: =M59 -> 10 | AB59: 0 | AC59: =O59 -> 0.375 | AD59: =P59 -> 5 | AE59: =Q59 -> 5 | AF59: =R59 -> 5.2 | AG59: =S59 -> 5.2 | AH59: =T59 -> 5.4 | AI59: =U59 -> 5.4
A60: 58 | B60: ZEEBRUGGE | C60: Market | D60: 3.229797 | E60: 51.350508 | G60: 5 | H60: 5 | I60: =SUMIFS(ProductionCapacities!$F$2:$F$51,ProductionCapacities!$E$2:$E$51,Nodes!B60) -> 0 | J60: 48.065 | K60: 500 | L60: 500 | M60: 10 | N60: =IF(C60="Market",3000,0) -> 3000 | O60: =IF(C60="Market",0.374,0.375) -> 0.374 | P60: 5 | Q60: 5 | R60: 5.2 | S60: 5.2 | T60: 5.4 | U60: 5.4 | V60: 5 | W60: 5 | X60: 100 | Y60: 0 | Z60: 0 | AA60: =M60 -> 10 | AB60: 0 | AC60: =O60 -> 0.374 | AD60: =P60 -> 5 | AE60: =Q60 -> 5 | AF60: =R60 -> 5.2 | AG60: =S60 -> 5.2 | AH60: =T60 -> 5.4 | AI60: =U60 -> 5.4
A61: 59 | B61: ZEEPIPE-SCP | D61: 3.299816 | E61: 54.789494 | G61: 5 | H61: 5 | I61: =SUMIFS(ProductionCapacities!$F$2:$F$51,ProductionCapacities!$E$2:$E$51,Nodes!B61) -> 0 | J61: 0 | K61: 500 | L61: 500 | M61: 10 | N61: =IF(C61="Market",3000,0) -> 0 | O61: =IF(C61="Market",0.374,0.375) -> 0.375 | P61: 5 | Q61: 5 | R61: 5.2 | S61: 5.2 | T61: 5.4 | U61: 5.4 | V61: 5 | W61: 5 | X61: 100 | Y61: 0 | Z61: 0 | AA61: =M61 -> 10 | AB61: 0 | AC61: =O61 -> 0.375 | AD61: =P61 -> 5 | AE61: =Q61 -> 5 | AF61: =R61 -> 5.2 | AG61: =S61 -> 5.2 | AH61: =T61 -> 5.4 | AI61: =U61 -> 5.4
H64: Productie binnen het netwerk | I64: =SUM(I3:I61)-SUMIF(F3:F61,"Los",I3:I61) -> 272.52532 | J64: Je produceert toch in DK voor vraag in PL?

Sheet Demand Stage 1
A1: Node Number | B1: 1
A2: Probability | B2: 1
B3: gas or mix | J3: pure hydrogen
A4: Hour | B4: ='Demand Stage 2'!B4 -> ST.FERGUS | C4: ='Demand Stage 2'!C4 -> EASINGTON | D4: ='Demand Stage 2'!D4 -> TEESSIDE | E4: ='Demand Stage 2'!E4 -> EMDEN | F4: DORNUM | G4: ='Demand Stage 2'!G4 -> ZEEBRUGGE | H4: ='Demand Stage 2'!H4 -> DUNKERQUE | I4: ='Demand Stage 2'!I4 -> POLAND | J4: ='Demand Stage 2'!J4 -> ST.FERGUS | K4: ='Demand Stage 2'!K4 -> EASINGTON | L4: ='Demand Stage 2'!L4 -> TEESSIDE | M4: ='Demand Stage 2'!M4 -> EMDEN | N4: DORNUM | O4: ='Demand Stage 2'!O4 -> ZEEBRUGGE | P4: ='Demand Stage 2'!P4 -> DUNKERQUE | Q4: ='Demand Stage 2'!Q4 -> POLAND
A5: 0 | B5: ='Demand Stage 2'!B43 -> 10 | C5: ='Demand Stage 2'!C43 -> 10 | D5: ='Demand Stage 2'!D43 -> 10 | E5: ='Demand Stage 2'!E43 -> 40 | F5: ='Demand Stage 2'!F43 -> 40 | G5: ='Demand Stage 2'!G43 -> 40 | H5: ='Demand Stage 2'!H43 -> 40 | I5: ='Demand Stage 2'!I43 -> 20 | J5: 0 | K5: 0 | L5: 0 | M5: 0 | N5: 0 | O5: 0 | P5: 0 | Q5: 0
A6: 1 | B6: ='Demand Stage 2'!B44 -> 10 | C6: ='Demand Stage 2'!C44 -> 10 | D6: ='Demand Stage 2'!D44 -> 10 | E6: ='Demand Stage 2'!E44 -> 40 | F6: ='Demand Stage 2'!F44 -> 40 | G6: ='Demand Stage 2'!G44 -> 40 | H6: ='Demand Stage 2'!H44 -> 40 | I6: ='Demand Stage 2'!I44 -> 20 | J6: 0 | K6: 0 | L6: 0 | M6: 0 | N6: 0 | O6: 0 | P6: 0 | Q6: 0
A7: 2 | B7: ='Demand Stage 2'!B45 -> 10 | C7: ='Demand Stage 2'!C45 -> 10 | D7: ='Demand Stage 2'!D45 -> 10 | E7: ='Demand Stage 2'!E45 -> 40 | F7: ='Demand Stage 2'!F45 -> 40 | G7: ='Demand Stage 2'!G45 -> 40 | H7: ='Demand Stage 2'!H45 -> 40 | I7: ='Demand Stage 2'!I45 -> 20 | J7: 0 | K7: 0 | L7: 0 | M7: 0 | N7: 0 | O7: 0 | P7: 0 | Q7: 0
A8: 3 | B8: ='Demand Stage 2'!B46 -> 10 | C8: ='Demand Stage 2'!C46 -> 10 | D8: ='Demand Stage 2'!D46 -> 10 | E8: ='Demand Stage 2'!E46 -> 40 | F8: ='Demand Stage 2'!F46 -> 40 | G8: ='Demand Stage 2'!G46 -> 40 | H8: ='Demand Stage 2'!H46 -> 40 | I8: ='Demand Stage 2'!I46 -> 20 | J8: 0 | K8: 0 | L8: 0 | M8: 0 | N8: 0 | O8: 0 | P8: 0 | Q8: 0
A9: 4 | B9: ='Demand Stage 2'!B47 -> 10 | C9: ='Demand Stage 2'!C47 -> 10 | D9: ='Demand Stage 2'!D47 -> 10 | E9: ='Demand Stage 2'!E47 -> 45 | F9: ='Demand Stage 2'!F47 -> 45 | G9: ='Demand Stage 2'!G47 -> 40 | H9: ='Demand Stage 2'!H47 -> 45 | I9: ='Demand Stage 2'!I47 -> 20 | J9: 0 | K9: 0 | L9: 0 | M9: 0 | N9: 0 | O9: 0 | P9: 0 | Q9: 0
A10: 5 | B10: ='Demand Stage 2'!B48 -> 10 | C10: ='Demand Stage 2'!C48 -> 10 | D10: ='Demand Stage 2'!D48 -> 10 | E10: ='Demand Stage 2'!E48 -> 40 | F10: ='Demand Stage 2'!F48 -> 40 | G10: ='Demand Stage 2'!G48 -> 40 | H10: ='Demand Stage 2'!H48 -> 35 | I10: ='Demand Stage 2'!I48 -> 20 | J10: 0 | K10: 0 | L10: 0 | M10: 0 | N10: 0 | O10: 0 | P10: 0 | Q10: 0
A11: 6 | B11: ='Demand Stage 2'!B49 -> 10 | C11: ='Demand Stage 2'!C49 -> 10 | D11: ='Demand Stage 2'!D49 -> 10 | E11: ='Demand Stage 2'!E49 -> 40 | F11: ='Demand Stage 2'!F49 -> 40 | G11: ='Demand Stage 2'!G49 -> 40 | H11: ='Demand Stage 2'!H49 -> 35 | I11: ='Demand Stage 2'!I49 -> 20 | J11: 0 | K11: 0 | L11: 0 | M11: 0 | N11: 0 | O11: 0 | P11: 0 | Q11: 0
A12: 7 | B12: ='Demand Stage 2'!B50 -> 10 | C12: ='Demand Stage 2'!C50 -> 10 | D12: ='Demand Stage 2'!D50 -> 10 | E12: ='Demand Stage 2'!E50 -> 45 | F12: ='Demand Stage 2'!F50 -> 45 | G12: ='Demand Stage 2'!G50 -> 40 | H12: ='Demand Stage 2'!H50 -> 40 | I12: ='Demand Stage 2'!I50 -> 20 | J12: 0 | K12: 0 | L12: 0 | M12: 0 | N12: 0 | O12: 0 | P12: 0 | Q12: 0
A13: 8
A14: 9
A15: 10
A16: 11
A17: 12
A18: 13
A19: 14
A20: 15
A21: 16
A22: 17
A23: 18
A24: 19
... A28: 23

Sheet Demand Stage 2
A1: Node Number | B1: 9 | R1: =B1+Parameters!$B$7 -> 17 | AH1: =R1+Parameters!$B$7 -> 25 | AX1: =AH1+Parameters!$B$7 -> 33
A2: Probability | B2: 0.25 | R2: =B2 -> 0.25 | AH2: =B2 -> 0.25 | AX2: =B2 -> 0.25
B3: gas or mix | J3: pure hydrogen | R3: gas or mix | Z3: pure hydrogen | AH3: gas or mix | AP3: pure hydrogen | AX3: gas or mix | BF3: pure hydrogen
A4: Hour | B4: ST.FERGUS | C4: EASINGTON | D4: TEESSIDE | E4: EMDEN | F4: DORNUM | G4: ZEEBRUGGE | H4: DUNKERQUE | I4: POLAND | J4: =B4 -> ST.FERGUS | K4: =C4 -> EASINGTON | L4: =D4 -> TEESSIDE | M4: =E4 -> EMDEN | N4: =F4 -> DORNUM | O4: =G4 -> ZEEBRUGGE | P4: =H4 -> DUNKERQUE | Q4: =I4 -> POLAND | R4: =B4 -> ST.FERGUS | S4: =C4 -> EASINGTON | T4: =D4 -> TEESSIDE | U4: =E4 -> EMDEN | V4: =F4 -> DORNUM | W4: =G4 -> ZEEBRUGGE | X4: =H4 -> DUNKERQUE | Y4: =I4 -> POLAND | ... BE4: =AO4 -> POLAND | BF4: =AQ4 -> EASINGTON | BG4: =AR4 -> TEESSIDE | BH4: =AS4 -> EMDEN | BI4: =AT4 -> DORNUM | BJ4: =AU4 -> ZEEBRUGGE | BK4: =AV4 -> DUNKERQUE | BL4: =AW4 -> POLAND | BM4: =AX4 -> ST.FERGUS
A5: 0 | B5: =B31+B43 -> 10 | C5: =C31+C43 -> 10 | D5: =D31+D43 -> 10 | E5: =E31+E43 -> 40 | F5: =F31+F43 -> 40 | G5: =G31+G43 -> 40 | H5: =H31+H43 -> 40 | I5: =I31+I43 -> 20 | J5: 0 | K5: 0 | L5: 0 | M5: 0 | N5: 0 | O5: 0 | P5: 0 | Q5: 0 | R5: =R31+B43 -> 10 | S5: =S31+C43 -> 10 | T5: =T31+D43 -> 10 | U5: =U31+E43 -> 40 | V5: =V31+F43 -> 40 | W5: =W31+G43 -> 40 | X5: =X31+H43 -> 40 | Y5: =Y31+I43 -> 20 | Z5: 0 | AA5: 0 | AB5: 0 | AC5: 0 | AD5: 0 | AE5: 0 | AF5: 0 | AG5: 0 | AH5: =AH31+B43 -> 10 | AI5: =AI31+C43 -> 10 | AJ5: =AJ31+D43 -> 10 | AK5: =AK31+E43 -> 40 | AL5: =AL31+F43 -> 40 | AM5: =AM31+G43 -> 40 | AN5: =AN31+H43 -> 40 | AO5: =AO31+I43 -> 20 | AP5: 0 | AQ5: 0 | AR5: 0 | AS5: 0 | AT5: 0 | AU5: 0 | AV5: 0 | AW5: 0 | AX5: =AX31+B43 -> 10 | AY5: =AY31+C43 -> 10 | AZ5: =AZ31+D43 -> 10 | BA5: =BA31+E43 -> 40 | BB5: =BB31+F43 -> 40 | BC5: =BC31+G43 -> 40 | BD5: =BD31+H43 -> 40 | BE5: =BE31+I43 -> 20 | BF5: 0 | BG5: 0 | BH5: 0 | BI5: 0 | BJ5: 0 | BK5: 0 | BL5: 0 | BM5: 0
A6: 1 | B6: =B32+B44 -> 10 | C6: =C32+C44 -> 10 | D6: =D32+D44 -> 10 | E6: =E32+E44 -> 40 | F6: =F32+F44 -> 40 | G6: =G32+G44 -> 40 | H6: =H32+H44 -> 40 | I6: =I32+I44 -> 20 | J6: 0 | K6: 0 | L6: 0 | M6: 0 | N6: 0 | O6: 0 | P6: 0 | Q6: 0 | R6: =R32+B44 -> 10 | S6: =S32+C44 -> 10 | T6: =T32+D44 -> 10 | U6: =U32+E44 -> 40 | V6: =V32+F44 -> 40 | W6: =W32+G44 -> 40 | X6: =X32+H44 -> 40 | Y6: =Y32+I44 -> 20 | Z6: 0 | AA6: 0 | AB6: 0 | AC6: 0 | AD6: 0 | AE6: 0 | AF6: 0 | AG6: 0 | AH6: =AH32+B44 -> 10 | AI6: =AI32+C44 -> 10 | AJ6: =AJ32+D44 -> 10 | AK6: =AK32+E44 -> 40 | AL6: =AL32+F44 -> 40 | AM6: =AM32+G44 -> 40 | AN6: =AN32+H44 -> 40 | AO6: =AO32+I44 -> 20 | AP6: =AP5*0.5 -> 0 | AQ6: =AQ5*0.5 -> 0 | AR6: =AR5*0.5 -> 0 | AS6: =AS5*0.5 -> 0 | AT6: =AT5*0.5 -> 0 | AU6: =AU5*0.5 -> 0 | AV6: =AV5*0.5 -> 0 | AW6: 0 | AX6: =AX32+B44 -> 10 | AY6: =AY32+C44 -> 10 | AZ6: =AZ32+D44 -> 10 | BA6: =BA32+E44 -> 40 | BB6: =BB32+F44 -> 40 | BC6: =BC32+G44 -> 40 | BD6: =BD32+H44 -> 40 | BE6: =BE32+I44 -> 20 | BF6: 0 | BG6: 0 | BH6: 0 | BI6: 0 | BJ6: 0 | BK6: 0 | BL6: 0 | BM6: 0
A7: 2 | B7: =B33+B45 -> 10 | C7: =C33+C45 -> 10 | D7: =D33+D45 -> 10 | E7: =E33+E45 -> 40 | F7: =F33+F45 -> 40 | G7: =G33+G45 -> 40 | H7: =H33+H45 -> 40 | I7: =I33+I45 -> 20 | J7: 0 | K7: 0 | L7: 0 | M7: 0 | N7: 0 | O7: 0 | P7: 0 | Q7: 0 | R7: =R33+B45 -> 10 | S7: =S33+C45 -> 10 | T7: =T33+D45 -> 10 | U7: =U33+E45 -> 40 | V7: =V33+F45 -> 40 | W7: =W33+G45 -> 40 | X7: =X33+H45 -> 40 | Y7: =Y33+I45 -> 20 | Z7: 0 | AA7: 0 | AB7: 0 | AC7: 0 | AD7: 0 | AE7: 0 | AF7: 0 | AG7: 0 | AH7: =AH33+B45 -> 10 | AI7: =AI33+C45 -> 10 | AJ7: =AJ33+D45 -> 10 | AK7: =AK33+E45 -> 40 | AL7: =AL33+F45 -> 40 | AM7: =AM33+G45 -> 40 | AN7: =AN33+H45 -> 40 | AO7: =AO33+I45 -> 20 | AP7: 0 | AQ7: 0 | AR7: 0 | AS7: 0 | AT7: 0 | AU7: 0 | AV7: 0 | AW7: 0 | AX7: =AX33+B45 -> 10 | AY7: =AY33+C45 -> 10 | AZ7: =AZ33+D45 -> 10 | BA7: =BA33+E45 -> 40 | BB7: =BB33+F45 -> 40 | BC7: =BC33+G45 -> 40 | BD7: =BD33+H45 -> 40 | BE7: =BE33+I45 -> 20 | BF7: 0 | BG7: 0 | BH7: 0 | BI7: 0 | BJ7: 0 | BK7: 0 | BL7: 0 | BM7: 0
A8: 3 | B8: =B34+B46 -> 10 | C8: =C34+C46 -> 10 | D8: =D34+D46 -> 10 | E8: =E34+E46 -> 40 | F8: =F34+F46 -> 40 | G8: =G34+G46 -> 40 | H8: =H34+H46 -> 40 | I8: =I34+I46 -> 20 | J8: 0 | K8: 0 | L8: 0 | M8: 0 | N8: 0 | O8: 0 | P8: 0 | Q8: 0 | R8: =R34+B46 -> 10 | S8: =S34+C46 -> 10 | T8: =T34+D46 -> 10 | U8: =U34+E46 -> 40 | V8: =V34+F46 -> 40 | W8: =W34+G46 -> 40 | X8: =X34+H46 -> 40 | Y8: =Y34+I46 -> 20 | Z8: 0 | AA8: 0 | AB8: 0 | AC8: 0 | AD8: 0 | AE8: 0 | AF8: 0 | AG8: 0 | AH8: =AH34+B46 -> 10 | AI8: =AI34+C46 -> 10 | AJ8: =AJ34+D46 -> 10 | AK8: =AK34+E46 -> 40 | AL8: =AL34+F46 -> 40 | AM8: =AM34+G46 -> 40 | AN8: =AN34+H46 -> 40 | AO8: =AO34+I46 -> 20 | AP8: 0 | AQ8: 0 | AR8: 0 | AS8: 0 | AT8: 0 | AU8: 0 | AV8: 0 | AW8: 0 | AX8: =AX34+B46 -> 10 | AY8: =AY34+C46 -> 10 | AZ8: =AZ34+D46 -> 10 | BA8: =BA34+E46 -> 40 | BB8: =BB34+F46 -> 40 | BC8: =BC34+G46 -> 40 | BD8: =BD34+H46 -> 40 | BE8: =BE34+I46 -> 20 | BF8: 0 | BG8: 0 | BH8: 0 | BI8: 0 | BJ8: 0 | BK8: 0 | BL8: 0 | BM8: 0
A9: 4 | B9: =B35+B47 -> 13 | C9: =C35+C47 -> 13 | D9: =D35+D47 -> 10 | E9: =E35+E47 -> 50 | F9: =F35+F47 -> 50 | G9: =G35+G47 -> 40 | H9: =H35+H47 -> 50 | I9: =I35+I47 -> 20 | R9: =R35+B47 -> 7 | S9: =S35+C47 -> 7 | T9: =T35+D47 -> 10 | U9: =U35+E47 -> 50 | V9: =V35+F47 -> 50 | W9: =W35+G47 -> 40 | X9: =X35+H47 -> 40 | Y9: =Y35+I47 -> 20 | AH9: =AH35+B47 -> 13 | AI9: =AI35+C47 -> 13 | AJ9: =AJ35+D47 -> 10 | AK9: =AK35+E47 -> 40 | AL9: =AL35+F47 -> 40 | AM9: =AM35+G47 -> 40 | AN9: =AN35+H47 -> 50 | AO9: =AO35+I47 -> 20 | AX9: =AX35+B47 -> 7 | AY9: =AY35+C47 -> 7 | AZ9: =AZ35+D47 -> 10 | BA9: =BA35+E47 -> 40 | BB9: =BB35+F47 -> 40 | BC9: =BC35+G47 -> 40 | BD9: =BD35+H47 -> 40 | BE9: =BE35+I47 -> 20
A10: 5 | B10: =B36+B48 -> 10 | C10: =C36+C48 -> 10 | D10: =D36+D48 -> 10 | E10: =E36+E48 -> 40 | F10: =F36+F48 -> 40 | G10: =G36+G48 -> 40 | H10: =H36+H48 -> 35 | I10: =I36+I48 -> 20 | R10: =R36+B48 -> 10 | S10: =S36+C48 -> 10 | T10: =T36+D48 -> 10 | U10: =U36+E48 -> 40 | V10: =V36+F48 -> 40 | W10: =W36+G48 -> 40 | X10: =X36+H48 -> 35 | Y10: =Y36+I48 -> 20 | AH10: =AH36+B48 -> 10 | AI10: =AI36+C48 -> 10 | AJ10: =AJ36+D48 -> 10 | AK10: =AK36+E48 -> 40 | AL10: =AL36+F48 -> 40 | AM10: =AM36+G48 -> 40 | AN10: =AN36+H48 -> 35 | AO10: =AO36+I48 -> 20 | AX10: =AX36+B48 -> 10 | AY10: =AY36+C48 -> 10 | AZ10: =AZ36+D48 -> 10 | BA10: =BA36+E48 -> 40 | BB10: =BB36+F48 -> 40 | BC10: =BC36+G48 -> 40 | BD10: =BD36+H48 -> 35 | BE10: =BE36+I48 -> 20
A11: 6 | B11: =B37+B49 -> 10 | C11: =C37+C49 -> 10 | D11: =D37+D49 -> 10 | E11: =E37+E49 -> 40 | F11: =F37+F49 -> 40 | G11: =G37+G49 -> 40 | H11: =H37+H49 -> 35 | I11: =I37+I49 -> 20 | R11: =R37+B49 -> 10 | S11: =S37+C49 -> 10 | T11: =T37+D49 -> 10 | U11: =U37+E49 -> 40 | V11: =V37+F49 -> 40 | W11: =W37+G49 -> 40 | X11: =X37+H49 -> 35 | Y11: =Y37+I49 -> 20 | AH11: =AH37+B49 -> 10 | AI11: =AI37+C49 -> 10 | AJ11: =AJ37+D49 -> 10 | AK11: =AK37+E49 -> 40 | AL11: =AL37+F49 -> 40 | AM11: =AM37+G49 -> 40 | AN11: =AN37+H49 -> 35 | AO11: =AO37+I49 -> 20 | AX11: =AX37+B49 -> 10 | AY11: =AY37+C49 -> 10 | AZ11: =AZ37+D49 -> 10 | BA11: =BA37+E49 -> 40 | BB11: =BB37+F49 -> 40 | BC11: =BC37+G49 -> 40 | BD11: =BD37+H49 -> 35 | BE11: =BE37+I49 -> 20
A12: 7 | B12: =B38+B50 -> 13 | C12: =C38+C50 -> 13 | D12: =D38+D50 -> 10 | E12: =E38+E50 -> 50 | F12: =F38+F50 -> 50 | G12: =G38+G50 -> 40 | H12: =H38+H50 -> 45 | I12: =I38+I50 -> 20 | R12: =R38+B50 -> 7 | S12: =S38+C50 -> 7 | T12: =T38+D50 -> 10 | U12: =U38+E50 -> 50 | V12: =V38+F50 -> 50 | W12: =W38+G50 -> 40 | X12: =X38+H50 -> 35 | Y12: =Y38+I50 -> 20 | AH12: =AH38+B50 -> 13 | AI12: =AI38+C50 -> 13 | AJ12: =AJ38+D50 -> 10 | AK12: =AK38+E50 -> 40 | AL12: =AL38+F50 -> 40 | AM12: =AM38+G50 -> 40 | AN12: =AN38+H50 -> 45 | AO12: =AO38+I50 -> 20 | AX12: =AX38+B50 -> 7 | AY12: =AY38+C50 -> 7 | AZ12: =AZ38+D50 -> 10 | BA12: =BA38+E50 -> 40 | BB12: =BB38+F50 -> 40 | BC12: =BC38+G50 -> 40 | BD12: =BD38+H50 -> 35 | BE12: =BE38+I50 -> 20
A13: 8
A14: 9
A15: 10
A16: 11
A17: 12
A18: 13
A19: 14
A20: 15
A21: 16
A22: 17
A23: 18
A24: 19
... A28: 23
B30: Delta
A31: 0 | B31: 0 | C31: 0 | D31: 0 | E31: 0 | F31: 0 | G31: 0 | H31: 0 | I31: 0 | R31: 0 | S31: 0 | T31: 0 | U31: 0 | V31: 0 | W31: 0 | X31: 0 | Y31: 0 | AH31: 0 | AI31: 0 | AJ31: 0 | AK31: 0 | AL31: 0 | AM31: 0 | AN31: 0 | AO31: 0 | AX31: 0 | AY31: 0 | AZ31: 0 | BA31: 0 | BB31: 0 | BC31: 0 | BD31: 0 | BE31: 0
A32: 1 | B32: 0 | C32: 0 | D32: 0 | E32: 0 | F32: 0 | G32: 0 | H32: 0 | I32: 0 | R32: 0 | S32: 0 | T32: 0 | U32: 0 | V32: 0 | W32: 0 | X32: 0 | Y32: 0 | AH32: 0 | AI32: 0 | AJ32: 0 | AK32: 0 | AL32: 0 | AM32: 0 | AN32: 0 | AO32: 0 | AX32: 0 | AY32: 0 | AZ32: 0 | BA32: 0 | BB32: 0 | BC32: 0 | BD32: 0 | BE32: 0
A33: 2 | B33: 0 | C33: 0 | D33: 0 | E33: 0 | F33: 0 | G33: 0 | H33: 0 | I33: 0 | R33: 0 | S33: 0 | T33: 0 | U33: 0 | V33: 0 | W33: 0 | X33: 0 | Y33: 0 | AH33: 0 | AI33: 0 | AJ33: 0 | AK33: 0 | AL33: 0 | AM33: 0 | AN33: 0 | AO33: 0 | AX33: 0 | AY33: 0 | AZ33: 0 | BA33: 0 | BB33: 0 | BC33: 0 | BD33: 0 | BE33: 0
A34: 3 | B34: 0 | C34: 0 | D34: 0 | E34: 0 | F34: 0 | G34: 0 | H34: 0 | I34: 0 | R34: 0 | S34: 0 | T34: 0 | U34: 0 | V34: 0 | W34: 0 | X34: 0 | Y34: 0 | AH34: 0 | AI34: 0 | AJ34: 0 | AK34: 0 | AL34: 0 | AM34: 0 | AN34: 0 | AO34: 0 | AX34: 0 | AY34: 0 | AZ34: 0 | BA34: 0 | BB34: 0 | BC34: 0 | BD34: 0 | BE34: 0
A35: 4 | B35: 3 | C35: 3 | D35: 0 | E35: 5 | F35: 5 | G35: 0 | H35: 5 | I35: 0 | R35: -3 | S35: -3 | T35: 0 | U35: 5 | V35: 5 | W35: 0 | X35: -5 | Y35: 0 | AH35: 3 | AI35: 3 | AJ35: 0 | AK35: -5 | AL35: -5 | AM35: 0 | AN35: 5 | AO35: 0 | AX35: -3 | AY35: -3 | AZ35: 0 | BA35: -5 | BB35: -5 | BC35: 0 | BD35: -5 | BE35: 0
A36: 5 | B36: 0 | C36: 0 | D36: 0 | E36: 0 | F36: 0 | G36: 0 | H36: 0 | I36: 0 | R36: 0 | S36: 0 | T36: 0 | U36: 0 | V36: 0 | W36: 0 | X36: 0 | Y36: 0 | AH36: 0 | AI36: 0 | AJ36: 0 | AK36: 0 | AL36: 0 | AM36: 0 | AN36: 0 | AO36: 0 | AX36: 0 | AY36: 0 | AZ36: 0 | BA36: 0 | BB36: 0 | BC36: 0 | BD36: 0 | BE36: 0
A37: 6 | B37: 0 | C37: 0 | D37: 0 | E37: 0 | F37: 0 | G37: 0 | H37: 0 | I37: 0 | R37: 0 | S37: 0 | T37: 0 | U37: 0 | V37: 0 | W37: 0 | X37: 0 | Y37: 0 | AH37: 0 | AI37: 0 | AJ37: 0 | AK37: 0 | AL37: 0 | AM37: 0 | AN37: 0 | AO37: 0 | AX37: 0 | AY37: 0 | AZ37: 0 | BA37: 0 | BB37: 0 | BC37: 0 | BD37: 0 | BE37: 0
A38: 7 | B38: 3 | C38: 3 | D38: 0 | E38: 5 | F38: 5 | G38: 0 | H38: 5 | I38: 0 | R38: -3 | S38: -3 | T38: 0 | U38: 5 | V38: 5 | W38: 0 | X38: -5 | Y38: 0 | AH38: 3 | AI38: 3 | AJ38: 0 | AK38: -5 | AL38: -5 | AM38: 0 | AN38: 5 | AO38: 0 | AX38: -3 | AY38: -3 | AZ38: 0 | BA38: -5 | BB38: -5 | BC38: 0 | BD38: -5 | BE38: 0
H41: Sum Probabilities | I41: =SUM(B2:BM2) -> 1
B42: Basis
B43: 10 | C43: 10 | D43: 10 | E43: 40 | F43: 40 | G43: 40 | H43: 40 | I43: 20 | K43: =SUM(B43:I43) -> 210
B44: 10 | C44: 10 | D44: 10 | E44: 40 | F44: 40 | G44: 40 | H44: 40 | I44: 20
B45: 10 | C45: 10 | D45: 10 | E45: 40 | F45: 40 | G45: 40 | H45: 40 | I45: 20
B46: 10 | C46: 10 | D46: 10 | E46: 40 | F46: 40 | G46: 40 | H46: 40 | I46: 20
B47: 10 | C47: 10 | D47: 10 | E47: 45 | F47: 45 | G47: 40 | H47: 45 | I47: 20 | K47: =SUM(B47:I47) -> 225
B48: 10 | C48: 10 | D48: 10 | E48: 40 | F48: 40 | G48: 40 | H48: 35 | I48: 20 | K48: =SUM(B48:I48) -> 205
B49: 10 | C49: 10 | D49: 10 | E49: 40 | F49: 40 | G49: 40 | H49: 35 | I49: 20
B50: 10 | C50: 10 | D50: 10 | E50: 45 | F50: 45 | G50: 40 | H50: 40 | I50: 20 | K50: =SUM(B50:I50) -> 220
B53: Data Ruud
B54: UKD | C54: DEU | D54: BEL | E54: FRA | F54: DK
B55: 30 | C55: 80 | D55: 40 | E55: 40
B56: 30 | C56: 90 | D56: 40 | E56: 45
B57: 30 | C57: 80 | D57: 40 | E57: 35
B58: 30 | C58: 90 | D58: 40 | E58: 40

Sheet Demand Stage 3
A1: Node Number | B1: =(Parameters!B8+1)*Parameters!B7 + 1 -> 41 | R1: =B1+Parameters!$B$7 -> 49 | AH1: =R1+Parameters!$B$7 -> 57 | AX1: =AH1+Parameters!$B$7 -> 65 | BN1: =AX1+Parameters!$B$7 -> 73 | CD1: =BN1+Parameters!$B$7 -> 81 | CT1: =CD1+Parameters!$B$7 -> 89 | DJ1: =CT1+Parameters!$B$7 -> 97 | DZ1: =DJ1+Parameters!$B$7 -> 105 | EP1: =DZ1+Parameters!$B$7 -> 113 | FF1: =EP1+Parameters!$B$7 -> 121 | FV1: =FF1+Parameters!$B$7 -> 129 | GL1: =FV1+Parameters!$B$7 -> 137 | HB1: =GL1+Parameters!$B$7 -> 145 | HR1: =HB1+Parameters!$B$7 -> 153 | IH1: =HR1+Parameters!$B$7 -> 161
A2: Probability | B2: =1/16 -> 0.0625 | R2: =B2 -> 0.0625 | AH2: =R2 -> 0.0625 | AX2: =AH2 -> 0.0625 | BN2: =AX2 -> 0.0625 | CD2: =BN2 -> 0.0625 | CT2: =CD2 -> 0.0625 | DJ2: =CT2 -> 0.0625 | DZ2: =DJ2 -> 0.0625 | EP2: =DZ2 -> 0.0625 | FF2: =EP2 -> 0.0625 | FV2: =FF2 -> 0.0625 | GL2: =FV2 -> 0.0625 | HB2: =GL2 -> 0.0625 | HR2: =HB2 -> 0.0625 | IH2: =HR2 -> 0.0625
A3: Parent Node Number | B3: 9 | R3: 9 | AH3: 9 | AX3: 9 | BN3: 17 | CD3: 17 | CT3: 17 | DJ3: 17 | DZ3: 25 | EP3: 25 | FF3: 25 | FV3: 25 | GL3: 33 | HB3: 33 | HR3: 33 | IH3: 33
B4: gas or mix | J4: pure hydrogen | R4: gas or mix | Z4: pure hydrogen | AH4: gas or mix | AP4: pure hydrogen | AX4: gas or mix | BF4: pure hydrogen | BN4: gas or mix | BV4: pure hydrogen | CD4: gas or mix | CL4: pure hydrogen | CT4: gas or mix | DB4: pure hydrogen | DJ4: gas or mix | DR4: pure hydrogen | DZ4: gas or mix | EH4: pure hydrogen | EP4: gas or mix | EX4: pure hydrogen | FF4: gas or mix | FN4: pure hydrogen | FV4: gas or mix | GD4: pure hydrogen | GL4: gas or mix | GT4: pure hydrogen | HB4: gas or mix | HJ4: pure hydrogen | HR4: gas or mix | HZ4: pure hydrogen | IH4: gas or mix | IP4: pure hydrogen
A5: Hour | B5: ='Demand Stage 2'!B4 -> ST.FERGUS | C5: ='Demand Stage 2'!C4 -> EASINGTON | D5: ='Demand Stage 2'!D4 -> TEESSIDE | E5: ='Demand Stage 2'!E4 -> EMDEN | F5: ='Demand Stage 2'!F4 -> DORNUM | G5: ='Demand Stage 2'!G4 -> ZEEBRUGGE | H5: ='Demand Stage 2'!H4 -> DUNKERQUE | I5: ='Demand Stage 2'!I4 -> POLAND | ... Q5: ='Demand Stage 2'!Q4 -> POLAND | R5: ='Demand Stage 2'!B4 -> ST.FERGUS | S5: ='Demand Stage 2'!C4 -> EASINGTON | T5: ='Demand Stage 2'!D4 -> TEESSIDE | U5: ='Demand Stage 2'!E4 -> EMDEN | V5: ='Demand Stage 2'!F4 -> DORNUM | W5: ='Demand Stage 2'!G4 -> ZEEBRUGGE | X5: ='Demand Stage 2'!H4 -> DUNKERQUE | Y5: ='Demand Stage 2'!I4 -> POLAND | ... AG5: ='Demand Stage 2'!Q4 -> POLAND | AH5: ='Demand Stage 2'!B4 -> ST.FERGUS | AI5: ='Demand Stage 2'!C4 -> EASINGTON | AJ5: ='Demand Stage 2'!D4 -> TEESSIDE | AK5: ='Demand Stage 2'!E4 -> EMDEN | AL5: ='Demand Stage 2'!F4 -> DORNUM | AM5: ='Demand Stage 2'!G4 -> ZEEBRUGGE | AN5: ='Demand Stage 2'!H4 -> DUNKERQUE | AO5: ='Demand Stage 2'!I4 -> POLAND | ... AW5: ='Demand Stage 2'!Q4 -> POLAND | AX5: ='Demand Stage 2'!B4 -> ST.FERGUS | AY5: ='Demand Stage 2'!C4 -> EASINGTON | AZ5: ='Demand Stage 2'!D4 -> TEESSIDE | BA5: ='Demand Stage 2'!E4 -> EMDEN | BB5: ='Demand Stage 2'!F4 -> DORNUM | BC5: ='Demand Stage 2'!G4 -> ZEEBRUGGE | BD5: ='Demand Stage 2'!H4 -> DUNKERQUE | BE5: ='Demand Stage 2'!I4 -> POLAND | ... CC5: ='Demand Stage 2'!AG4 -> POLAND | CD5: =BN5 -> ST.FERGUS | CE5: =BO5 -> EASINGTON | CF5: =BP5 -> TEESSIDE | CG5: =BQ5 -> EMDEN | CH5: =BR5 -> DORNUM | CI5: =BS5 -> ZEEBRUGGE | CJ5: =BT5 -> DUNKERQUE | CK5: =BU5 -> POLAND | ... DY5: =DI5 -> POLAND | DZ5: ='Demand Stage 2'!AH4 -> ST.FERGUS | EA5: ='Demand Stage 2'!AI4 -> EASINGTON | EB5: ='Demand Stage 2'!AJ4 -> TEESSIDE | EC5: ='Demand Stage 2'!AK4 -> EMDEN | ED5: ='Demand Stage 2'!AL4 -> DORNUM | EE5: ='Demand Stage 2'!AM4 -> ZEEBRUGGE | EF5: ='Demand Stage 2'!AN4 -> DUNKERQUE | EG5: ='Demand Stage 2'!AO4 -> POLAND | ... EO5: ='Demand Stage 2'!AW4 -> POLAND | EP5: =DZ5 -> ST.FERGUS | EQ5: =EA5 -> EASINGTON | ER5: =EB5 -> TEESSIDE | ES5: =EC5 -> EMDEN | ET5: =ED5 -> DORNUM | EU5: =EE5 -> ZEEBRUGGE | EV5: =EF5 -> DUNKERQUE | EW5: =EG5 -> POLAND | ... GK5: =FU5 -> POLAND | GL5: ='Demand Stage 2'!AX4 -> ST.FERGUS | GM5: ='Demand Stage 2'!AY4 -> EASINGTON | GN5: ='Demand Stage 2'!AZ4 -> TEESSIDE | GO5: ='Demand Stage 2'!BA4 -> EMDEN | GP5: ='Demand Stage 2'!BB4 -> DORNUM | GQ5: ='Demand Stage 2'!BC4 -> ZEEBRUGGE | GR5: ='Demand Stage 2'!BD4 -> DUNKERQUE | GS5: ='Demand Stage 2'!BE4 -> POLAND | ... HA5: ='Demand Stage 2'!BM4 -> ST.FERGUS | HB5: =GL5 -> ST.FERGUS | HC5: =GM5 -> EASINGTON | HD5: =GN5 -> TEESSIDE | HE5: =GO5 -> EMDEN | HF5: =GP5 -> DORNUM | HG5: =GQ5 -> ZEEBRUGGE | HH5: =GR5 -> DUNKERQUE | HI5: =GS5 -> POLAND | ... IW5: =IG5 -> ST.FERGUS
A6: 0 | B6: ='Demand Stage 2'!B5 -> 10 | C6: ='Demand Stage 2'!C5 -> 10 | D6: ='Demand Stage 2'!D5 -> 10 | E6: ='Demand Stage 2'!E5 -> 40 | F6: ='Demand Stage 2'!F5 -> 40 | G6: ='Demand Stage 2'!G5 -> 40 | H6: ='Demand Stage 2'!H5 -> 40 | I6: ='Demand Stage 2'!I5 -> 20 | ... Q6: ='Demand Stage 2'!Q5 -> 0 | R6: ='Demand Stage 2'!B5 -> 10 | S6: ='Demand Stage 2'!C5 -> 10 | T6: ='Demand Stage 2'!D5 -> 10 | U6: ='Demand Stage 2'!E5 -> 40 | V6: ='Demand Stage 2'!F5 -> 40 | W6: ='Demand Stage 2'!G5 -> 40 | X6: ='Demand Stage 2'!H5 -> 40 | Y6: ='Demand Stage 2'!I5 -> 20 | ... AG6: ='Demand Stage 2'!Q5 -> 0 | AH6: ='Demand Stage 2'!B5 -> 10 | AI6: ='Demand Stage 2'!C5 -> 10 | AJ6: ='Demand Stage 2'!D5 -> 10 | AK6: ='Demand Stage 2'!E5 -> 40 | AL6: ='Demand Stage 2'!F5 -> 40 | AM6: ='Demand Stage 2'!G5 -> 40 | AN6: ='Demand Stage 2'!H5 -> 40 | AO6: ='Demand Stage 2'!I5 -> 20 | ... AW6: ='Demand Stage 2'!Q5 -> 0 | AX6: ='Demand Stage 2'!B5 -> 10 | AY6: ='Demand Stage 2'!C5 -> 10 | AZ6: ='Demand Stage 2'!D5 -> 10 | BA6: ='Demand Stage 2'!E5 -> 40 | BB6: ='Demand Stage 2'!F5 -> 40 | BC6: ='Demand Stage 2'!G5 -> 40 | BD6: ='Demand Stage 2'!H5 -> 40 | BE6: ='Demand Stage 2'!I5 -> 20 | ... CC6: ='Demand Stage 2'!AG5 -> 0 | CD6: =BN6 -> 10 | CE6: =BO6 -> 10 | CF6: =BP6 -> 10 | CG6: =BQ6 -> 40 | CH6: =BR6 -> 40 | CI6: =BS6 -> 40 | CJ6: =BT6 -> 40 | CK6: =BU6 -> 20 | ... DY6: =DI6 -> 0 | DZ6: ='Demand Stage 2'!AH5 -> 10 | EA6: ='Demand Stage 2'!AI5 -> 10 | EB6: ='Demand Stage 2'!AJ5 -> 10 | EC6: ='Demand Stage 2'!AK5 -> 40 | ED6: ='Demand Stage 2'!AL5 -> 40 | EE6: ='Demand Stage 2'!AM5 -> 40 | EF6: ='Demand Stage 2'!AN5 -> 40 | EG6: ='Demand Stage 2'!AO5 -> 20 | ... EO6: ='Demand Stage 2'!AW5 -> 0 | EP6: =DZ6 -> 10 | EQ6: =EA6 -> 10 | ER6: =EB6 -> 10 | ES6: =EC6 -> 40 | ET6: =ED6 -> 40 | EU6: =EE6 -> 40 | EV6: =EF6 -> 40 | EW6: =EG6 -> 20 | ... GK6: =FU6 -> 0 | GL6: ='Demand Stage 2'!AX5 -> 10 | GM6: ='Demand Stage 2'!AY5 -> 10 | GN6: ='Demand Stage 2'!AZ5 -> 10 | GO6: ='Demand Stage 2'!BA5 -> 40 | GP6: ='Demand Stage 2'!BB5 -> 40 | GQ6: ='Demand Stage 2'!BC5 -> 40 | GR6: ='Demand Stage 2'!BD5 -> 40 | GS6: ='Demand Stage 2'!BE5 -> 20 | ... HA6: ='Demand Stage 2'!BM5 -> 0 | HB6: =GL6 -> 10 | HC6: =GM6 -> 10 | HD6: =GN6 -> 10 | HE6: =GO6 -> 40 | HF6: =GP6 -> 40 | HG6: =GQ6 -> 40 | HH6: =GR6 -> 40 | HI6: =GS6 -> 20 | ... IW6: =IG6 -> 0
A7: 1 | B7: ='Demand Stage 2'!B6 -> 10 | C7: ='Demand Stage 2'!C6 -> 10 | D7: ='Demand Stage 2'!D6 -> 10 | E7: ='Demand Stage 2'!E6 -> 40 | F7: ='Demand Stage 2'!F6 -> 40 | G7: ='Demand Stage 2'!G6 -> 40 | H7: ='Demand Stage 2'!H6 -> 40 | I7: ='Demand Stage 2'!I6 -> 20 | ... Q7: ='Demand Stage 2'!Q6 -> 0 | R7: ='Demand Stage 2'!B6 -> 10 | S7: ='Demand Stage 2'!C6 -> 10 | T7: ='Demand Stage 2'!D6 -> 10 | U7: ='Demand Stage 2'!E6 -> 40 | V7: ='Demand Stage 2'!F6 -> 40 | W7: ='Demand Stage 2'!G6 -> 40 | X7: ='Demand Stage 2'!H6 -> 40 | Y7: ='Demand Stage 2'!I6 -> 20 | ... AG7: ='Demand Stage 2'!Q6 -> 0 | AH7: ='Demand Stage 2'!B6 -> 10 | AI7: ='Demand Stage 2'!C6 -> 10 | AJ7: ='Demand Stage 2'!D6 -> 10 | AK7: ='Demand Stage 2'!E6 -> 40 | AL7: ='Demand Stage 2'!F6 -> 40 | AM7: ='Demand Stage 2'!G6 -> 40 | AN7: ='Demand Stage 2'!H6 -> 40 | AO7: ='Demand Stage 2'!I6 -> 20 | ... AW7: ='Demand Stage 2'!Q6 -> 0 | AX7: ='Demand Stage 2'!B6 -> 10 | AY7: ='Demand Stage 2'!C6 -> 10 | AZ7: ='Demand Stage 2'!D6 -> 10 | BA7: ='Demand Stage 2'!E6 -> 40 | BB7: ='Demand Stage 2'!F6 -> 40 | BC7: ='Demand Stage 2'!G6 -> 40 | BD7: ='Demand Stage 2'!H6 -> 40 | BE7: ='Demand Stage 2'!I6 -> 20 | ... CC7: ='Demand Stage 2'!AG6 -> 0 | CD7: =BN7 -> 10 | CE7: =BO7 -> 10 | CF7: =BP7 -> 10 | CG7: =BQ7 -> 40 | CH7: =BR7 -> 40 | CI7: =BS7 -> 40 | CJ7: =BT7 -> 40 | CK7: =BU7 -> 20 | ... DY7: =DI7 -> 0 | DZ7: ='Demand Stage 2'!AH6 -> 10 | EA7: ='Demand Stage 2'!AI6 -> 10 | EB7: ='Demand Stage 2'!AJ6 -> 10 | EC7: ='Demand Stage 2'!AK6 -> 40 | ED7: ='Demand Stage 2'!AL6 -> 40 | EE7: ='Demand Stage 2'!AM6 -> 40 | EF7: ='Demand Stage 2'!AN6 -> 40 | EG7: ='Demand Stage 2'!AO6 -> 20 | ... EO7: ='Demand Stage 2'!AW6 -> 0 | EP7: =DZ7 -> 10 | EQ7: =EA7 -> 10 | ER7: =EB7 -> 10 | ES7: =EC7 -> 40 | ET7: =ED7 -> 40 | EU7: =EE7 -> 40 | EV7: =EF7 -> 40 | EW7: =EG7 -> 20 | ... GK7: =FU7 -> 0 | GL7: ='Demand Stage 2'!AX6 -> 10 | GM7: ='Demand Stage 2'!AY6 -> 10 | GN7: ='Demand Stage 2'!AZ6 -> 10 | GO7: ='Demand Stage 2'!BA6 -> 40 | GP7: ='Demand Stage 2'!BB6 -> 40 | GQ7: ='Demand Stage 2'!BC6 -> 40 | GR7: ='Demand Stage 2'!BD6 -> 40 | GS7: ='Demand Stage 2'!BE6 -> 20 | ... HA7: ='Demand Stage 2'!BM6 -> 0 | HB7: =GL7 -> 10 | HC7: =GM7 -> 10 | HD7: =GN7 -> 10 | HE7: =GO7 -> 40 | HF7: =GP7 -> 40 | HG7: =GQ7 -> 40 | HH7: =GR7 -> 40 | HI7: =GS7 -> 20 | ... IW7: =IG7 -> 0
A8: 2 | B8: ='Demand Stage 2'!B7 -> 10 | C8: ='Demand Stage 2'!C7 -> 10 | D8: ='Demand Stage 2'!D7 -> 10 | E8: ='Demand Stage 2'!E7 -> 40 | F8: ='Demand Stage 2'!F7 -> 40 | G8: ='Demand Stage 2'!G7 -> 40 | H8: ='Demand Stage 2'!H7 -> 40 | I8: ='Demand Stage 2'!I7 -> 20 | ... Q8: ='Demand Stage 2'!Q7 -> 0 | R8: ='Demand Stage 2'!B7 -> 10 | S8: ='Demand Stage 2'!C7 -> 10 | T8: ='Demand Stage 2'!D7 -> 10 | U8: ='Demand Stage 2'!E7 -> 40 | V8: ='Demand Stage 2'!F7 -> 40 | W8: ='Demand Stage 2'!G7 -> 40 | X8: ='Demand Stage 2'!H7 -> 40 | Y8: ='Demand Stage 2'!I7 -> 20 | ... AG8: ='Demand Stage 2'!Q7 -> 0 | AH8: ='Demand Stage 2'!B7 -> 10 | AI8: ='Demand Stage 2'!C7 -> 10 | AJ8: ='Demand Stage 2'!D7 -> 10 | AK8: ='Demand Stage 2'!E7 -> 40 | AL8: ='Demand Stage 2'!F7 -> 40 | AM8: ='Demand Stage 2'!G7 -> 40 | AN8: ='Demand Stage 2'!H7 -> 40 | AO8: ='Demand Stage 2'!I7 -> 20 | ... AW8: ='Demand Stage 2'!Q7 -> 0 | AX8: ='Demand Stage 2'!B7 -> 10 | AY8: ='Demand Stage 2'!C7 -> 10 | AZ8: ='Demand Stage 2'!D7 -> 10 | BA8: ='Demand Stage 2'!E7 -> 40 | BB8: ='Demand Stage 2'!F7 -> 40 | BC8: ='Demand Stage 2'!G7 -> 40 | BD8: ='Demand Stage 2'!H7 -> 40 | BE8: ='Demand Stage 2'!I7 -> 20 | ... CC8: ='Demand Stage 2'!AG7 -> 0 | CD8: =BN8 -> 10 | CE8: =BO8 -> 10 | CF8: =BP8 -> 10 | CG8: =BQ8 -> 40 | CH8: =BR8 -> 40 | CI8: =BS8 -> 40 | CJ8: =BT8 -> 40 | CK8: =BU8 -> 20 | ... DY8: =DI8 -> 0 | DZ8: ='Demand Stage 2'!AH7 -> 10 | EA8: ='Demand Stage 2'!AI7 -> 10 | EB8: ='Demand Stage 2'!AJ7 -> 10 | EC8: ='Demand Stage 2'!AK7 -> 40 | ED8: ='Demand Stage 2'!AL7 -> 40 | EE8: ='Demand Stage 2'!AM7 -> 40 | EF8: ='Demand Stage 2'!AN7 -> 40 | EG8: ='Demand Stage 2'!AO7 -> 20 | ... EO8: ='Demand Stage 2'!AW7 -> 0 | EP8: =DZ8 -> 10 | EQ8: =EA8 -> 10 | ER8: =EB8 -> 10 | ES8: =EC8 -> 40 | ET8: =ED8 -> 40 | EU8: =EE8 -> 40 | EV8: =EF8 -> 40 | EW8: =EG8 -> 20 | ... GK8: =FU8 -> 0 | GL8: ='Demand Stage 2'!AX7 -> 10 | GM8: ='Demand Stage 2'!AY7 -> 10 | GN8: ='Demand Stage 2'!AZ7 -> 10 | GO8: ='Demand Stage 2'!BA7 -> 40 | GP8: ='Demand Stage 2'!BB7 -> 40 | GQ8: ='Demand Stage 2'!BC7 -> 40 | GR8: ='Demand Stage 2'!BD7 -> 40 | GS8: ='Demand Stage 2'!BE7 -> 20 | ... HA8: ='Demand Stage 2'!BM7 -> 0 | HB8: =GL8 -> 10 | HC8: =GM8 -> 10 | HD8: =GN8 -> 10 | HE8: =GO8 -> 40 | HF8: =GP8 -> 40 | HG8: =GQ8 -> 40 | HH8: =GR8 -> 40 | HI8: =GS8 -> 20 | ... IW8: =IG8 -> 0
A9: 3 | B9: ='Demand Stage 2'!B8 -> 10 | C9: ='Demand Stage 2'!C8 -> 10 | D9: ='Demand Stage 2'!D8 -> 10 | E9: ='Demand Stage 2'!E8 -> 40 | F9: ='Demand Stage 2'!F8 -> 40 | G9: ='Demand Stage 2'!G8 -> 40 | H9: ='Demand Stage 2'!H8 -> 40 | I9: ='Demand Stage 2'!I8 -> 20 | ... Q9: ='Demand Stage 2'!Q8 -> 0 | R9: ='Demand Stage 2'!B8 -> 10 | S9: ='Demand Stage 2'!C8 -> 10 | T9: ='Demand Stage 2'!D8 -> 10 | U9: ='Demand Stage 2'!E8 -> 40 | V9: ='Demand Stage 2'!F8 -> 40 | W9: ='Demand Stage 2'!G8 -> 40 | X9: ='Demand Stage 2'!H8 -> 40 | Y9: ='Demand Stage 2'!I8 -> 20 | ... AG9: ='Demand Stage 2'!Q8 -> 0 | AH9: ='Demand Stage 2'!B8 -> 10 | AI9: ='Demand Stage 2'!C8 -> 10 | AJ9: ='Demand Stage 2'!D8 -> 10 | AK9: ='Demand Stage 2'!E8 -> 40 | AL9: ='Demand Stage 2'!F8 -> 40 | AM9: ='Demand Stage 2'!G8 -> 40 | AN9: ='Demand Stage 2'!H8 -> 40 | AO9: ='Demand Stage 2'!I8 -> 20 | ... AW9: ='Demand Stage 2'!Q8 -> 0 | AX9: ='Demand Stage 2'!B8 -> 10 | AY9: ='Demand Stage 2'!C8 -> 10 | AZ9: ='Demand Stage 2'!D8 -> 10 | BA9: ='Demand Stage 2'!E8 -> 40 | BB9: ='Demand Stage 2'!F8 -> 40 | BC9: ='Demand Stage 2'!G8 -> 40 | BD9: ='Demand Stage 2'!H8 -> 40 | BE9: ='Demand Stage 2'!I8 -> 20 | ... CC9: ='Demand Stage 2'!AG8 -> 0 | CD9: =BN9 -> 10 | CE9: =BO9 -> 10 | CF9: =BP9 -> 10 | CG9: =BQ9 -> 40 | CH9: =BR9 -> 40 | CI9: =BS9 -> 40 | CJ9: =BT9 -> 40 | CK9: =BU9 -> 20 | ... DY9: =DI9 -> 0 | DZ9: ='Demand Stage 2'!AH8 -> 10 | EA9: ='Demand Stage 2'!AI8 -> 10 | EB9: ='Demand Stage 2'!AJ8 -> 10 | EC9: ='Demand Stage 2'!AK8 -> 40 | ED9: ='Demand Stage 2'!AL8 -> 40 | EE9: ='Demand Stage 2'!AM8 -> 40 | EF9: ='Demand Stage 2'!AN8 -> 40 | EG9: ='Demand Stage 2'!AO8 -> 20 | ... EO9: ='Demand Stage 2'!AW8 -> 0 | EP9: =DZ9 -> 10 | EQ9: =EA9 -> 10 | ER9: =EB9 -> 10 | ES9: =EC9 -> 40 | ET9: =ED9 -> 40 | EU9: =EE9 -> 40 | EV9: =EF9 -> 40 | EW9: =EG9 -> 20 | ... GK9: =FU9 -> 0 | GL9: ='Demand Stage 2'!AX8 -> 10 | GM9: ='Demand Stage 2'!AY8 -> 10 | GN9: ='Demand Stage 2'!AZ8 -> 10 | GO9: ='Demand Stage 2'!BA8 -> 40 | GP9: ='Demand Stage 2'!BB8 -> 40 | GQ9: ='Demand Stage 2'!BC8 -> 40 | GR9: ='Demand Stage 2'!BD8 -> 40 | GS9: ='Demand Stage 2'!BE8 -> 20 | ... HA9: ='Demand Stage 2'!BM8 -> 0 | HB9: =GL9 -> 10 | HC9: =GM9 -> 10 | HD9: =GN9 -> 10 | HE9: =GO9 -> 40 | HF9: =GP9 -> 40 | HG9: =GQ9 -> 40 | HH9: =GR9 -> 40 | HI9: =GS9 -> 20 | ... IW9: =IG9 -> 0
A10: 4 | B10: ='Demand Stage 2'!B9 -> 13 | C10: ='Demand Stage 2'!C9 -> 13 | D10: ='Demand Stage 2'!D9 -> 10 | E10: ='Demand Stage 2'!E9 -> 50 | F10: ='Demand Stage 2'!F9 -> 50 | G10: ='Demand Stage 2'!G9 -> 40 | H10: ='Demand Stage 2'!H9 -> 50 | I10: ='Demand Stage 2'!I9 -> 20 | R10: ='Demand Stage 2'!B9 -> 13 | S10: ='Demand Stage 2'!C9 -> 13 | T10: ='Demand Stage 2'!D9 -> 10 | U10: ='Demand Stage 2'!E9 -> 50 | V10: ='Demand Stage 2'!F9 -> 50 | W10: ='Demand Stage 2'!G9 -> 40 | X10: ='Demand Stage 2'!H9 -> 50 | Y10: ='Demand Stage 2'!I9 -> 20 | AH10: ='Demand Stage 2'!B9 -> 13 | AI10: ='Demand Stage 2'!C9 -> 13 | AJ10: ='Demand Stage 2'!D9 -> 10 | AK10: ='Demand Stage 2'!E9 -> 50 | AL10: ='Demand Stage 2'!F9 -> 50 | AM10: ='Demand Stage 2'!G9 -> 40 | AN10: ='Demand Stage 2'!H9 -> 50 | AO10: ='Demand Stage 2'!I9 -> 20 | AX10: ='Demand Stage 2'!B9 -> 13 | AY10: ='Demand Stage 2'!C9 -> 13 | AZ10: ='Demand Stage 2'!D9 -> 10 | BA10: ='Demand Stage 2'!E9 -> 50 | BB10: ='Demand Stage 2'!F9 -> 50 | BC10: ='Demand Stage 2'!G9 -> 40 | BD10: ='Demand Stage 2'!H9 -> 50 | BE10: ='Demand Stage 2'!I9 -> 20 | BN10: ='Demand Stage 2'!R9 -> 7 | BO10: ='Demand Stage 2'!S9 -> 7 | BP10: ='Demand Stage 2'!T9 -> 10 | BQ10: ='Demand Stage 2'!U9 -> 50 | BR10: ='Demand Stage 2'!V9 -> 50 | BS10: ='Demand Stage 2'!W9 -> 40 | BT10: ='Demand Stage 2'!X9 -> 40 | BU10: ='Demand Stage 2'!Y9 -> 20 | CD10: =BN10 -> 7 | CE10: =BO10 -> 7 | CF10: =BP10 -> 10 | CG10: =BQ10 -> 50 | CH10: =BR10 -> 50 | CI10: =BS10 -> 40 | CJ10: =BT10 -> 40 | CK10: =BU10 -> 20 | CT10: =CD10 -> 7 | CU10: =CE10 -> 7 | CV10: =CF10 -> 10 | CW10: =CG10 -> 50 | CX10: =CH10 -> 50 | CY10: =CI10 -> 40 | CZ10: =CJ10 -> 40 | DA10: =CK10 -> 20 | DJ10: =CT10 -> 7 | DK10: =CU10 -> 7 | DL10: =CV10 -> 10 | DM10: =CW10 -> 50 | DN10: =CX10 -> 50 | DO10: =CY10 -> 40 | DP10: =CZ10 -> 40 | DQ10: =DA10 -> 20 | DZ10: ='Demand Stage 2'!AH9 -> 13 | EA10: ='Demand Stage 2'!AI9 -> 13 | EB10: ='Demand Stage 2'!AJ9 -> 10 | EC10: ='Demand Stage 2'!AK9 -> 40 | ED10: ='Demand Stage 2'!AL9 -> 40 | EE10: ='Demand Stage 2'!AM9 -> 40 | EF10: ='Demand Stage 2'!AN9 -> 50 | EG10: ='Demand Stage 2'!AO9 -> 20 | EP10: =DZ10 -> 13 | EQ10: =EA10 -> 13 | ER10: =EB10 -> 10 | ES10: =EC10 -> 40 | ET10: =ED10 -> 40 | EU10: =EE10 -> 40 | EV10: =EF10 -> 50 | EW10: =EG10 -> 20 | FF10: =EP10 -> 13 | FG10: =EQ10 -> 13 | FH10: =ER10 -> 10 | FI10: =ES10 -> 40 | FJ10: =ET10 -> 40 | FK10: =EU10 -> 40 | FL10: =EV10 -> 50 | FM10: =EW10 -> 20 | FV10: =FF10 -> 13 | FW10: =FG10 -> 13 | FX10: =FH10 -> 10 | FY10: =FI10 -> 40 | FZ10: =FJ10 -> 40 | GA10: =FK10 -> 40 | GB10: =FL10 -> 50 | GC10: =FM10 -> 20 | GL10: ='Demand Stage 2'!AX9 -> 7 | GM10: ='Demand Stage 2'!AY9 -> 7 | GN10: ='Demand Stage 2'!AZ9 -> 10 | GO10: ='Demand Stage 2'!BA9 -> 40 | GP10: ='Demand Stage 2'!BB9 -> 40 | GQ10: ='Demand Stage 2'!BC9 -> 40 | GR10: ='Demand Stage 2'!BD9 -> 40 | GS10: ='Demand Stage 2'!BE9 -> 20 | HB10: =GL10 -> 7 | HC10: =GM10 -> 7 | HD10: =GN10 -> 10 | HE10: =GO10 -> 40 | HF10: =GP10 -> 40 | HG10: =GQ10 -> 40 | HH10: =GR10 -> 40 | HI10: =GS10 -> 20 | HR10: =HB10 -> 7 | HS10: =HC10 -> 7 | HT10: =HD10 -> 10 | HU10: =HE10 -> 40 | HV10: =HF10 -> 40 | HW10: =HG10 -> 40 | HX10: =HH10 -> 40 | HY10: =HI10 -> 20 | IH10: =HR10 -> 7 | II10: =HS10 -> 7 | IJ10: =HT10 -> 10 | IK10: =HU10 -> 40 | IL10: =HV10 -> 40 | IM10: =HW10 -> 40 | IN10: =HX10 -> 40 | IO10: =HY10 -> 20
A11: 5 | B11: ='Demand Stage 2'!B10 -> 10 | C11: ='Demand Stage 2'!C10 -> 10 | D11: ='Demand Stage 2'!D10 -> 10 | E11: ='Demand Stage 2'!E10 -> 40 | F11: ='Demand Stage 2'!F10 -> 40 | G11: ='Demand Stage 2'!G10 -> 40 | H11: ='Demand Stage 2'!H10 -> 35 | I11: ='Demand Stage 2'!I10 -> 20 | R11: ='Demand Stage 2'!B10 -> 10 | S11: ='Demand Stage 2'!C10 -> 10 | T11: ='Demand Stage 2'!D10 -> 10 | U11: ='Demand Stage 2'!E10 -> 40 | V11: ='Demand Stage 2'!F10 -> 40 | W11: ='Demand Stage 2'!G10 -> 40 | X11: ='Demand Stage 2'!H10 -> 35 | Y11: ='Demand Stage 2'!I10 -> 20 | AH11: ='Demand Stage 2'!B10 -> 10 | AI11: ='Demand Stage 2'!C10 -> 10 | AJ11: ='Demand Stage 2'!D10 -> 10 | AK11: ='Demand Stage 2'!E10 -> 40 | AL11: ='Demand Stage 2'!F10 -> 40 | AM11: ='Demand Stage 2'!G10 -> 40 | AN11: ='Demand Stage 2'!H10 -> 35 | AO11: ='Demand Stage 2'!I10 -> 20 | AX11: ='Demand Stage 2'!B10 -> 10 | AY11: ='Demand Stage 2'!C10 -> 10 | AZ11: ='Demand Stage 2'!D10 -> 10 | BA11: ='Demand Stage 2'!E10 -> 40 | BB11: ='Demand Stage 2'!F10 -> 40 | BC11: ='Demand Stage 2'!G10 -> 40 | BD11: ='Demand Stage 2'!H10 -> 35 | BE11: ='Demand Stage 2'!I10 -> 20 | BN11: ='Demand Stage 2'!R10 -> 10 | BO11: ='Demand Stage 2'!S10 -> 10 | BP11: ='Demand Stage 2'!T10 -> 10 | BQ11: ='Demand Stage 2'!U10 -> 40 | BR11: ='Demand Stage 2'!V10 -> 40 | BS11: ='Demand Stage 2'!W10 -> 40 | BT11: ='Demand Stage 2'!X10 -> 35 | BU11: ='Demand Stage 2'!Y10 -> 20 | CD11: =BN11 -> 10 | CE11: =BO11 -> 10 | CF11: =BP11 -> 10 | CG11: =BQ11 -> 40 | CH11: =BR11 -> 40 | CI11: =BS11 -> 40 | CJ11: =BT11 -> 35 | CK11: =BU11 -> 20 | CT11: =CD11 -> 10 | CU11: =CE11 -> 10 | CV11: =CF11 -> 10 | CW11: =CG11 -> 40 | CX11: =CH11 -> 40 | CY11: =CI11 -> 40 | CZ11: =CJ11 -> 35 | DA11: =CK11 -> 20 | DJ11: =CT11 -> 10 | DK11: =CU11 -> 10 | DL11: =CV11 -> 10 | DM11: =CW11 -> 40 | DN11: =CX11 -> 40 | DO11: =CY11 -> 40 | DP11: =CZ11 -> 35 | DQ11: =DA11 -> 20 | DZ11: ='Demand Stage 2'!AH10 -> 10 | EA11: ='Demand Stage 2'!AI10 -> 10 | EB11: ='Demand Stage 2'!AJ10 -> 10 | EC11: ='Demand Stage 2'!AK10 -> 40 | ED11: ='Demand Stage 2'!AL10 -> 40 | EE11: ='Demand Stage 2'!AM10 -> 40 | EF11: ='Demand Stage 2'!AN10 -> 35 | EG11: ='Demand Stage 2'!AO10 -> 20 | EP11: =DZ11 -> 10 | EQ11: =EA11 -> 10 | ER11: =EB11 -> 10 | ES11: =EC11 -> 40 | ET11: =ED11 -> 40 | EU11: =EE11 -> 40 | EV11: =EF11 -> 35 | EW11: =EG11 -> 20 | FF11: =EP11 -> 10 | FG11: =EQ11 -> 10 | FH11: =ER11 -> 10 | FI11: =ES11 -> 40 | FJ11: =ET11 -> 40 | FK11: =EU11 -> 40 | FL11: =EV11 -> 35 | FM11: =EW11 -> 20 | FV11: =FF11 -> 10 | FW11: =FG11 -> 10 | FX11: =FH11 -> 10 | FY11: =FI11 -> 40 | FZ11: =FJ11 -> 40 | GA11: =FK11 -> 40 | GB11: =FL11 -> 35 | GC11: =FM11 -> 20 | GL11: ='Demand Stage 2'!AX10 -> 10 | GM11: ='Demand Stage 2'!AY10 -> 10 | GN11: ='Demand Stage 2'!AZ10 -> 10 | GO11: ='Demand Stage 2'!BA10 -> 40 | GP11: ='Demand Stage 2'!BB10 -> 40 | GQ11: ='Demand Stage 2'!BC10 -> 40 | GR11: ='Demand Stage 2'!BD10 -> 35 | GS11: ='Demand Stage 2'!BE10 -> 20 | HB11: =GL11 -> 10 | HC11: =GM11 -> 10 | HD11: =GN11 -> 10 | HE11: =GO11 -> 40 | HF11: =GP11 -> 40 | HG11: =GQ11 -> 40 | HH11: =GR11 -> 35 | HI11: =GS11 -> 20 | HR11: =HB11 -> 10 | HS11: =HC11 -> 10 | HT11: =HD11 -> 10 | HU11: =HE11 -> 40 | HV11: =HF11 -> 40 | HW11: =HG11 -> 40 | HX11: =HH11 -> 35 | HY11: =HI11 -> 20 | IH11: =HR11 -> 10 | II11: =HS11 -> 10 | IJ11: =HT11 -> 10 | IK11: =HU11 -> 40 | IL11: =HV11 -> 40 | IM11: =HW11 -> 40 | IN11: =HX11 -> 35 | IO11: =HY11 -> 20
A12: 6 | B12: ='Demand Stage 2'!B11 -> 10 | C12: ='Demand Stage 2'!C11 -> 10 | D12: ='Demand Stage 2'!D11 -> 10 | E12: ='Demand Stage 2'!E11 -> 40 | F12: ='Demand Stage 2'!F11 -> 40 | G12: ='Demand Stage 2'!G11 -> 40 | H12: ='Demand Stage 2'!H11 -> 35 | I12: ='Demand Stage 2'!I11 -> 20 | R12: ='Demand Stage 2'!B11 -> 10 | S12: ='Demand Stage 2'!C11 -> 10 | T12: ='Demand Stage 2'!D11 -> 10 | U12: ='Demand Stage 2'!E11 -> 40 | V12: ='Demand Stage 2'!F11 -> 40 | W12: ='Demand Stage 2'!G11 -> 40 | X12: ='Demand Stage 2'!H11 -> 35 | Y12: ='Demand Stage 2'!I11 -> 20 | AH12: ='Demand Stage 2'!B11 -> 10 | AI12: ='Demand Stage 2'!C11 -> 10 | AJ12: ='Demand Stage 2'!D11 -> 10 | AK12: ='Demand Stage 2'!E11 -> 40 | AL12: ='Demand Stage 2'!F11 -> 40 | AM12: ='Demand Stage 2'!G11 -> 40 | AN12: ='Demand Stage 2'!H11 -> 35 | AO12: ='Demand Stage 2'!I11 -> 20 | AX12: ='Demand Stage 2'!B11 -> 10 | AY12: ='Demand Stage 2'!C11 -> 10 | AZ12: ='Demand Stage 2'!D11 -> 10 | BA12: ='Demand Stage 2'!E11 -> 40 | BB12: ='Demand Stage 2'!F11 -> 40 | BC12: ='Demand Stage 2'!G11 -> 40 | BD12: ='Demand Stage 2'!H11 -> 35 | BE12: ='Demand Stage 2'!I11 -> 20 | BN12: ='Demand Stage 2'!R11 -> 10 | BO12: ='Demand Stage 2'!S11 -> 10 | BP12: ='Demand Stage 2'!T11 -> 10 | BQ12: ='Demand Stage 2'!U11 -> 40 | BR12: ='Demand Stage 2'!V11 -> 40 | BS12: ='Demand Stage 2'!W11 -> 40 | BT12: ='Demand Stage 2'!X11 -> 35 | BU12: ='Demand Stage 2'!Y11 -> 20 | CD12: =BN12 -> 10 | CE12: =BO12 -> 10 | CF12: =BP12 -> 10 | CG12: =BQ12 -> 40 | CH12: =BR12 -> 40 | CI12: =BS12 -> 40 | CJ12: =BT12 -> 35 | CK12: =BU12 -> 20 | CT12: =CD12 -> 10 | CU12: =CE12 -> 10 | CV12: =CF12 -> 10 | CW12: =CG12 -> 40 | CX12: =CH12 -> 40 | CY12: =CI12 -> 40 | CZ12: =CJ12 -> 35 | DA12: =CK12 -> 20 | DJ12: =CT12 -> 10 | DK12: =CU12 -> 10 | DL12: =CV12 -> 10 | DM12: =CW12 -> 40 | DN12: =CX12 -> 40 | DO12: =CY12 -> 40 | DP12: =CZ12 -> 35 | DQ12: =DA12 -> 20 | DZ12: ='Demand Stage 2'!AH11 -> 10 | EA12: ='Demand Stage 2'!AI11 -> 10 | EB12: ='Demand Stage 2'!AJ11 -> 10 | EC12: ='Demand Stage 2'!AK11 -> 40 | ED12: ='Demand Stage 2'!AL11 -> 40 | EE12: ='Demand Stage 2'!AM11 -> 40 | EF12: ='Demand Stage 2'!AN11 -> 35 | EG12: ='Demand Stage 2'!AO11 -> 20 | EP12: =DZ12 -> 10 | EQ12: =EA12 -> 10 | ER12: =EB12 -> 10 | ES12: =EC12 -> 40 | ET12: =ED12 -> 40 | EU12: =EE12 -> 40 | EV12: =EF12 -> 35 | EW12: =EG12 -> 20 | FF12: =EP12 -> 10 | FG12: =EQ12 -> 10 | FH12: =ER12 -> 10 | FI12: =ES12 -> 40 | FJ12: =ET12 -> 40 | FK12: =EU12 -> 40 | FL12: =EV12 -> 35 | FM12: =EW12 -> 20 | FV12: =FF12 -> 10 | FW12: =FG12 -> 10 | FX12: =FH12 -> 10 | FY12: =FI12 -> 40 | FZ12: =FJ12 -> 40 | GA12: =FK12 -> 40 | GB12: =FL12 -> 35 | GC12: =FM12 -> 20 | GL12: ='Demand Stage 2'!AX11 -> 10 | GM12: ='Demand Stage 2'!AY11 -> 10 | GN12: ='Demand Stage 2'!AZ11 -> 10 | GO12: ='Demand Stage 2'!BA11 -> 40 | GP12: ='Demand Stage 2'!BB11 -> 40 | GQ12: ='Demand Stage 2'!BC11 -> 40 | GR12: ='Demand Stage 2'!BD11 -> 35 | GS12: ='Demand Stage 2'!BE11 -> 20 | HB12: =GL12 -> 10 | HC12: =GM12 -> 10 | HD12: =GN12 -> 10 | HE12: =GO12 -> 40 | HF12: =GP12 -> 40 | HG12: =GQ12 -> 40 | HH12: =GR12 -> 35 | HI12: =GS12 -> 20 | HR12: =HB12 -> 10 | HS12: =HC12 -> 10 | HT12: =HD12 -> 10 | HU12: =HE12 -> 40 | HV12: =HF12 -> 40 | HW12: =HG12 -> 40 | HX12: =HH12 -> 35 | HY12: =HI12 -> 20 | IH12: =HR12 -> 10 | II12: =HS12 -> 10 | IJ12: =HT12 -> 10 | IK12: =HU12 -> 40 | IL12: =HV12 -> 40 | IM12: =HW12 -> 40 | IN12: =HX12 -> 35 | IO12: =HY12 -> 20
A13: 7 | B13: ='Demand Stage 2'!B12 -> 13 | C13: ='Demand Stage 2'!C12 -> 13 | D13: ='Demand Stage 2'!D12 -> 10 | E13: ='Demand Stage 2'!E12 -> 50 | F13: ='Demand Stage 2'!F12 -> 50 | G13: ='Demand Stage 2'!G12 -> 40 | H13: ='Demand Stage 2'!H12 -> 45 | I13: ='Demand Stage 2'!I12 -> 20 | R13: ='Demand Stage 2'!B12 -> 13 | S13: ='Demand Stage 2'!C12 -> 13 | T13: ='Demand Stage 2'!D12 -> 10 | U13: ='Demand Stage 2'!E12 -> 50 | V13: ='Demand Stage 2'!F12 -> 50 | W13: ='Demand Stage 2'!G12 -> 40 | X13: ='Demand Stage 2'!H12 -> 45 | Y13: ='Demand Stage 2'!I12 -> 20 | AH13: ='Demand Stage 2'!B12 -> 13 | AI13: ='Demand Stage 2'!C12 -> 13 | AJ13: ='Demand Stage 2'!D12 -> 10 | AK13: ='Demand Stage 2'!E12 -> 50 | AL13: ='Demand Stage 2'!F12 -> 50 | AM13: ='Demand Stage 2'!G12 -> 40 | AN13: ='Demand Stage 2'!H12 -> 45 | AO13: ='Demand Stage 2'!I12 -> 20 | AX13: ='Demand Stage 2'!B12 -> 13 | AY13: ='Demand Stage 2'!C12 -> 13 | AZ13: ='Demand Stage 2'!D12 -> 10 | BA13: ='Demand Stage 2'!E12 -> 50 | BB13: ='Demand Stage 2'!F12 -> 50 | BC13: ='Demand Stage 2'!G12 -> 40 | BD13: ='Demand Stage 2'!H12 -> 45 | BE13: ='Demand Stage 2'!I12 -> 20 | BN13: ='Demand Stage 2'!R12 -> 7 | BO13: ='Demand Stage 2'!S12 -> 7 | BP13: ='Demand Stage 2'!T12 -> 10 | BQ13: ='Demand Stage 2'!U12 -> 50 | BR13: ='Demand Stage 2'!V12 -> 50 | BS13: ='Demand Stage 2'!W12 -> 40 | BT13: ='Demand Stage 2'!X12 -> 35 | BU13: ='Demand Stage 2'!Y12 -> 20 | CD13: =BN13 -> 7 | CE13: =BO13 -> 7 | CF13: =BP13 -> 10 | CG13: =BQ13 -> 50 | CH13: =BR13 -> 50 | CI13: =BS13 -> 40 | CJ13: =BT13 -> 35 | CK13: =BU13 -> 20 | CT13: =CD13 -> 7 | CU13: =CE13 -> 7 | CV13: =CF13 -> 10 | CW13: =CG13 -> 50 | CX13: =CH13 -> 50 | CY13: =CI13 -> 40 | CZ13: =CJ13 -> 35 | DA13: =CK13 -> 20 | DJ13: =CT13 -> 7 | DK13: =CU13 -> 7 | DL13: =CV13 -> 10 | DM13: =CW13 -> 50 | DN13: =CX13 -> 50 | DO13: =CY13 -> 40 | DP13: =CZ13 -> 35 | DQ13: =DA13 -> 20 | DZ13: ='Demand Stage 2'!AH12 -> 13 | EA13: ='Demand Stage 2'!AI12 -> 13 | EB13: ='Demand Stage 2'!AJ12 -> 10 | EC13: ='Demand Stage 2'!AK12 -> 40 | ED13: ='Demand Stage 2'!AL12 -> 40 | EE13: ='Demand Stage 2'!AM12 -> 40 | EF13: ='Demand Stage 2'!AN12 -> 45 | EG13: ='Demand Stage 2'!AO12 -> 20 | EP13: =DZ13 -> 13 | EQ13: =EA13 -> 13 | ER13: =EB13 -> 10 | ES13: =EC13 -> 40 | ET13: =ED13 -> 40 | EU13: =EE13 -> 40 | EV13: =EF13 -> 45 | EW13: =EG13 -> 20 | FF13: =EP13 -> 13 | FG13: =EQ13 -> 13 | FH13: =ER13 -> 10 | FI13: =ES13 -> 40 | FJ13: =ET13 -> 40 | FK13: =EU13 -> 40 | FL13: =EV13 -> 45 | FM13: =EW13 -> 20 | FV13: =FF13 -> 13 | FW13: =FG13 -> 13 | FX13: =FH13 -> 10 | FY13: =FI13 -> 40 | FZ13: =FJ13 -> 40 | GA13: =FK13 -> 40 | GB13: =FL13 -> 45 | GC13: =FM13 -> 20 | GL13: ='Demand Stage 2'!AX12 -> 7 | GM13: ='Demand Stage 2'!AY12 -> 7 | GN13: ='Demand Stage 2'!AZ12 -> 10 | GO13: ='Demand Stage 2'!BA12 -> 40 | GP13: ='Demand Stage 2'!BB12 -> 40 | GQ13: ='Demand Stage 2'!BC12 -> 40 | GR13: ='Demand Stage 2'!BD12 -> 35 | GS13: ='Demand Stage 2'!BE12 -> 20 | HB13: =GL13 -> 7 | HC13: =GM13 -> 7 | HD13: =GN13 -> 10 | HE13: =GO13 -> 40 | HF13: =GP13 -> 40 | HG13: =GQ13 -> 40 | HH13: =GR13 -> 35 | HI13: =GS13 -> 20 | HR13: =HB13 -> 7 | HS13: =HC13 -> 7 | HT13: =HD13 -> 10 | HU13: =HE13 -> 40 | HV13: =HF13 -> 40 | HW13: =HG13 -> 40 | HX13: =HH13 -> 35 | HY13: =HI13 -> 20 | IH13: =HR13 -> 7 | II13: =HS13 -> 7 | IJ13: =HT13 -> 10 | IK13: =HU13 -> 40 | IL13: =HV13 -> 40 | IM13: =HW13 -> 40 | IN13: =HX13 -> 35 | IO13: =HY13 -> 20
A14: 8
A15: 9
A16: 10
A17: 11
A18: 12
A19: 13
A20: 14
A21: 15
A22: 16
A23: 17
A24: 18
A25: 19
... A29: 23
B33: Sum Probabilities | C33: =SUM(B2:IW2) -> 1

Sheet SalesPriceGasMix
A1: Hour | B1: ST.FERGUS | C1: EASINGTON | D1: TEESSIDE | E1: EMDEN | F1: DORNUM | G1: ZEEBRUGGE | H1: DUNKERQUE | I1: POLAND | K1: Gemiddelde
A2: 1 | B2: 26 | C2: 26 | D2: 26 | E2: 28 | F2: 28 | G2: 29 | H2: 30 | I2: 30 | K2: =AVERAGE(B2:I2) -> 27.875
A3: 2 | B3: 26 | C3: 26 | D3: 26 | E3: 28 | F3: 28 | G3: 29 | H3: 30 | I3: 30 | K3: =AVERAGE(B3:I3) -> 27.875
A4: 3 | B4: 26 | C4: 26 | D4: 26 | E4: 28 | F4: 28 | G4: 29 | H4: 30 | I4: 30 | K4: =AVERAGE(B4:I4) -> 27.875
A5: 4 | B5: 26 | C5: 26 | D5: 26 | E5: 28 | F5: 28 | G5: 29 | H5: 30 | I5: 30 | K5: =AVERAGE(B5:I5) -> 27.875
A6: 5 | B6: 28 | C6: 28 | D6: 28 | E6: 30 | F6: 30 | G6: 31 | H6: 32 | I6: 30 | K6: =AVERAGE(B6:I6) -> 29.625
A7: 6 | B7: 27 | C7: 27 | D7: 27 | E7: 29 | F7: 29 | G7: 30 | H7: 31 | I7: 30 | K7: =AVERAGE(B7:I7) -> 28.75
A8: 7 | B8: 27 | C8: 27 | D8: 27 | E8: 29 | F8: 29 | G8: 30 | H8: 31 | I8: 30 | K8: =AVERAGE(B8:I8) -> 28.75
A9: 8 | B9: 29 | C9: 29 | D9: 29 | E9: 31 | F9: 31 | G9: 32 | H9: 33 | I9: 30 | K9: =AVERAGE(B9:I9) -> 30.5

Sheet SalesPricePureHydrogen
A1: Hour | B1: ST.FERGUS | C1: EASINGTON | D1: TEESSIDE | E1: EMDEN | F1: EMDEN 2 | G1: ZEEBRUGGE | H1: DUNKERQUE | I1: POLAND
A2: 1 | B2: 1 | C2: 1 | D2: 1 | E2: 1 | F2: 1 | G2: 1 | H2: 1 | I2: 1
A3: 2 | B3: 1 | C3: 1 | D3: 1 | E3: 1 | F3: 1 | G3: 1 | H3: 1 | I3: 1
A4: 3 | B4: 1 | C4: 1 | D4: 1 | E4: 1 | F4: 1 | G4: 1 | H4: 1 | I4: 1
A5: 4 | B5: 1 | C5: 1 | D5: 1 | E5: 1 | F5: 1 | G5: 1 | H5: 1 | I5: 1
A6: 5 | B6: 1 | C6: 1 | D6: 1 | E6: 1 | F6: 1 | G6: 1 | H6: 1 | I6: 1
A7: 6 | B7: 1 | C7: 1 | D7: 1 | E7: 1 | F7: 1 | G7: 1 | H7: 1 | I7: 1
A8: 7 | B8: 1 | C8: 1 | D8: 1 | E8: 1 | F8: 1 | G8: 1 | H8: 1 | I8: 1
A9: 8 | B9: 1 | C9: 1 | D9: 1 | E9: 1 | F9: 1 | G9: 1 | H9: 1 | I9: 1

Sheet Parameters
A1: Name | B1: Value
A2: Loss rate | B2: 0
A3: Allowed percentage Stage 1 | B3: 1
A4: Allowed percentage Stage 2 | B4: 1
A5: Allowed percentage Stage 3 | B5: 1
A6: Gamma | B6: 0.25
A7: Number hours | B7: 8
A8: Stage 2 nodes | B8: 4
A9: Stage 3 nodes | B9: 16
A10: Number markets | B10: 8
A11: Number shippers | B11: 8
A12: Number scenarios hydrogen | B12: 1
A13: Increase storage costs stage 2 | B13: 1.04
A14: Increase storage costs stage 3 | B14: 1.08

Sheet Arcs
A1: ID | B1: Name | C1: curOperNam | D1: curPhase | E1: curPhDate | F1: Source | G1: Sink | H1: geometry | I1: Capacity | J1: Note | K1: Source_ID | L1: Sink_ID | M1: Flow costs Gas | N1: Flow costs Hydrogen | O1: Coordinate Source | P1: Coordinate Sink | Q1: Coordinate Middle | S1: Length
A2: 1 | B2: Statpipe | C2: OKEA ASA | D2: IN SERVICE | E2: 1993-09-23 | F2: BRAGE | G2: BRAGE-T | H2: ="LINESTRING(" & O2 & "," & Q2 & "," & P2 & ")" -> LINESTRING(2.89805500000006 60.5606330000001,2.96794024746388 60.5519809989487,3.0378254949277 60.5433289978974) | I2: 48.1 | J2: =IF(I2=100,"Capacity unknown","") | K2: =INDEX(Nodes!$A:$A,MATCH(Arcs!F2,Nodes!$B:$B,0)) -> 6 | L2: =INDEX(Nodes!$A:$A,MATCH(Arcs!G2,Nodes!$B:$B,0)) -> 7 | M2: =S2 -> 0.01 | N2: =S2 -> 0.01 | O2: {=SUBSTITUTE(INDEX(Nodes!$A$3:$E$64,Arcs!K2,4) & " " & INDEX(Nodes!$A$3:$E$64,Arcs!K2,5), ",",".")} -> 2.89805500000006 60.5606330000001 | P2: {=SUBSTITUTE(INDEX(Nodes!$A$3:$E$64,Arcs!L2,4) & " " & INDEX(Nodes!$A$3:$E$64,Arcs!L2,5), ",",".")} -> 3.0378254949277 60.5433289978974 | Q2: =SUBSTITUTE(AVERAGE(INDEX(Nodes!$A$3:$E$64,Arcs!K2,4), INDEX(Nodes!$A$3:$E$64,Arcs!L2,4)) & " " & AVERAGE(INDEX(Nodes!$A$3:$E$64,Arcs!K2,5), INDEX(Nodes!$A$3:$E$64,Arcs!L2,5)), ",", ".") -> 2.96794024746388 60.5519809989487 | S2: 0.01
A3: 2 | B3: Draugen Gasseksport | C3: OKEA ASA | D3: IN SERVICE | E3: 2000-10-10 | F3: DRAUGEN | G3: DRAUGEN T | H3: ="LINESTRING(" & O3 & "," & Q3 & "," & P3 & ")" -> LINESTRING(6.44125800000006 64.233255,7.11614205264601 64.2919112956052,7.79102610529196 64.3505675912103) | I3: 5 | J3: =IF(I3=100,"Capacity unknown","") | K3: =INDEX(Nodes!$A:$A,MATCH(Arcs!F3,Nodes!$B:$B,0)) -> 13 | L3: =INDEX(Nodes!$A:$A,MATCH(Arcs!G3,Nodes!$B:$B,0)) -> 14 | M3: =S3 -> 0.01 | N3: =S3 -> 0.01 | O3: {=SUBSTITUTE(INDEX(Nodes!$A$3:$E$64,Arcs!K3,4) & " " & INDEX(Nodes!$A$3:$E$64,Arcs!K3,5), ",",".")} -> 6.44125800000006 64.233255 | P3: {=SUBSTITUTE(INDEX(Nodes!$A$3:$E$64,Arcs!L3,4) & " " & INDEX(Nodes!$A$3:$E$64,Arcs!L3,5), ",",".")} -> 7.79102610529196 64.3505675912103 | Q3: =SUBSTITUTE(AVERAGE(INDEX(Nodes!$A$3:$E$64,Arcs!K3,4), INDEX(Nodes!$A$3:$E$64,Arcs!L3,4)) & " " & AVERAGE(INDEX(Nodes!$A$3:$E$64,Arcs!K3,5), INDEX(Nodes!$A$3:$E$64,Arcs!L3,5)), ",", ".") -> 7.11614205264601 64.2919112956052 | S3: 0.01
A4: 3 | B4: Asgard Transport | C4: Gassco AS | D4: IN SERVICE | E4: 2000-10-04 | F4: aSGARD ERB | G4: KaRSTo | H4: ="LINESTRING(" & O4 & "," & Q4 & "," & P4 & ")" -> LINESTRING(4.68854112718991 62.3027286385494,5.10073123031673 60.7874221331929,5.51292133344356 59.2721156278364) | I4: 70 | J4: =IF(I4=100,"Capacity unknown","") | K4: =INDEX(Nodes!$A:$A,MATCH(Arcs!F4,Nodes!$B:$B,0)) -> 2 | L4: =INDEX(Nodes!$A:$A,MATCH(Arcs!G4,Nodes!$B:$B,0)) -> 36 | M4: =S4 -> 0.707 | N4: =S4 -> 0.707 | O4: {=SUBSTITUTE(INDEX(Nodes!$A$3:$E$64,Arcs!K4,4) & " " & INDEX(Nodes!$A$3:$E$64,Arcs!K4,5), ",",".")} -> 4.68854112718991 62.3027286385494 | P4: {=SUBSTITUTE(INDEX(Nodes!$A$3:$E$64,Arcs!L4,4) & " " & INDEX(Nodes!$A$3:$E$64,Arcs!L4,5), ",",".")} -> 5.51292133344356 59.2721156278364 | Q4: =SUBSTITUTE(AVERAGE(INDEX(Nodes!$A$3:$E$64,Arcs!K4,4), INDEX(Nodes!$A$3:$E$64,Arcs!L4,4)) & " " & AVERAGE(INDEX(Nodes!$A$3:$E$64,Arcs!K4,5), INDEX(Nodes!$A$3:$E$64,Arcs!L4,5)), ",", ".") -> 5.10073123031673 60.7874221331929 | S4: 0.707
A5: 4 | B5: Europipe I | C5: Gassco AS | D5: IN SERVICE | E5: 1995-10-01 | F5: DRAUPNER E | G5: EUROPIPE-SCP | H5: ="LINESTRING(" & O5 & "," & Q5 & "," & P5 & ")" -> LINESTRING(2.46440416605363 58.1881490174125,3.34351308302685 56.9475590087063,4.22262200000006 55.7069690000001) | I5: 45.7 | J5: =IF(I5=100,"Capacity unknown","") | K5: =INDEX(Nodes!$A:$A,MATCH(Arcs!F5,Nodes!$B:$B,0)) -> 15 | L5: =INDEX(Nodes!$A:$A,MATCH(Arcs!G5,Nodes!$B:$B,0)) -> 23 | M5: =S5 -> 0.4002 | N5: =S5 -> 0.4002 | O5: {=SUBSTITUTE(INDEX(Nodes!$A$3:$E$64,Arcs!K5,4) & " " & INDEX(Nodes!$A$3:$E$64,Arcs!K5,5), ",",".")} -> 2.46440416605363 58.1881490174125 | P5: {=SUBSTITUTE(INDEX(Nodes!$A$3:$E$64,Arcs!L5,4) & " " & INDEX(Nodes!$A$3:$E$64,Arcs!L5,5), ",",".")} -> 4.22262200000006 55.7069690000001 | Q5: =SUBSTITUTE(AVERAGE(INDEX(Nodes!$A$3:$E$64,Arcs!K5,4), INDEX(Nodes!$A$3:$E$64,Arcs!L5,4)) & " " & AVERAGE(INDEX(Nodes!$A$3:$E$64,Arcs!K5,5), INDEX(Nodes!$A$3:$E$64,Arcs!L5,5)), ",", ".") -> 3.34351308302685 56.9475590087063 | S5: =0.667*0.6 -> 0.4002
A6: 5 | B6: Europipe I | C6: Gassco AS | D6: IN SERVICE | E6: 1995-10-01 | F6: EUROPIPE-SCP | G6: DORNUM | H6: ="LINESTRING(" & O6 & "," & Q6 & "," & P6 & ")" -> LINESTRING(4.22262200000006 55.7069690000001,5.77452100000005 54.6933345000001,7.32642000000004 53.6797000000001) | I6: 45.7 | J6: =IF(I6=100,"Capacity unknown","") | K6: =INDEX(Nodes!$A:$A,MATCH(Arcs!F6,Nodes!$B:$B,0)) -> 23 | L6: =INDEX(Nodes!$A:$A,MATCH(Arcs!G6,Nodes!$B:$B,0)) -> 21 | M6: =S6 -> 0.2668 | N6: =S6 -> 0.2668 | O6: {=SUBSTITUTE(INDEX(Nodes!$A$3:$E$64,Arcs!K6,4) & " " & INDEX(Nodes!$A$3:$E$64,Arcs!K6,5), ",",".")} -> 4.22262200000006 55.7069690000001 | P6: {=SUBSTITUTE(INDEX(Nodes!$A$3:$E$64,Arcs!L6,4) & " " & INDEX(Nodes!$A$3:$E$64,Arcs!L6,5), ",",".")} -> 7.32642000000004 53.6797000000001 | Q6: =SUBSTITUTE(AVERAGE(INDEX(Nodes!$A$3:$E$64,Arcs!K6,4), INDEX(Nodes!$A$3:$E$64,Arcs!L6,4)) & " " & AVERAGE(INDEX(Nodes!$A$3:$E$64,Arcs!K6,5), INDEX(Nodes!$A$3:$E$64,Arcs!L6,5)), ",", ".") -> 5.77452100000005 54.6933345000001 | S6: =0.667*0.4 -> 0.2668
A7: 6 | B7: Europipe II-a | C7: Gassco AS | D7: IN SERVICE | E7: 1999-10-01 | F7: KaRSTo | G7: BALTIC ENTRANCE | H7: ="LINESTRING(" & O7 & "," & Q7 & "," & P7 & ")" -> LINESTRING(5.51292133344356 59.2721156278364,6.00836066672178 57.4910578139182,6.5038 55.71) | I7: 73.5 | J7: =IF(I7=100,"Capacity unknown","") | K7: =INDEX(Nodes!$A:$A,MATCH(Arcs!F7,Nodes!$B:$B,0)) -> 36 | L7: =INDEX(Nodes!$A:$A,MATCH(Arcs!G7,Nodes!$B:$B,0)) -> 5 | M7: =S7 -> 0.44 | N7: =S7 -> 0.44 | O7: {=SUBSTITUTE(INDEX(Nodes!$A$3:$E$64,Arcs!K7,4) & " " & INDEX(Nodes!$A$3:$E$64,Arcs!K7,5), ",",".")} -> 5.51292133344356 59.2721156278364 | P7: {=SUBSTITUTE(INDEX(Nodes!$A$3:$E$64,Arcs!L7,4) & " " & INDEX(Nodes!$A$3:$E$64,Arcs!L7,5), ",",".")} -> 6.5038 55.71 | Q7: =SUBSTITUTE(AVERAGE(INDEX(Nodes!$A$3:$E$64,Arcs!K7,4), INDEX(Nodes!$A$3:$E$64,Arcs!L7,4)) & " " & AVERAGE(INDEX(Nodes!$A$3:$E$64,Arcs!K7,5), INDEX(Nodes!$A$3:$E$64,Arcs!L7,5)), ",", ".") -> 6.00836066672178 57.4910578139182 | S7: 0.44
A8: 7 | B8: Europipe II-b | C8: Gassco AS | D8: IN SERVICE | E8: 1999-10-01 | F8: BALTIC ENTRANCE | G8: DORNUM | H8: ="LINESTRING(" & O8 & "," & Q8 & "," & P8 & ")" -> LINESTRING(6.5038 55.71,6.91511000000002 54.69485,7.32642000000004 53.6797000000001) | I8: 73.5 | J8: =IF(I8=100,"Capacity unknown","") | K8: =INDEX(Nodes!$A:$A,MATCH(Arcs!F8,Nodes!$B:$B,0)) -> 5 | L8: =INDEX(Nodes!$A:$A,MATCH(Arcs!G8,Nodes!$B:$B,0)) -> 21 | M8: =S8 -> 0.22 | N8: =S8 -> 0.22 | O8: {=SUBSTITUTE(INDEX(Nodes!$A$3:$E$64,Arcs!K8,4) & " " & INDEX(Nodes!$A$3:$E$64,Arcs!K8,5), ",",".")} -> 6.5038 55.71 | P8: {=SUBSTITUTE(INDEX(Nodes!$A$3:$E$64,Arcs!L8,4) & " " & INDEX(Nodes!$A$3:$E$64,Arcs!L8,5), ",",".")} -> 7.32642000000004 53.6797000000001 | Q8: =SUBSTITUTE(AVERAGE(INDEX(Nodes!$A$3:$E$64,Arcs!K8,4), INDEX(Nodes!$A$3:$E$64,Arcs!L8,4)) & " " & AVERAGE(INDEX(Nodes!$A$3:$E$64,Arcs!K8,5), INDEX(Nodes!$A$3:$E$64,Arcs!L8,5)), ",", ".") -> 6.91511000000002 54.69485 | S8: 0.22
A9: 8 | B9: Franpipe | C9: Gassco AS | D9: IN SERVICE | E9: 1998-07-01 | F9: DRAUPNER E | G9: DUNKERQUE | H9: ="LINESTRING(" & O9 & "," & Q9 & "," & P9 & ")" -> LINESTRING(2.46440416605363 58.1881490174125,2.35855658302684 54.6172775087063,2.25270900000004 51.046406) | I9: 54.2 | J9: =IF(I9=100,"Capacity unknown","") | K9: =INDEX(Nodes!$A:$A,MATCH(Arcs!F9,Nodes!$B:$B,0)) -> 15 | L9: =INDEX(Nodes!$A:$A,MATCH(Arcs!G9,Nodes!$B:$B,0)) -> 17 | M9: =S9 -> 0.84 | N9: =S9 -> 0.84 | O9: {=SUBSTITUTE(INDEX(Nodes!$A$3:$E$64,Arcs!K9,4) & " " & INDEX(Nodes!$A$3:$E$64,Arcs!K9,5), ",",".")} -> 2.46440416605363 58.1881490174125 | P9: {=SUBSTITUTE(INDEX(Nodes!$A$3:$E$64,Arcs!L9,4) & " " & INDEX(Nodes!$A$3:$E$64,Arcs!L9,5), ",",".")} -> 2.25270900000004 51.046406 | Q9: =SUBSTITUTE(AVERAGE(INDEX(Nodes!$A$3:$E$64,Arcs!K9,4), INDEX(Nodes!$A$3:$E$64,Arcs!L9,4)) & " " & AVERAGE(INDEX(Nodes!$A$3:$E$64,Arcs!K9,5), INDEX(Nodes!$A$3:$E$64,Arcs!L9,5)), ",", ".") -> 2.35855658302684 54.6172775087063 | S9: 0.84
A10: 9 | B10: Kvitebjorn Gassror | C10: Gassco AS | D10: IN SERVICE | E10: 2004-09-26 | F10: KVITEBJoRN | G10: KOLLSNES | H10: ="LINESTRING(" & O10 & "," & Q10 & "," & P10 & ")" -> LINESTRING(2.50707808340931 61.0775819356338,3.67283754339515 60.8114652109992,4.838597003381 60.5453484863646) | I10: 33.5 | J10: =IF(I10=100,"Capacity unknown","") | K10: =INDEX(Nodes!$A:$A,MATCH(Arcs!F10,Nodes!$B:$B,0)) -> 38 | L10: =INDEX(Nodes!$A:$A,MATCH(Arcs!G10,Nodes!$B:$B,0)) -> 37 | M10: =S10 -> 0.147 | N10: =S10 -> 0.147 | O10: {=SUBSTITUTE(INDEX(Nodes!$A$3:$E$64,Arcs!K10,4) & " " & INDEX(Nodes!$A$3:$E$64,Arcs!K10,5), ",",".")} -> 2.50707808340931 61.0775819356338 | P10: {=SUBSTITUTE(INDEX(Nodes!$A$3:$E$64,Arcs!L10,4) & " " & INDEX(Nodes!$A$3:$E$64,Arcs!L10,5), ",",".")} -> 4.838597003381 60.5453484863646 | Q10: =SUBSTITUTE(AVERAGE(INDEX(Nodes!$A$3:$E$64,Arcs!K10,4), INDEX(Nodes!$A$3:$E$64,Arcs!L10,4)) & " " & AVERAGE(INDEX(Nodes!$A$3:$E$64,Arcs!K10,5), INDEX(Nodes!$A$3:$E$64,Arcs!L10,5)), ",", ".") -> 3.67283754339515 60.8114652109992 | S10: 0.147
A11: 10 | B11: Langeled | C11: Gassco AS | D11: IN SERVICE | E11: 2007-09-13 | F11: NYHAMNA | G11: SLEIPNER R | H11: ="LINESTRING(" & O11 & "," & Q11 & "," & P11 & ")" -> LINESTRING(6.94577121700007 62.851558685,4.43081880699815 60.6082514294188,1.91586639699623 58.3649441738375) | I11: 74.7 | J11: =IF(I11=100,"Capacity unknown","") | K11: =INDEX(Nodes!$A:$A,MATCH(Arcs!F11,Nodes!$B:$B,0)) -> 44 | L11: =INDEX(Nodes!$A:$A,MATCH(Arcs!G11,Nodes!$B:$B,0)) -> 51 | M11: =S11 -> 0.627 | N11: =S11 -> 0.627 | O11: {=SUBSTITUTE(INDEX(Nodes!$A$3:$E$64,Arcs!K11,4) & " " & INDEX(Nodes!$A$3:$E$64,Arcs!K11,5), ",",".")} -> 6.94577121700007 62.851558685 | P11: {=SUBSTITUTE(INDEX(Nodes!$A$3:$E$64,Arcs!L11,4) & " " & INDEX(Nodes!$A$3:$E$64,Arcs!L11,5), ",",".")} -> 1.91586639699623 58.3649441738375 | Q11: =SUBSTITUTE(AVERAGE(INDEX(Nodes!$A$3:$E$64,Arcs!K11,4), INDEX(Nodes!$A$3:$E$64,Arcs!L11,4)) & " " & AVERAGE(INDEX(Nodes!$A$3:$E$64,Arcs!K11,5), INDEX(Nodes!$A$3:$E$64,Arcs!L11,5)), ",", ".") -> 4.43081880699815 60.6082514294188 | S11: 0.627
A12: 11 | B12: Langeled | C12: Gassco AS | D12: IN SERVICE | E12: 2006-10-01 | F12: SLEIPNER R | G12: EASINGTON | H12: ="LINESTRING(" & O12 & "," & Q12 & "," & P12 & ")" -> LINESTRING(1.91586639699623 58.3649441738375,1.01594869849812 56.0120875869188,0.116031000000021 53.659231) | I12: 73.8 | J12: =IF(I12=100,"Capacity unknown","") | K12: =INDEX(Nodes!$A:$A,MATCH(Arcs!F12,Nodes!$B:$B,0)) -> 51 | L12: =INDEX(Nodes!$A:$A,MATCH(Arcs!G12,Nodes!$B:$B,0)) -> 18 | M12: =S12 -> 0.543 | N12: =S12 -> 0.543 | O12: {=SUBSTITUTE(INDEX(Nodes!$A$3:$E$64,Arcs!K12,4) & " " & INDEX(Nodes!$A$3:$E$64,Arcs!K12,5), ",",".")} -> 1.91586639699623 58.3649441738375 | P12: {=SUBSTITUTE(INDEX(Nodes!$A$3:$E$64,Arcs!L12,4) & " " & INDEX(Nodes!$A$3:$E$64,Arcs!L12,5), ",",".")} -> 0.116031000000021 53.659231 | Q12: =SUBSTITUTE(AVERAGE(INDEX(Nodes!$A$3:$E$64,Arcs!K12,4), INDEX(Nodes!$A$3:$E$64,Arcs!L12,4)) & " " & AVERAGE(INDEX(Nodes!$A$3:$E$64,Arcs!K12,5), INDEX(Nodes!$A$3:$E$64,Arcs!L12,5)), ",", ".") -> 1.01594869849812 56.0120875869188 | S12: 0.543
A13: 12 | B13: Norne Gasstransport | C13: Gassco AS | D13: IN SERVICE | E13: 2001-02-05 | F13: NORNE ERB | G13: NORNE/HEIDRUN T | H13: ="LINESTRING(" & O13 & "," & Q13 & "," & P13 & ")" -> LINESTRING(8.0785441179034 66.0293308994089,7.44000255895174 65.5569234497045,6.80146100000007 65.0845160000001) | I13: 11 | J13: =IF(I13=100,"Capacity unknown","") | K13: =INDEX(Nodes!$A:$A,MATCH(Arcs!F13,Nodes!$B:$B,0)) -> 41 | L13: =INDEX(Nodes!$A:$A,MATCH(Arcs!G13,Nodes!$B:$B,0)) -> 42 | M13: =S13 -> 0.128 | N13: =S13 -> 0.128 | O13: {=SUBSTITUTE(INDEX(Nodes!$A$3:$E$64,Arcs!K13,4) & " " & INDEX(Nodes!$A$3:$E$64,Arcs!K13,5), ",",".")} -> 8.0785441179034 66.0293308994089 | P13: {=SUBSTITUTE(INDEX(Nodes!$A$3:$E$64,Arcs!L13,4) & " " & INDEX(Nodes!$A$3:$E$64,Arcs!L13,5), ",",".")} -> 6.80146100000007 65.0845160000001 | Q13: =SUBSTITUTE(AVERAGE(INDEX(Nodes!$A$3:$E$64,Arcs!K13,4), INDEX(Nodes!$A$3:$E$64,Arcs!L13,4)) & " " & AVERAGE(INDEX(Nodes!$A$3:$E$64,Arcs!K13,5), INDEX(Nodes!$A$3:$E$64,Arcs!L13,5)), ",", ".") -> 7.44000255895174 65.5569234497045 | S13: 0.128
A14: 13 | B14: Norpipe Gassledning | C14: Gassco AS | D14: IN SERVICE | E14: 1998-08-18 | F14: NORPIPE Y | G14: EKOFISK J | H14: ="LINESTRING(" & O14 & "," & Q14 & "," & P14 & ")" -> LINESTRING(3.33050300000002 56.490369,3.28025150000001 56.5201845,3.23 56.55) | I14: 44.4 | J14: =IF(I14=100,"Capacity unknown","") | K14: =INDEX(Nodes!$A:$A,MATCH(Arcs!F14,Nodes!$B:$B,0)) -> 43 | L14: =INDEX(Nodes!$A:$A,MATCH(Arcs!G14,Nodes!$B:$B,0)) -> 20 | M14: =S14 -> 0.02 | N14: =S14 -> 0.02 | O14: {=SUBSTITUTE(INDEX(Nodes!$A$3:$E$64,Arcs!K14,4) & " " & INDEX(Nodes!$A$3:$E$64,Arcs!K14,5), ",",".")} -> 3.33050300000002 56.490369 | P14: {=SUBSTITUTE(INDEX(Nodes!$A$3:$E$64,Arcs!L14,4) & " " & INDEX(Nodes!$A$3:$E$64,Arcs!L14,5), ",",".")} -> 3.23 56.55 | Q14: =SUBSTITUTE(AVERAGE(INDEX(Nodes!$A$3:$E$64,Arcs!K14,4), INDEX(Nodes!$A$3:$E$64,Arcs!L14,4)) & " " & AVERAGE(INDEX(Nodes!$A$3:$E$64,Arcs!K14,5), INDEX(Nodes!$A$3:$E$64,Arcs!L14,5)), ",", ".") -> 3.28025150000001 56.5201845 | S14: 0.02
A15: 14 | B15: Norpipe Gassledning | C15: Gassco AS | D15: IN SERVICE | E15: 1977-09-17 | F15: NORPIPE Y | G15: B-11 | H15: ="LINESTRING(" & O15 & "," & Q15 & "," & P15 & ")" -> LINESTRING(3.33050300000002 56.490369,3.94372505908058 55.9746756858192,4.55694711816114 55.4589823716383) | I15: 44.4 | J15: =IF(I15=100,"Capacity unknown","") | K15: =INDEX(Nodes!$A:$A,MATCH(Arcs!F15,Nodes!$B:$B,0)) -> 43 | L15: =INDEX(Nodes!$A:$A,MATCH(Arcs!G15,Nodes!$B:$B,0)) -> 4 | M15: =S15 -> 0.14366667 | N15: =S15 -> 0.14366667 | O15: {=SUBSTITUTE(INDEX(Nodes!$A$3:$E$64,Arcs!K15,4) & " " & INDEX(Nodes!$A$3:$E$64,Arcs!K15,5), ",",".")} -> 3.33050300000002 56.490369 | P15: {=SUBSTITUTE(INDEX(Nodes!$A$3:$E$64,Arcs!L15,4) & " " & INDEX(Nodes!$A$3:$E$64,Arcs!L15,5), ",",".")} -> 4.55694711816114 55.4589823716383 | Q15: =SUBSTITUTE(AVERAGE(INDEX(Nodes!$A$3:$E$64,Arcs!K15,4), INDEX(Nodes!$A$3:$E$64,Arcs!L15,4)) & " " & AVERAGE(INDEX(Nodes!$A$3:$E$64,Arcs!K15,5), INDEX(Nodes!$A$3:$E$64,Arcs!L15,5)), ",", ".") -> 3.94372505908058 55.9746756858192 | S15: =0.431/3 -> 0.14366667
A16: 15 | B16: Norpipe Gassledning | C16: Gassco AS | D16: IN SERVICE | E16: 1977-09-17 | F16: B-11 | G16: H-7 BP | H16: ="LINESTRING(" & O16 & "," & Q16 & "," & P16 & ")" -> LINESTRING(4.55694711816114 55.4589823716383,5.2987903360241 54.982391852912,6.04063355388706 54.5058013341856) | I16: 44.4 | J16: =IF(I16=100,"Capacity unknown","") | K16: =INDEX(Nodes!$A:$A,MATCH(Arcs!F16,Nodes!$B:$B,0)) -> 4 | L16: =INDEX(Nodes!$A:$A,MATCH(Arcs!G16,Nodes!$B:$B,0)) -> 30 | M16: =S16 -> 0.14366667 | N16: =S16 -> 0.14366667 | O16: {=SUBSTITUTE(INDEX(Nodes!$A$3:$E$64,Arcs!K16,4) & " " & INDEX(Nodes!$A$3:$E$64,Arcs!K16,5), ",",".")} -> 4.55694711816114 55.4589823716383 | P16: {=SUBSTITUTE(INDEX(Nodes!$A$3:$E$64,Arcs!L16,4) & " " & INDEX(Nodes!$A$3:$E$64,Arcs!L16,5), ",",".")} -> 6.04063355388706 54.5058013341856 | Q16: =SUBSTITUTE(AVERAGE(INDEX(Nodes!$A$3:$E$64,Arcs!K16,4), INDEX(Nodes!$A$3:$E$64,Arcs!L16,4)) & " " & AVERAGE(INDEX(Nodes!$A$3:$E$64,Arcs!K16,5), INDEX(Nodes!$A$3:$E$64,Arcs!L16,5)), ",", ".") -> 5.2987903360241 54.982391852912 | S16: =0.431/3 -> 0.14366667
A17: 16 | B17: Norpipe Gassledning | C17: Gassco AS | D17: IN SERVICE | E17: 1977-09-17 | F17: H-7 BP | G17: EMDEN | H17: ="LINESTRING(" & O17 & "," & Q17 & "," & P17 & ")" -> LINESTRING(6.04063355388706 54.5058013341856,6.61496177694355 53.9260006670928,7.18929000000003 53.3462000000001) | I17: 44.4 | J17: =IF(I17=100,"Capacity unknown","") | K17: =INDEX(Nodes!$A:$A,MATCH(Arcs!F17,Nodes!$B:$B,0)) -> 30 | L17: =INDEX(Nodes!$A:$A,MATCH(Arcs!G17,Nodes!$B:$B,0)) -> 22 | M17: =S17 -> 0.14366667 | N17: =S17 -> 0.14366667 | O17: {=SUBSTITUTE(INDEX(Nodes!$A$3:$E$64,Arcs!K17,4) & " " & INDEX(Nodes!$A$3:$E$64,Arcs!K17,5), ",",".")} -> 6.04063355388706 54.5058013341856 | P17: {=SUBSTITUTE(INDEX(Nodes!$A$3:$E$64,Arcs!L17,4) & " " & INDEX(Nodes!$A$3:$E$64,Arcs!L17,5), ",",".")} -> 7.18929000000003 53.3462000000001 | Q17: =SUBSTITUTE(AVERAGE(INDEX(Nodes!$A$3:$E$64,Arcs!K17,4), INDEX(Nodes!$A$3:$E$64,Arcs!L17,4)) & " " & AVERAGE(INDEX(Nodes!$A$3:$E$64,Arcs!K17,5), INDEX(Nodes!$A$3:$E$64,Arcs!L17,5)), ",", ".") -> 6.61496177694355 53.9260006670928 | S17: =0.431/3 -> 0.14366667
A18: 17 | B18: Oseberg Gasstransport | C18: Gassco AS | D18: IN SERVICE | E18: 2001-09-30 | F18: OSEBERG D | G18: HEIMDAL HRP | H18: ="LINESTRING(" & O18 & "," & Q18 & "," & P18 & ")" -> LINESTRING(2.82404618697923 60.4869004536081,2.52963583723616 60.0289879024106,2.23522548749309 59.5710753512132) | I18: 35 | J18: =IF(I18=100,"Capacity unknown","") | K18: =INDEX(Nodes!$A:$A,MATCH(Arcs!F18,Nodes!$B:$B,0)) -> 46 | L18: =INDEX(Nodes!$A:$A,MATCH(Arcs!G18,Nodes!$B:$B,0)) -> 33 | M18: =S18 -> 0.109 | N18: =S18 -> 0.109 | O18: {=SUBSTITUTE(INDEX(Nodes!$A$3:$E$64,Arcs!K18,4) & " " & INDEX(Nodes!$A$3:$E$64,Arcs!K18,5), ",",".")} -> 2.82404618697923 60.4869004536081 | P18: {=SUBSTITUTE(INDEX(Nodes!$A$3:$E$64,Arcs!L18,4) & " " & INDEX(Nodes!$A$3:$E$64,Arcs!L18,5), ",",".")} -> 2.23522548749309 59.5710753512132 | Q18: =SUBSTITUTE(AVERAGE(INDEX(Nodes!$A$3:$E$64,Arcs!K18,4), INDEX(Nodes!$A$3:$E$64,Arcs!L18,4)) & " " & AVERAGE(INDEX(Nodes!$A$3:$E$64,Arcs!K18,5), INDEX(Nodes!$A$3:$E$64,Arcs!L18,5)), ",", ".") -> 2.52963583723616 60.0289879024106 | S18: 0.109
A19: 18 | B19: Statpipe | C19: Gassco AS | D19: IN SERVICE | E19: 1985-10-01 | F19: STAT-SSTC | G19: KaRSTo | H19: ="LINESTRING(" & O19 & "," & Q19 & "," & P19 & ")" -> LINESTRING(1.84593600000005 61.1858300000001,3.67942866672181 60.2289728139182,5.51292133344356 59.2721156278364) | I19: 25 | J19: =IF(I19=100,"Capacity unknown","") | K19: =INDEX(Nodes!$A:$A,MATCH(Arcs!F19,Nodes!$B:$B,0)) -> 53 | L19: =INDEX(Nodes!$A:$A,MATCH(Arcs!G19,Nodes!$B:$B,0)) -> 36 | M19: =S19 -> 0.153 | N19: =S19 -> 0.153 | O19: {=SUBSTITUTE(INDEX(Nodes!$A$3:$E$64,Arcs!K19,4) & " " & INDEX(Nodes!$A$3:$E$64,Arcs!K19,5), ",",".")} -> 1.84593600000005 61.1858300000001 | P19: {=SUBSTITUTE(INDEX(Nodes!$A$3:$E$64,Arcs!L19,4) & " " & INDEX(Nodes!$A$3:$E$64,Arcs!L19,5), ",",".")} -> 5.51292133344356 59.2721156278364 | Q19: =SUBSTITUTE(AVERAGE(INDEX(Nodes!$A$3:$E$64,Arcs!K19,4), INDEX(Nodes!$A$3:$E$64,Arcs!L19,4)) & " " & AVERAGE(INDEX(Nodes!$A$3:$E$64,Arcs!K19,5), INDEX(Nodes!$A$3:$E$64,Arcs!L19,5)), ",", ".") -> 3.67942866672181 60.2289728139182 | S19: =0.306/2 -> 0.153
A20: 19 | B20: Statpipe | C20: Gassco AS | D20: IN SERVICE | E20: 1985-10-15 | F20: HEIMDAL | G20: DRAUPNER S | H20: ="LINESTRING(" & O20 & "," & Q20 & "," & P20 & ")" -> LINESTRING(2.23452257796894 59.5707378727449,2.35412777628591 58.8775735508799,2.47373297460288 58.1844092290148) | I20: 30.7 | J20: =IF(I20=100,"Capacity unknown","") | K20: =INDEX(Nodes!$A:$A,MATCH(Arcs!F20,Nodes!$B:$B,0)) -> 32 | L20: =INDEX(Nodes!$A:$A,MATCH(Arcs!G20,Nodes!$B:$B,0)) -> 16 | M20: =S20 -> 0.155 | N20: =S20 -> 0.155 | O20: {=SUBSTITUTE(INDEX(Nodes!$A$3:$E$64,Arcs!K20,4) & " " & INDEX(Nodes!$A$3:$E$64,Arcs!K20,5), ",",".")} -> 2.23452257796894 59.5707378727449 | P20: {=SUBSTITUTE(INDEX(Nodes!$A$3:$E$64,Arcs!L20,4) & " " & INDEX(Nodes!$A$3:$E$64,Arcs!L20,5), ",",".")} -> 2.47373297460288 58.1844092290148 | Q20: =SUBSTITUTE(AVERAGE(INDEX(Nodes!$A$3:$E$64,Arcs!K20,4), INDEX(Nodes!$A$3:$E$64,Arcs!L20,4)) & " " & AVERAGE(INDEX(Nodes!$A$3:$E$64,Arcs!K20,5), INDEX(Nodes!$A$3:$E$64,Arcs!L20,5)), ",", ".") -> 2.35412777628591 58.8775735508799 | S20: 0.155
A21: 20 | B21: Statpipe | C21: Gassco AS | D21: IN SERVICE | E21: 1985-10-15 | F21: KaRSTo | G21: DRAUPNER S | H21: ="LINESTRING(" & O21 & "," & Q21 & "," & P21 & ")" -> LINESTRING(5.51292133344356 59.2721156278364,3.99332715402322 58.7282624284256,2.47373297460288 58.1844092290148) | I21: 21.1 | J21: =IF(I21=100,"Capacity unknown","") | K21: =INDEX(Nodes!$A:$A,MATCH(Arcs!F21,Nodes!$B:$B,0)) -> 36 | L21: =INDEX(Nodes!$A:$A,MATCH(Arcs!G21,Nodes!$B:$B,0)) -> 16 | M21: =S21 -> 0.228 | N21: =S21 -> 0.228 | O21: {=SUBSTITUTE(INDEX(Nodes!$A$3:$E$64,Arcs!K21,4) & " " & INDEX(Nodes!$A$3:$E$64,Arcs!K21,5), ",",".")} -> 5.51292133344356 59.2721156278364 | P21: {=SUBSTITUTE(INDEX(Nodes!$A$3:$E$64,Arcs!L21,4) & " " & INDEX(Nodes!$A$3:$E$64,Arcs!L21,5), ",",".")} -> 2.47373297460288 58.1844092290148 | Q21: =SUBSTITUTE(AVERAGE(INDEX(Nodes!$A$3:$E$64,Arcs!K21,4), INDEX(Nodes!$A$3:$E$64,Arcs!L21,4)) & " " & AVERAGE(INDEX(Nodes!$A$3:$E$64,Arcs!K21,5), INDEX(Nodes!$A$3:$E$64,Arcs!L21,5)), ",", ".") -> 3.99332715402322 58.7282624284256 | S21: 0.228
A22: 21 | B22: Statpipe | C22: Gassco AS | D22: IN SERVICE | E22: 1985-10-15 | F22: DRAUPNER S | G22: NORPIPE Y | H22: ="LINESTRING(" & O22 & "," & Q22 & "," & P22 & ")" -> LINESTRING(2.47373297460288 58.1844092290148,2.90211798730145 57.3373891145074,3.33050300000002 56.490369) | I22: 44.4 | J22: =IF(I22=100,"Capacity unknown","") | K22: =INDEX(Nodes!$A:$A,MATCH(Arcs!F22,Nodes!$B:$B,0)) -> 16 | L22: =INDEX(Nodes!$A:$A,MATCH(Arcs!G22,Nodes!$B:$B,0)) -> 43 | M22: =S22 -> 0.203 | N22: =S22 -> 0.203 | O22: {=SUBSTITUTE(INDEX(Nodes!$A$3:$E$64,Arcs!K22,4) & " " & INDEX(Nodes!$A$3:$E$64,Arcs!K22,5), ",",".")} -> 2.47373297460288 58.1844092290148 | P22: {=SUBSTITUTE(INDEX(Nodes!$A$3:$E$64,Arcs!L22,4) & " " & INDEX(Nodes!$A$3:$E$64,Arcs!L22,5), ",",".")} -> 3.33050300000002 56.490369 | Q22: =SUBSTITUTE(AVERAGE(INDEX(Nodes!$A$3:$E$64,Arcs!K22,4), INDEX(Nodes!$A$3:$E$64,Arcs!L22,4)) & " " & AVERAGE(INDEX(Nodes!$A$3:$E$64,Arcs!K22,5), INDEX(Nodes!$A$3:$E$64,Arcs!L22,5)), ",", ".") -> 2.90211798730145 57.3373891145074 | S22: 0.203
A23: 22 | B23: Statpipe | C23: Gassco AS | D23: IN SERVICE | E23: 1985-10-01 | F23: STATFJORD B | G23: STAT-SSTC | H23: ="LINESTRING(" & O23 & "," & Q23 & "," & P23 & ")" -> LINESTRING(1.83152577758408 61.2024450476016,1.83873088879207 61.1941375238008,1.84593600000005 61.1858300000001) | I23: 25 | J23: =IF(I23=100,"Capacity unknown","") | K23: =INDEX(Nodes!$A:$A,MATCH(Arcs!F23,Nodes!$B:$B,0)) -> 54 | L23: =INDEX(Nodes!$A:$A,MATCH(Arcs!G23,Nodes!$B:$B,0)) -> 53 | M23: =S23 -> 0.153 | N23: =S23 -> 0.153 | O23: {=SUBSTITUTE(INDEX(Nodes!$A$3:$E$64,Arcs!K23,4) & " " & INDEX(Nodes!$A$3:$E$64,Arcs!K23,5), ",",".")} -> 1.83152577758408 61.2024450476016 | P23: {=SUBSTITUTE(INDEX(Nodes!$A$3:$E$64,Arcs!L23,4) & " " & INDEX(Nodes!$A$3:$E$64,Arcs!L23,5), ",",".")} -> 1.84593600000005 61.1858300000001 | Q23: =SUBSTITUTE(AVERAGE(INDEX(Nodes!$A$3:$E$64,Arcs!K23,4), INDEX(Nodes!$A$3:$E$64,Arcs!L23,4)) & " " & AVERAGE(INDEX(Nodes!$A$3:$E$64,Arcs!K23,5), INDEX(Nodes!$A$3:$E$64,Arcs!L23,5)), ",", ".") -> 1.83873088879207 61.1941375238008 | S23: =0.306/2 -> 0.153
A24: 23 | B24: Tampen Link | C24: Gassco AS | D24: IN SERVICE | E24: 2007-10-12 | F24: STATFJORD B | G24: FLAGS-T | H24: ="LINESTRING(" & O24 & "," & Q24 & "," & P24 & ")" -> LINESTRING(1.83152577758408 61.2024450476016,1.76585744579207 61.1122317403008,1.70018911400007 61.022018433) | I24: 25 | J24: =IF(I24=100,"Capacity unknown","") | K24: =INDEX(Nodes!$A:$A,MATCH(Arcs!F24,Nodes!$B:$B,0)) -> 54 | L24: =INDEX(Nodes!$A:$A,MATCH(Arcs!G24,Nodes!$B:$B,0)) -> 24 | M24: =S24 -> 0.023 | N24: =S24 -> 0.023 | O24: {=SUBSTITUTE(INDEX(Nodes!$A$3:$E$64,Arcs!K24,4) & " " & INDEX(Nodes!$A$3:$E$64,Arcs!K24,5), ",",".")} -> 1.83152577758408 61.2024450476016 | P24: {=SUBSTITUTE(INDEX(Nodes!$A$3:$E$64,Arcs!L24,4) & " " & INDEX(Nodes!$A$3:$E$64,Arcs!L24,5), ",",".")} -> 1.70018911400007 61.022018433 | Q24: =SUBSTITUTE(AVERAGE(INDEX(Nodes!$A$3:$E$64,Arcs!K24,4), INDEX(Nodes!$A$3:$E$64,Arcs!L24,4)) & " " & AVERAGE(INDEX(Nodes!$A$3:$E$64,Arcs!K24,5), INDEX(Nodes!$A$3:$E$64,Arcs!L24,5)), ",", ".") -> 1.76585744579207 61.1122317403008 | S24: 0.023
A25: 24 | B25: Vesterled | C25: Gassco AS | D25: IN SERVICE | E25: 2001-09-30 | F25: HEIMDAL HRP | G25: ST.FERGUS | H25: ="LINESTRING(" & O25 & "," & Q25 & "," & P25 & ")" -> LINESTRING(2.23522548749309 59.5710753512132,0.204787243746546 58.5755231756066,-1.825651 57.579971) | I25: 36.9 | J25: =IF(I25=100,"Capacity unknown","") | K25: =INDEX(Nodes!$A:$A,MATCH(Arcs!F25,Nodes!$B:$B,0)) -> 33 | L25: =INDEX(Nodes!$A:$A,MATCH(Arcs!G25,Nodes!$B:$B,0)) -> 52 | M25: =S25 -> 0.361 | N25: =S25 -> 0.361 | O25: {=SUBSTITUTE(INDEX(Nodes!$A$3:$E$64,Arcs!K25,4) & " " & INDEX(Nodes!$A$3:$E$64,Arcs!K25,5), ",",".")} -> 2.23522548749309 59.5710753512132 | P25: {=SUBSTITUTE(INDEX(Nodes!$A$3:$E$64,Arcs!L25,4) & " " & INDEX(Nodes!$A$3:$E$64,Arcs!L25,5), ",",".")} -> -1.825651 57.579971 | Q25: =SUBSTITUTE(AVERAGE(INDEX(Nodes!$A$3:$E$64,Arcs!K25,4), INDEX(Nodes!$A$3:$E$64,Arcs!L25,4)) & " " & AVERAGE(INDEX(Nodes!$A$3:$E$64,Arcs!K25,5), INDEX(Nodes!$A$3:$E$64,Arcs!L25,5)), ",", ".") -> 0.204787243746546 58.5755231756066 | S25: 0.361
A26: 25 | B26: Zeepipe I | C26: Gassco AS | D26: IN SERVICE | E26: 1993-10-01 | F26: SLEIPNER R | G26: ZEEPIPE-SCP | H26: ="LINESTRING(" & O26 & "," & Q26 & "," & P26 & ")" -> LINESTRING(1.91586639699623 58.3649441738375,2.60784119849812 56.5772190869188,3.29981600000002 54.789494) | I26: 42.2 | J26: =IF(I26=100,"Capacity unknown","") | K26: =INDEX(Nodes!$A:$A,MATCH(Arcs!F26,Nodes!$B:$B,0)) -> 51 | L26: =INDEX(Nodes!$A:$A,MATCH(Arcs!G26,Nodes!$B:$B,0)) -> 59 | M26: =S26 -> 0.4065 | N26: =S26 -> 0.4065 | O26: {=SUBSTITUTE(INDEX(Nodes!$A$3:$E$64,Arcs!K26,4) & " " & INDEX(Nodes!$A$3:$E$64,Arcs!K26,5), ",",".")} -> 1.91586639699623 58.3649441738375 | P26: {=SUBSTITUTE(INDEX(Nodes!$A$3:$E$64,Arcs!L26,4) & " " & INDEX(Nodes!$A$3:$E$64,Arcs!L26,5), ",",".")} -> 3.29981600000002 54.789494 | Q26: =SUBSTITUTE(AVERAGE(INDEX(Nodes!$A$3:$E$64,Arcs!K26,4), INDEX(Nodes!$A$3:$E$64,Arcs!L26,4)) & " " & AVERAGE(INDEX(Nodes!$A$3:$E$64,Arcs!K26,5), INDEX(Nodes!$A$3:$E$64,Arcs!L26,5)), ",", ".") -> 2.60784119849812 56.5772190869188 | S26: =0.813/2 -> 0.4065
A27: 26 | B27: Zeepipe I | C27: Gassco AS | D27: IN SERVICE | E27: 1993-10-01 | F27: ZEEPIPE-SCP | G27: ZEEBRUGGE | H27: ="LINESTRING(" & O27 & "," & Q27 & "," & P27 & ")" -> LINESTRING(3.29981600000002 54.789494,3.26480650000005 53.070001,3.22979700000008 51.350508) | I27: 42.2 | J27: =IF(I27=100,"Capacity unknown","") | K27: =INDEX(Nodes!$A:$A,MATCH(Arcs!F27,Nodes!$B:$B,0)) -> 59 | L27: =INDEX(Nodes!$A:$A,MATCH(Arcs!G27,Nodes!$B:$B,0)) -> 58 | M27: =S27 -> 0.4065 | N27: =S27 -> 0.4065 | O27: {=SUBSTITUTE(INDEX(Nodes!$A$3:$E$64,Arcs!K27,4) & " " & INDEX(Nodes!$A$3:$E$64,Arcs!K27,5), ",",".")} -> 3.29981600000002 54.789494 | P27: {=SUBSTITUTE(INDEX(Nodes!$A$3:$E$64,Arcs!L27,4) & " " & INDEX(Nodes!$A$3:$E$64,Arcs!L27,5), ",",".")} -> 3.22979700000008 51.350508 | Q27: =SUBSTITUTE(AVERAGE(INDEX(Nodes!$A$3:$E$64,Arcs!K27,4), INDEX(Nodes!$A$3:$E$64,Arcs!L27,4)) & " " & AVERAGE(INDEX(Nodes!$A$3:$E$64,Arcs!K27,5), INDEX(Nodes!$A$3:$E$64,Arcs!L27,5)), ",", ".") -> 3.26480650000005 53.070001 | S27: =0.813/2 -> 0.4065
A28: 27 | B28: Zeepipe II A | C28: Gassco AS | D28: IN SERVICE | E28: 1996-10-01 | F28: KOLLSNES | G28: SLEIPNER R | H28: ="LINESTRING(" & O28 & "," & Q28 & "," & P28 & ")" -> LINESTRING(4.838597003381 60.5453484863646,3.37723170018861 59.455146330101,1.91586639699623 58.3649441738375) | I28: 74 | J28: =IF(I28=100,"Capacity unknown","") | K28: =INDEX(Nodes!$A:$A,MATCH(Arcs!F28,Nodes!$B:$B,0)) -> 37 | L28: =INDEX(Nodes!$A:$A,MATCH(Arcs!G28,Nodes!$B:$B,0)) -> 51 | M28: =S28 -> 0.299 | N28: =S28 -> 0.299 | O28: {=SUBSTITUTE(INDEX(Nodes!$A$3:$E$64,Arcs!K28,4) & " " & INDEX(Nodes!$A$3:$E$64,Arcs!K28,5), ",",".")} -> 4.838597003381 60.5453484863646 | P28: {=SUBSTITUTE(INDEX(Nodes!$A$3:$E$64,Arcs!L28,4) & " " & INDEX(Nodes!$A$3:$E$64,Arcs!L28,5), ",",".")} -> 1.91586639699623 58.3649441738375 | Q28: =SUBSTITUTE(AVERAGE(INDEX(Nodes!$A$3:$E$64,Arcs!K28,4), INDEX(Nodes!$A$3:$E$64,Arcs!L28,4)) & " " & AVERAGE(INDEX(Nodes!$A$3:$E$64,Arcs!K28,5), INDEX(Nodes!$A$3:$E$64,Arcs!L28,5)), ",", ".") -> 3.37723170018861 59.455146330101 | S28: 0.299
A29: 28 | B29: Zeepipe II B | C29: Gassco AS | D29: IN SERVICE | E29: 1997-10-01 | F29: KOLLSNES | G29: DRAUPNER E | H29: ="LINESTRING(" & O29 & "," & Q29 & "," & P29 & ")" -> LINESTRING(4.838597003381 60.5453484863646,3.65150058471732 59.3667487518886,2.46440416605363 58.1881490174125) | I29: 73 | J29: =IF(I29=100,"Capacity unknown","") | K29: =INDEX(Nodes!$A:$A,MATCH(Arcs!F29,Nodes!$B:$B,0)) -> 37 | L29: =INDEX(Nodes!$A:$A,MATCH(Arcs!G29,Nodes!$B:$B,0)) -> 15 | M29: =S29 -> 0.3 | N29: =S29 -> 0.3 | O29: {=SUBSTITUTE(INDEX(Nodes!$A$3:$E$64,Arcs!K29,4) & " " & INDEX(Nodes!$A$3:$E$64,Arcs!K29,5), ",",".")} -> 4.838597003381 60.5453484863646 | P29: {=SUBSTITUTE(INDEX(Nodes!$A$3:$E$64,Arcs!L29,4) & " " & INDEX(Nodes!$A$3:$E$64,Arcs!L29,5), ",",".")} -> 2.46440416605363 58.1881490174125 | Q29: =SUBSTITUTE(AVERAGE(INDEX(Nodes!$A$3:$E$64,Arcs!K29,4), INDEX(Nodes!$A$3:$E$64,Arcs!L29,4)) & " " & AVERAGE(INDEX(Nodes!$A$3:$E$64,Arcs!K29,5), INDEX(Nodes!$A$3:$E$64,Arcs!L29,5)), ",", ".") -> 3.65150058471732 59.3667487518886 | S29: 0.3
A30: 29 | B30: Gjoa Gassror | C30: Gassco AS | D30: IN SERVICE | E30: 2010-10-10 | F30: GJoA | G30: GJoA-T | H30: ="LINESTRING(" & O30 & "," & Q30 & "," & P30 & ")" -> LINESTRING(1.69998526600006 61.02079773,2.80248752933371 61.1754957531437,3.90498979266736 61.3301937762874) | I30: 18.2 | J30: =IF(I30=100,"Capacity unknown","") | K30: =INDEX(Nodes!$A:$A,MATCH(Arcs!F30,Nodes!$B:$B,0)) -> 26 | L30: =INDEX(Nodes!$A:$A,MATCH(Arcs!G30,Nodes!$B:$B,0)) -> 27 | M30: =S30 -> 0.131 | N30: =S30 -> 0.131 | O30: {=SUBSTITUTE(INDEX(Nodes!$A$3:$E$64,Arcs!K30,4) & " " & INDEX(Nodes!$A$3:$E$64,Arcs!K30,5), ",",".")} -> 1.69998526600006 61.02079773 | P30: {=SUBSTITUTE(INDEX(Nodes!$A$3:$E$64,Arcs!L30,4) & " " & INDEX(Nodes!$A$3:$E$64,Arcs!L30,5), ",",".")} -> 3.90498979266736 61.3301937762874 | Q30: =SUBSTITUTE(AVERAGE(INDEX(Nodes!$A$3:$E$64,Arcs!K30,4), INDEX(Nodes!$A$3:$E$64,Arcs!L30,4)) & " " & AVERAGE(INDEX(Nodes!$A$3:$E$64,Arcs!K30,5), INDEX(Nodes!$A$3:$E$64,Arcs!L30,5)), ",", ".") -> 2.80248752933371 61.1754957531437 | S30: 0.131
A31: 30 | B31: Grane Gassror | C31: Equinor Energy AS | D31: IN SERVICE | E31: 2003-09-23 | F31: HEIMDAL HRP | G31: GRANE | H31: ="LINESTRING(" & O31 & "," & Q31 & "," & P31 & ")" -> LINESTRING(2.23522548749309 59.5710753512132,2.36128039402701 59.3704008474222,2.48733530056093 59.1697263436312) | I31: 10 | J31: =IF(I31=100,"Capacity unknown","") | K31: =INDEX(Nodes!$A:$A,MATCH(Arcs!F31,Nodes!$B:$B,0)) -> 33 | L31: =INDEX(Nodes!$A:$A,MATCH(Arcs!G31,Nodes!$B:$B,0)) -> 28 | M31: =S31 -> 0.02 | N31: =S31 -> 0.02 | O31: {=SUBSTITUTE(INDEX(Nodes!$A$3:$E$64,Arcs!K31,4) & " " & INDEX(Nodes!$A$3:$E$64,Arcs!K31,5), ",",".")} -> 2.23522548749309 59.5710753512132 | P31: {=SUBSTITUTE(INDEX(Nodes!$A$3:$E$64,Arcs!L31,4) & " " & INDEX(Nodes!$A$3:$E$64,Arcs!L31,5), ",",".")} -> 2.48733530056093 59.1697263436312 | Q31: =SUBSTITUTE(AVERAGE(INDEX(Nodes!$A$3:$E$64,Arcs!K31,4), INDEX(Nodes!$A$3:$E$64,Arcs!L31,4)) & " " & AVERAGE(INDEX(Nodes!$A$3:$E$64,Arcs!K31,5), INDEX(Nodes!$A$3:$E$64,Arcs!L31,5)), ",", ".") -> 2.36128039402701 59.3704008474222 | S31: 0.02
A32: 31 | B32: Gudrun Gassror | C32: Equinor Energy AS | D32: IN SERVICE | E32: 2014-04-07 | F32: GUDRUN | G32: SLEIPNER A | H32: ="LINESTRING(" & O32 & "," & Q32 & "," & P32 & ")" -> LINESTRING(1.7504700744274 58.8424105628707,1.82461800400345 58.6064721852943,1.89876593357951 58.370533807718) | I32: 291.7 | J32: =IF(I32=100,"Capacity unknown","") | K32: =INDEX(Nodes!$A:$A,MATCH(Arcs!F32,Nodes!$B:$B,0)) -> 29 | L32: =INDEX(Nodes!$A:$A,MATCH(Arcs!G32,Nodes!$B:$B,0)) -> 50 | M32: =S32 -> 0.05 | N32: =S32 -> 0.05 | O32: {=SUBSTITUTE(INDEX(Nodes!$A$3:$E$64,Arcs!K32,4) & " " & INDEX(Nodes!$A$3:$E$64,Arcs!K32,5), ",",".")} -> 1.7504700744274 58.8424105628707 | P32: {=SUBSTITUTE(INDEX(Nodes!$A$3:$E$64,Arcs!L32,4) & " " & INDEX(Nodes!$A$3:$E$64,Arcs!L32,5), ",",".")} -> 1.89876593357951 58.370533807718 | Q32: =SUBSTITUTE(AVERAGE(INDEX(Nodes!$A$3:$E$64,Arcs!K32,4), INDEX(Nodes!$A$3:$E$64,Arcs!L32,4)) & " " & AVERAGE(INDEX(Nodes!$A$3:$E$64,Arcs!K32,5), INDEX(Nodes!$A$3:$E$64,Arcs!L32,5)), ",", ".") -> 1.82461800400345 58.6064721852943 | S32: 0.05
A33: 32 | B33: Haltenpipe | C33: Gassco AS | D33: IN SERVICE | E33: 1996-11-11 | F33: HEIDRUN | G33: TJELDBERGODDEN | H33: ="LINESTRING(" & O33 & "," & Q33 & "," & P33 & ")" -> LINESTRING(7.32024542386713 65.3214995786325,7.98923048166803 64.3601952705966,8.65821553946893 63.3988909625608) | I33: 4.7 | J33: =IF(I33=100,"Capacity unknown","") | K33: =INDEX(Nodes!$A:$A,MATCH(Arcs!F33,Nodes!$B:$B,0)) -> 31 | L33: =INDEX(Nodes!$A:$A,MATCH(Arcs!G33,Nodes!$B:$B,0)) -> 56 | M33: =S33 -> 0.25 | N33: =S33 -> 0.25 | O33: {=SUBSTITUTE(INDEX(Nodes!$A$3:$E$64,Arcs!K33,4) & " " & INDEX(Nodes!$A$3:$E$64,Arcs!K33,5), ",",".")} -> 7.32024542386713 65.3214995786325 | P33: {=SUBSTITUTE(INDEX(Nodes!$A$3:$E$64,Arcs!L33,4) & " " & INDEX(Nodes!$A$3:$E$64,Arcs!L33,5), ",",".")} -> 8.65821553946893 63.3988909625608 | Q33: =SUBSTITUTE(AVERAGE(INDEX(Nodes!$A$3:$E$64,Arcs!K33,4), INDEX(Nodes!$A$3:$E$64,Arcs!L33,4)) & " " & AVERAGE(INDEX(Nodes!$A$3:$E$64,Arcs!K33,5), INDEX(Nodes!$A$3:$E$64,Arcs!L33,5)), ",", ".") -> 7.98923048166803 64.3601952705966 | S33: 0.25
A34: 33 | B34: Heidrun Gasstransport | C34: Equinor Energy AS | D34: IN SERVICE | E34: 2001-02-05 | F34: HEIDRUN | G34: NORNE/HEIDRUN T | H34: ="LINESTRING(" & O34 & "," & Q34 & "," & P34 & ")" -> LINESTRING(7.32024542386713 65.3214995786325,7.0608532119336 65.2030077893163,6.80146100000007 65.0845160000001) | I34: 11 | J34: =IF(I34=100,"Capacity unknown","") | K34: =INDEX(Nodes!$A:$A,MATCH(Arcs!F34,Nodes!$B:$B,0)) -> 31 | L34: =INDEX(Nodes!$A:$A,MATCH(Arcs!G34,Nodes!$B:$B,0)) -> 42 | M34: =S34 -> 0.01 | N34: =S34 -> 0.01 | O34: {=SUBSTITUTE(INDEX(Nodes!$A$3:$E$64,Arcs!K34,4) & " " & INDEX(Nodes!$A$3:$E$64,Arcs!K34,5), ",",".")} -> 7.32024542386713 65.3214995786325 | P34: {=SUBSTITUTE(INDEX(Nodes!$A$3:$E$64,Arcs!L34,4) & " " & INDEX(Nodes!$A$3:$E$64,Arcs!L34,5), ",",".")} -> 6.80146100000007 65.0845160000001 | Q34: =SUBSTITUTE(AVERAGE(INDEX(Nodes!$A$3:$E$64,Arcs!K34,4), INDEX(Nodes!$A$3:$E$64,Arcs!L34,4)) & " " & AVERAGE(INDEX(Nodes!$A$3:$E$64,Arcs!K34,5), INDEX(Nodes!$A$3:$E$64,Arcs!L34,5)), ",", ".") -> 7.0608532119336 65.2030077893163 | S34: 0.01
A35: 34 | B35: Johan Sverdrup Gassror | C35: Equinor Energy AS | D35: IN SERVICE | E35: 2019-10-05 | F35: JOHAN SVERDRUP RP | G35: JOHAN SVERDRUP STATPIPE PLEM | H35: ="LINESTRING(" & O35 & "," & Q35 & "," & P35 & ")" -> LINESTRING(5.05417600000004 59.326808,3.80597375650467 59.0843695361675,2.5577715130093 58.8419310723351) | I35: 5 | J35: =IF(I35=100,"Capacity unknown","") | K35: =INDEX(Nodes!$A:$A,MATCH(Arcs!F35,Nodes!$B:$B,0)) -> 34 | L35: =INDEX(Nodes!$A:$A,MATCH(Arcs!G35,Nodes!$B:$B,0)) -> 35 | M35: =S35 -> 0.01 | N35: =S35 -> 0.01 | O35: {=SUBSTITUTE(INDEX(Nodes!$A$3:$E$64,Arcs!K35,4) & " " & INDEX(Nodes!$A$3:$E$64,Arcs!K35,5), ",",".")} -> 5.05417600000004 59.326808 | P35: {=SUBSTITUTE(INDEX(Nodes!$A$3:$E$64,Arcs!L35,4) & " " & INDEX(Nodes!$A$3:$E$64,Arcs!L35,5), ",",".")} -> 2.5577715130093 58.8419310723351 | Q35: =SUBSTITUTE(AVERAGE(INDEX(Nodes!$A$3:$E$64,Arcs!K35,4), INDEX(Nodes!$A$3:$E$64,Arcs!L35,4)) & " " & AVERAGE(INDEX(Nodes!$A$3:$E$64,Arcs!K35,5), INDEX(Nodes!$A$3:$E$64,Arcs!L35,5)), ",", ".") -> 3.80597375650467 59.0843695361675 | S35: 0.01
A36: 35 | B36: Martin Linge Gassror | C36: Equinor Energy AS | D36: IN SERVICE | E36: 2021-06-30 | F36: MARTIN LINGE A | G36: FRIGG TP1-Y | H36: ="LINESTRING(" & O36 & "," & Q36 & "," & P36 & ")" -> LINESTRING(2.01751548100003 59.8949619730001,2.01445157351417 60.1984986400223,2.01138766602831 60.5020353070445) | I36: 48.1 | J36: =IF(I36=100,"Capacity unknown","") | K36: =INDEX(Nodes!$A:$A,MATCH(Arcs!F36,Nodes!$B:$B,0)) -> 39 | L36: =INDEX(Nodes!$A:$A,MATCH(Arcs!G36,Nodes!$B:$B,0)) -> 25 | M36: =S36 -> 0.01 | N36: =S36 -> 0.01 | O36: {=SUBSTITUTE(INDEX(Nodes!$A$3:$E$64,Arcs!K36,4) & " " & INDEX(Nodes!$A$3:$E$64,Arcs!K36,5), ",",".")} -> 2.01751548100003 59.8949619730001 | P36: {=SUBSTITUTE(INDEX(Nodes!$A$3:$E$64,Arcs!L36,4) & " " & INDEX(Nodes!$A$3:$E$64,Arcs!L36,5), ",",".")} -> 2.01138766602831 60.5020353070445 | Q36: =SUBSTITUTE(AVERAGE(INDEX(Nodes!$A$3:$E$64,Arcs!K36,4), INDEX(Nodes!$A$3:$E$64,Arcs!L36,4)) & " " & AVERAGE(INDEX(Nodes!$A$3:$E$64,Arcs!K36,5), INDEX(Nodes!$A$3:$E$64,Arcs!L36,5)), ",", ".") -> 2.01445157351417 60.1984986400223 | S36: 0.01
A37: 36 | B37: Ormen Lange PL-A | C37: A/S Norske Shell | D37: IN SERVICE | E37: 2007-09-13 | F37: ORMEN LANGE A | G37: NYHAMNA | H37: ="LINESTRING(" & O37 & "," & Q37 & "," & P37 & ")" -> LINESTRING(5.38676357200006 63.5280816700001,6.16626739450007 63.1898201775001,6.94577121700007 62.851558685) | I37: 61 | J37: =IF(I37=100,"Capacity unknown","") | K37: =INDEX(Nodes!$A:$A,MATCH(Arcs!F37,Nodes!$B:$B,0)) -> 45 | L37: =INDEX(Nodes!$A:$A,MATCH(Arcs!G37,Nodes!$B:$B,0)) -> 44 | M37: =S37 -> 0.1 | N37: =S37 -> 0.1 | O37: {=SUBSTITUTE(INDEX(Nodes!$A$3:$E$64,Arcs!K37,4) & " " & INDEX(Nodes!$A$3:$E$64,Arcs!K37,5), ",",".")} -> 5.38676357200006 63.5280816700001 | P37: {=SUBSTITUTE(INDEX(Nodes!$A$3:$E$64,Arcs!L37,4) & " " & INDEX(Nodes!$A$3:$E$64,Arcs!L37,5), ",",".")} -> 6.94577121700007 62.851558685 | Q37: =SUBSTITUTE(AVERAGE(INDEX(Nodes!$A$3:$E$64,Arcs!K37,4), INDEX(Nodes!$A$3:$E$64,Arcs!L37,4)) & " " & AVERAGE(INDEX(Nodes!$A$3:$E$64,Arcs!K37,5), INDEX(Nodes!$A$3:$E$64,Arcs!L37,5)), ",", ".") -> 6.16626739450007 63.1898201775001 | S37: 0.1
A38: 37 | B38: Polarled | C38: Gassco AS | D38: IN SERVICE | E38: 2017-01-01 | F38: AASTA HANSTEEN PLEM | G38: NYHAMNA | H38: ="LINESTRING(" & O38 & "," & Q38 & "," & P38 & ")" -> LINESTRING(7.10722700000002 67.0556100000001,7.02649910850005 64.9535843425001,6.94577121700007 62.851558685) | I38: 57.6 | J38: =IF(I38=100,"Capacity unknown","") | K38: =INDEX(Nodes!$A:$A,MATCH(Arcs!F38,Nodes!$B:$B,0)) -> 1 | L38: =INDEX(Nodes!$A:$A,MATCH(Arcs!G38,Nodes!$B:$B,0)) -> 44 | M38: =S38 -> 0.482 | N38: =S38 -> 0.482 | O38: {=SUBSTITUTE(INDEX(Nodes!$A$3:$E$64,Arcs!K38,4) & " " & INDEX(Nodes!$A$3:$E$64,Arcs!K38,5), ",",".")} -> 7.10722700000002 67.0556100000001 | P38: {=SUBSTITUTE(INDEX(Nodes!$A$3:$E$64,Arcs!L38,4) & " " & INDEX(Nodes!$A$3:$E$64,Arcs!L38,5), ",",".")} -> 6.94577121700007 62.851558685 | Q38: =SUBSTITUTE(AVERAGE(INDEX(Nodes!$A$3:$E$64,Arcs!K38,4), INDEX(Nodes!$A$3:$E$64,Arcs!L38,4)) & " " & AVERAGE(INDEX(Nodes!$A$3:$E$64,Arcs!K38,5), INDEX(Nodes!$A$3:$E$64,Arcs!L38,5)), ",", ".") -> 7.02649910850005 64.9535843425001 | S38: 0.482
A39: 38 | B39: Skarv Gassror | C39: Aker BP ASA | D39: IN SERVICE | E39: 2012-11-10 | F39: SKARV ERB | G39: aSGARD T | H39: ="LINESTRING(" & O39 & "," & Q39 & "," & P39 & ")" -> LINESTRING(7.65583281980168 65.6937438991215,7.22974632790087 65.3941076995608,6.80365983600007 65.0944715000001) | I39: 48.1 | J39: =IF(I39=100,"Capacity unknown","") | K39: =INDEX(Nodes!$A:$A,MATCH(Arcs!F39,Nodes!$B:$B,0)) -> 49 | L39: =INDEX(Nodes!$A:$A,MATCH(Arcs!G39,Nodes!$B:$B,0)) -> 3 | M39: =S39 -> 0.02 | N39: =S39 -> 0.02 | O39: {=SUBSTITUTE(INDEX(Nodes!$A$3:$E$64,Arcs!K39,4) & " " & INDEX(Nodes!$A$3:$E$64,Arcs!K39,5), ",",".")} -> 7.65583281980168 65.6937438991215 | P39: {=SUBSTITUTE(INDEX(Nodes!$A$3:$E$64,Arcs!L39,4) & " " & INDEX(Nodes!$A$3:$E$64,Arcs!L39,5), ",",".")} -> 6.80365983600007 65.0944715000001 | Q39: =SUBSTITUTE(AVERAGE(INDEX(Nodes!$A$3:$E$64,Arcs!K39,4), INDEX(Nodes!$A$3:$E$64,Arcs!L39,4)) & " " & AVERAGE(INDEX(Nodes!$A$3:$E$64,Arcs!K39,5), INDEX(Nodes!$A$3:$E$64,Arcs!L39,5)), ",", ".") -> 7.22974632790087 65.3941076995608 | S39: 0.02
... A42: 41 | B42: Zeepipe I | C42: Gassco AS | D42: IN SERVICE | E42: 1993-10-01 | F42: SLEIPNER R | G42: DRAUPNER S | H42: ="LINESTRING(" & O42 & "," & Q42 & "," & P42 & ")" -> LINESTRING(1.91586639699623 58.3649441738375,2.19479968579955 58.2746767014261,2.47373297460288 58.1844092290148) | I42: 55 | J42: =IF(I42=100,"Capacity unknown","") | K42: =INDEX(Nodes!$A:$A,MATCH(Arcs!F42,Nodes!$B:$B,0)) -> 51 | L42: =INDEX(Nodes!$A:$A,MATCH(Arcs!G42,Nodes!$B:$B,0)) -> 16 | M42: =S42 -> 0.039 | N42: =S42 -> 0.039 | O42: {=SUBSTITUTE(INDEX(Nodes!$A$3:$E$64,Arcs!K42,4) & " " & INDEX(Nodes!$A$3:$E$64,Arcs!K42,5), ",",".")} -> 1.91586639699623 58.3649441738375 | P42: {=SUBSTITUTE(INDEX(Nodes!$A$3:$E$64,Arcs!L42,4) & " " & INDEX(Nodes!$A$3:$E$64,Arcs!L42,5), ",",".")} -> 2.47373297460288 58.1844092290148 | Q42: =SUBSTITUTE(AVERAGE(INDEX(Nodes!$A$3:$E$64,Arcs!K42,4), INDEX(Nodes!$A$3:$E$64,Arcs!L42,4)) & " " & AVERAGE(INDEX(Nodes!$A$3:$E$64,Arcs!K42,5), INDEX(Nodes!$A$3:$E$64,Arcs!L42,5)), ",", ".") -> 2.19479968579955 58.2746767014261 | S42: 0.039
A43: 42 | B43: Baltic Pipe 1 | F43: BALTIC ENTRANCE | G43: Denmark 1 | H43: ="LINESTRING(" & O43 & "," & Q43 & "," & P43 & ")" -> LINESTRING(6.5038 55.71,7.45555 55.7275,8.4073 55.745) | I43: 32 | J43: =IF(I43=100,"Capacity unknown","") | K43: =INDEX(Nodes!$A:$A,MATCH(Arcs!F43,Nodes!$B:$B,0)) -> 5 | L43: =INDEX(Nodes!$A:$A,MATCH(Arcs!G43,Nodes!$B:$B,0)) -> 9 | M43: =S43 -> 0.1 | N43: =S43 -> 0.1 | O43: {=SUBSTITUTE(INDEX(Nodes!$A$3:$E$64,Arcs!K43,4) & " " & INDEX(Nodes!$A$3:$E$64,Arcs!K43,5), ",",".")} -> 6.5038 55.71 | P43: {=SUBSTITUTE(INDEX(Nodes!$A$3:$E$64,Arcs!L43,4) & " " & INDEX(Nodes!$A$3:$E$64,Arcs!L43,5), ",",".")} -> 8.4073 55.745 | Q43: =SUBSTITUTE(AVERAGE(INDEX(Nodes!$A$3:$E$64,Arcs!K43,4), INDEX(Nodes!$A$3:$E$64,Arcs!L43,4)) & " " & AVERAGE(INDEX(Nodes!$A$3:$E$64,Arcs!K43,5), INDEX(Nodes!$A$3:$E$64,Arcs!L43,5)), ",", ".") -> 7.45555 55.7275 | S43: 0.1
A44: 43 | B44: Baltic Pipe 2 | F44: Denmark 2 | G44: Denmark 3 | H44: ="LINESTRING(" & O44 & "," & Q44 & "," & P44 & ")" -> LINESTRING(9.3108 55.617,10.05295 55.452,10.7951 55.287) | I44: 52 | J44: =IF(I44=100,"Capacity unknown","") | K44: =INDEX(Nodes!$A:$A,MATCH(Arcs!F44,Nodes!$B:$B,0)) -> 10 | L44: =INDEX(Nodes!$A:$A,MATCH(Arcs!G44,Nodes!$B:$B,0)) -> 11 | M44: =S44 -> 0.05 | N44: =S44 -> 0.05 | O44: {=SUBSTITUTE(INDEX(Nodes!$A$3:$E$64,Arcs!K44,4) & " " & INDEX(Nodes!$A$3:$E$64,Arcs!K44,5), ",",".")} -> 9.3108 55.617 | P44: {=SUBSTITUTE(INDEX(Nodes!$A$3:$E$64,Arcs!L44,4) & " " & INDEX(Nodes!$A$3:$E$64,Arcs!L44,5), ",",".")} -> 10.7951 55.287 | Q44: =SUBSTITUTE(AVERAGE(INDEX(Nodes!$A$3:$E$64,Arcs!K44,4), INDEX(Nodes!$A$3:$E$64,Arcs!L44,4)) & " " & AVERAGE(INDEX(Nodes!$A$3:$E$64,Arcs!K44,5), INDEX(Nodes!$A$3:$E$64,Arcs!L44,5)), ",", ".") -> 10.05295 55.452 | S44: 0.05
A45: 44 | B45: Baltic Pipe 3 | F45: Denmark 4 | G45: POLAND | H45: ="LINESTRING(" & O45 & "," & Q45 & "," & P45 & ")" -> LINESTRING(11.2102 55.389,13.23505 54.5945,15.2599 53.8) | I45: 32 | J45: =IF(I45=100,"Capacity unknown","") | K45: =INDEX(Nodes!$A:$A,MATCH(Arcs!F45,Nodes!$B:$B,0)) -> 12 | L45: =INDEX(Nodes!$A:$A,MATCH(Arcs!G45,Nodes!$B:$B,0)) -> 47 | M45: =S45 -> 0.15 | N45: =S45 -> 0.15 | O45: {=SUBSTITUTE(INDEX(Nodes!$A$3:$E$64,Arcs!K45,4) & " " & INDEX(Nodes!$A$3:$E$64,Arcs!K45,5), ",",".")} -> 11.2102 55.389 | P45: {=SUBSTITUTE(INDEX(Nodes!$A$3:$E$64,Arcs!L45,4) & " " & INDEX(Nodes!$A$3:$E$64,Arcs!L45,5), ",",".")} -> 15.2599 53.8 | Q45: =SUBSTITUTE(AVERAGE(INDEX(Nodes!$A$3:$E$64,Arcs!K45,4), INDEX(Nodes!$A$3:$E$64,Arcs!L45,4)) & " " & AVERAGE(INDEX(Nodes!$A$3:$E$64,Arcs!K45,5), INDEX(Nodes!$A$3:$E$64,Arcs!L45,5)), ",", ".") -> 13.23505 54.5945 | S45: 0.15
A46: 45 | B46: CATS | F46: CATS PLATFORM | G46: TEESSIDE | H46: ="LINESTRING(" & O46 & "," & Q46 & "," & P46 & ")" -> LINESTRING(1.803328 57.758069,0.349372 56.1913345,-1.104584 54.6246) | I46: 48 | J46: Source en sink omgegraaid. | K46: =INDEX(Nodes!$A:$A,MATCH(Arcs!F46,Nodes!$B:$B,0)) -> 8 | L46: =INDEX(Nodes!$A:$A,MATCH(Arcs!G46,Nodes!$B:$B,0)) -> 55 | M46: =S46 -> 0.2 | N46: =S46 -> 0.2 | O46: {=SUBSTITUTE(INDEX(Nodes!$A$3:$E$64,Arcs!K46,4) & " " & INDEX(Nodes!$A$3:$E$64,Arcs!K46,5), ",",".")} -> 1.803328 57.758069 | P46: {=SUBSTITUTE(INDEX(Nodes!$A$3:$E$64,Arcs!L46,4) & " " & INDEX(Nodes!$A$3:$E$64,Arcs!L46,5), ",",".")} -> -1.104584 54.6246 | Q46: =SUBSTITUTE(AVERAGE(INDEX(Nodes!$A$3:$E$64,Arcs!K46,4), INDEX(Nodes!$A$3:$E$64,Arcs!L46,4)) & " " & AVERAGE(INDEX(Nodes!$A$3:$E$64,Arcs!K46,5), INDEX(Nodes!$A$3:$E$64,Arcs!L46,5)), ",", ".") -> 0.349372 56.1913345 | S46: 0.2
A47: 46 | B47: FLAGS | F47: MURCHISON | G47: ST.FERGUS | H47: ="LINESTRING(" & O47 & "," & Q47 & "," & P47 & ")" -> LINESTRING(1.705013 61.034477,-0.060319 59.307224,-1.825651 57.579971) | I47: 33 | J47: =IF(I47=100,"Capacity unknown","") | K47: =INDEX(Nodes!$A:$A,MATCH(Arcs!F47,Nodes!$B:$B,0)) -> 40 | L47: =INDEX(Nodes!$A:$A,MATCH(Arcs!G47,Nodes!$B:$B,0)) -> 52 | M47: =S47 -> 0.4 | N47: =S47 -> 0.4 | O47: {=SUBSTITUTE(INDEX(Nodes!$A$3:$E$64,Arcs!K47,4) & " " & INDEX(Nodes!$A$3:$E$64,Arcs!K47,5), ",",".")} -> 1.705013 61.034477 | P47: {=SUBSTITUTE(INDEX(Nodes!$A$3:$E$64,Arcs!L47,4) & " " & INDEX(Nodes!$A$3:$E$64,Arcs!L47,5), ",",".")} -> -1.825651 57.579971 | Q47: =SUBSTITUTE(AVERAGE(INDEX(Nodes!$A$3:$E$64,Arcs!K47,4), INDEX(Nodes!$A$3:$E$64,Arcs!L47,4)) & " " & AVERAGE(INDEX(Nodes!$A$3:$E$64,Arcs!K47,5), INDEX(Nodes!$A$3:$E$64,Arcs!L47,5)), ",", ".") -> -0.060319 59.307224 | S47: 0.4
A48: 47 | B48: Dummy pipe 1 | F48: Denmark 1 | G48: Denmark 2 | H48: ="LINESTRING(" & O48 & "," & Q48 & "," & P48 & ")" -> LINESTRING(8.4073 55.745,8.85905 55.681,9.3108 55.617) | I48: 1000 | J48: =IF(I48=100,"Capacity unknown","") | K48: =INDEX(Nodes!$A:$A,MATCH(Arcs!F48,Nodes!$B:$B,0)) -> 9 | L48: =INDEX(Nodes!$A:$A,MATCH(Arcs!G48,Nodes!$B:$B,0)) -> 10 | M48: =S48 -> 0 | N48: =S48 -> 0 | O48: {=SUBSTITUTE(INDEX(Nodes!$A$3:$E$64,Arcs!K48,4) & " " & INDEX(Nodes!$A$3:$E$64,Arcs!K48,5), ",",".")} -> 8.4073 55.745 | P48: {=SUBSTITUTE(INDEX(Nodes!$A$3:$E$64,Arcs!L48,4) & " " & INDEX(Nodes!$A$3:$E$64,Arcs!L48,5), ",",".")} -> 9.3108 55.617 | Q48: =SUBSTITUTE(AVERAGE(INDEX(Nodes!$A$3:$E$64,Arcs!K48,4), INDEX(Nodes!$A$3:$E$64,Arcs!L48,4)) & " " & AVERAGE(INDEX(Nodes!$A$3:$E$64,Arcs!K48,5), INDEX(Nodes!$A$3:$E$64,Arcs!L48,5)), ",", ".") -> 8.85905 55.681 | S48: 0
A49: 48 | B49: Dummy pipe 2 | F49: Denmark 3 | G49: Denmark 4 | H49: ="LINESTRING(" & O49 & "," & Q49 & "," & P49 & ")" -> LINESTRING(10.7951 55.287,11.00265 55.338,11.2102 55.389) | I49: 1000 | J49: =IF(I49=100,"Capacity unknown","") | K49: =INDEX(Nodes!$A:$A,MATCH(Arcs!F49,Nodes!$B:$B,0)) -> 11 | L49: =INDEX(Nodes!$A:$A,MATCH(Arcs!G49,Nodes!$B:$B,0)) -> 12 | M49: =S49 -> 0 | N49: =S49 -> 0 | O49: {=SUBSTITUTE(INDEX(Nodes!$A$3:$E$64,Arcs!K49,4) & " " & INDEX(Nodes!$A$3:$E$64,Arcs!K49,5), ",",".")} -> 10.7951 55.287 | P49: {=SUBSTITUTE(INDEX(Nodes!$A$3:$E$64,Arcs!L49,4) & " " & INDEX(Nodes!$A$3:$E$64,Arcs!L49,5), ",",".")} -> 11.2102 55.389 | Q49: =SUBSTITUTE(AVERAGE(INDEX(Nodes!$A$3:$E$64,Arcs!K49,4), INDEX(Nodes!$A$3:$E$64,Arcs!L49,4)) & " " & AVERAGE(INDEX(Nodes!$A$3:$E$64,Arcs!K49,5), INDEX(Nodes!$A$3:$E$64,Arcs!L49,5)), ",", ".") -> 11.00265 55.338 | S49: 0
A50: 49 | B50: Dummy pipe 3 | F50: DRAUPNER S | G50: DRAUPNER E | H50: ="LINESTRING(" & O50 & "," & Q50 & "," & P50 & ")" -> LINESTRING(2.47373297460288 58.1844092290148,2.46906857032826 58.1862791232136,2.46440416605363 58.1881490174125) | I50: 1000 | J50: =IF(I50=100,"Capacity unknown","") | K50: =INDEX(Nodes!$A:$A,MATCH(Arcs!F50,Nodes!$B:$B,0)) -> 16 | L50: =INDEX(Nodes!$A:$A,MATCH(Arcs!G50,Nodes!$B:$B,0)) -> 15 | M50: =S50 -> 0 | N50: =S50 -> 0 | O50: {=SUBSTITUTE(INDEX(Nodes!$A$3:$E$64,Arcs!K50,4) & " " & INDEX(Nodes!$A$3:$E$64,Arcs!K50,5), ",",".")} -> 2.47373297460288 58.1844092290148 | P50: {=SUBSTITUTE(INDEX(Nodes!$A$3:$E$64,Arcs!L50,4) & " " & INDEX(Nodes!$A$3:$E$64,Arcs!L50,5), ",",".")} -> 2.46440416605363 58.1881490174125 | Q50: =SUBSTITUTE(AVERAGE(INDEX(Nodes!$A$3:$E$64,Arcs!K50,4), INDEX(Nodes!$A$3:$E$64,Arcs!L50,4)) & " " & AVERAGE(INDEX(Nodes!$A$3:$E$64,Arcs!K50,5), INDEX(Nodes!$A$3:$E$64,Arcs!L50,5)), ",", ".") -> 2.46906857032826 58.1862791232136 | S50: 0
A51: 50 | B51: Dummy pipe 4 | F51: SLEIPNER A | G51: SLEIPNER R | H51: ="LINESTRING(" & O51 & "," & Q51 & "," & P51 & ")" -> LINESTRING(1.89876593357951 58.370533807718,1.90731616528787 58.3677389907777,1.91586639699623 58.3649441738375) | I51: 1000 | J51: =IF(I51=100,"Capacity unknown","") | K51: =INDEX(Nodes!$A:$A,MATCH(Arcs!F51,Nodes!$B:$B,0)) -> 50 | L51: =INDEX(Nodes!$A:$A,MATCH(Arcs!G51,Nodes!$B:$B,0)) -> 51 | M51: =S51 -> 0 | N51: =S51 -> 0 | O51: {=SUBSTITUTE(INDEX(Nodes!$A$3:$E$64,Arcs!K51,4) & " " & INDEX(Nodes!$A$3:$E$64,Arcs!K51,5), ",",".")} -> 1.89876593357951 58.370533807718 | P51: {=SUBSTITUTE(INDEX(Nodes!$A$3:$E$64,Arcs!L51,4) & " " & INDEX(Nodes!$A$3:$E$64,Arcs!L51,5), ",",".")} -> 1.91586639699623 58.3649441738375 | Q51: =SUBSTITUTE(AVERAGE(INDEX(Nodes!$A$3:$E$64,Arcs!K51,4), INDEX(Nodes!$A$3:$E$64,Arcs!L51,4)) & " " & AVERAGE(INDEX(Nodes!$A$3:$E$64,Arcs!K51,5), INDEX(Nodes!$A$3:$E$64,Arcs!L51,5)), ",", ".") -> 1.90731616528787 58.3677389907777 | S51: 0
A52: 51 | B52: Dummy pipe 5 | F52: EKOFISK J | G52: NORPIPE Y | H52: ="LINESTRING(" & O52 & "," & Q52 & "," & P52 & ")" -> LINESTRING(3.23 56.55,3.28025150000001 56.5201845,3.33050300000002 56.490369) | I52: 1000 | J52: =IF(I52=100,"Capacity unknown","") | K52: =INDEX(Nodes!$A:$A,MATCH(Arcs!F52,Nodes!$B:$B,0)) -> 20 | L52: =INDEX(Nodes!$A:$A,MATCH(Arcs!G52,Nodes!$B:$B,0)) -> 43 | M52: =S52 -> 0 | N52: =S52 -> 0 | O52: {=SUBSTITUTE(INDEX(Nodes!$A$3:$E$64,Arcs!K52,4) & " " & INDEX(Nodes!$A$3:$E$64,Arcs!K52,5), ",",".")} -> 3.23 56.55 | P52: {=SUBSTITUTE(INDEX(Nodes!$A$3:$E$64,Arcs!L52,4) & " " & INDEX(Nodes!$A$3:$E$64,Arcs!L52,5), ",",".")} -> 3.33050300000002 56.490369 | Q52: =SUBSTITUTE(AVERAGE(INDEX(Nodes!$A$3:$E$64,Arcs!K52,4), INDEX(Nodes!$A$3:$E$64,Arcs!L52,4)) & " " & AVERAGE(INDEX(Nodes!$A$3:$E$64,Arcs!K52,5), INDEX(Nodes!$A$3:$E$64,Arcs!L52,5)), ",", ".") -> 3.28025150000001 56.5201845 | S52: 0
A53: 52 | B53: Dummy pipe 6 | C53: 52 | D53: Dummy pipe 6 | E53: 52 | F53: DRAUGEN T | G53: DRAUGEN | H53: ="LINESTRING(" & O53 & "," & Q53 & "," & P53 & ")" -> LINESTRING(7.79102610529196 64.3505675912103,7.11614205264601 64.2919112956052,6.44125800000006 64.233255) | I53: 1000 | J53: =IF(I53=100,"Capacity unknown","") | K53: =INDEX(Nodes!$A:$A,MATCH(Arcs!F53,Nodes!$B:$B,0)) -> 14 | L53: =INDEX(Nodes!$A:$A,MATCH(Arcs!G53,Nodes!$B:$B,0)) -> 13 | M53: =S53 -> 0 | N53: =S53 -> 0 | O53: {=SUBSTITUTE(INDEX(Nodes!$A$3:$E$64,Arcs!K53,4) & " " & INDEX(Nodes!$A$3:$E$64,Arcs!K53,5), ",",".")} -> 7.79102610529196 64.3505675912103 | P53: {=SUBSTITUTE(INDEX(Nodes!$A$3:$E$64,Arcs!L53,4) & " " & INDEX(Nodes!$A$3:$E$64,Arcs!L53,5), ",",".")} -> 6.44125800000006 64.233255 | Q53: =SUBSTITUTE(AVERAGE(INDEX(Nodes!$A$3:$E$64,Arcs!K53,4), INDEX(Nodes!$A$3:$E$64,Arcs!L53,4)) & " " & AVERAGE(INDEX(Nodes!$A$3:$E$64,Arcs!K53,5), INDEX(Nodes!$A$3:$E$64,Arcs!L53,5)), ",", ".") -> 7.11614205264601 64.2919112956052 | S53: 0
A54: 53 | B54: Dummy pipe 7 | C54: 53 | D54: Dummy pipe 7 | E54: 53 | F54: FLAGS-T | G54: MURCHISON | H54: ="LINESTRING(" & O54 & "," & Q54 & "," & P54 & ")" -> LINESTRING(1.70018911400007 61.022018433,1.70260105700003 61.0282477165,1.705013 61.034477) | I54: 1000 | J54: =IF(I54=100,"Capacity unknown","") | K54: =INDEX(Nodes!$A:$A,MATCH(Arcs!F54,Nodes!$B:$B,0)) -> 24 | L54: =INDEX(Nodes!$A:$A,MATCH(Arcs!G54,Nodes!$B:$B,0)) -> 40 | M54: =S54 -> 0 | N54: =S54 -> 0 | O54: {=SUBSTITUTE(INDEX(Nodes!$A$3:$E$64,Arcs!K54,4) & " " & INDEX(Nodes!$A$3:$E$64,Arcs!K54,5), ",",".")} -> 1.70018911400007 61.022018433 | P54: {=SUBSTITUTE(INDEX(Nodes!$A$3:$E$64,Arcs!L54,4) & " " & INDEX(Nodes!$A$3:$E$64,Arcs!L54,5), ",",".")} -> 1.705013 61.034477 | Q54: =SUBSTITUTE(AVERAGE(INDEX(Nodes!$A$3:$E$64,Arcs!K54,4), INDEX(Nodes!$A$3:$E$64,Arcs!L54,4)) & " " & AVERAGE(INDEX(Nodes!$A$3:$E$64,Arcs!K54,5), INDEX(Nodes!$A$3:$E$64,Arcs!L54,5)), ",", ".") -> 1.70260105700003 61.0282477165 | S54: 0
A55: 54 | B55: Dummy pipe 8 | C55: 54 | D55: Dummy pipe 8 | E55: 54 | F55: aSGARD T | G55: aSGARD ERB | H55: ="LINESTRING(" & O55 & "," & Q55 & "," & P55 & ")" -> LINESTRING(6.80365983600007 65.0944715000001,5.74610048159499 63.6986000692747,4.68854112718991 62.3027286385494) | I55: 1000 | J55: =IF(I55=100,"Capacity unknown","") | K55: =INDEX(Nodes!$A:$A,MATCH(Arcs!F55,Nodes!$B:$B,0)) -> 3 | L55: =INDEX(Nodes!$A:$A,MATCH(Arcs!G55,Nodes!$B:$B,0)) -> 2 | M55: =S55 -> 0 | N55: =S55 -> 0 | O55: {=SUBSTITUTE(INDEX(Nodes!$A$3:$E$64,Arcs!K55,4) & " " & INDEX(Nodes!$A$3:$E$64,Arcs!K55,5), ",",".")} -> 6.80365983600007 65.0944715000001 | P55: {=SUBSTITUTE(INDEX(Nodes!$A$3:$E$64,Arcs!L55,4) & " " & INDEX(Nodes!$A$3:$E$64,Arcs!L55,5), ",",".")} -> 4.68854112718991 62.3027286385494 | Q55: =SUBSTITUTE(AVERAGE(INDEX(Nodes!$A$3:$E$64,Arcs!K55,4), INDEX(Nodes!$A$3:$E$64,Arcs!L55,4)) & " " & AVERAGE(INDEX(Nodes!$A$3:$E$64,Arcs!K55,5), INDEX(Nodes!$A$3:$E$64,Arcs!L55,5)), ",", ".") -> 5.74610048159499 63.6986000692747 | S55: 0
A56: 55 | B56: Dummy pipe 9 | F56: BRAGE-T | G56: OSEBERG D | H56: ="LINESTRING(" & O56 & "," & Q56 & "," & P56 & ")" -> LINESTRING(3.0378254949277 60.5433289978974,2.93093584095346 60.5151147257528,2.82404618697923 60.4869004536081) | I56: 1000 | J56: =IF(I56=100,"Capacity unknown","") | K56: =INDEX(Nodes!$A:$A,MATCH(Arcs!F56,Nodes!$B:$B,0)) -> 7 | L56: =INDEX(Nodes!$A:$A,MATCH(Arcs!G56,Nodes!$B:$B,0)) -> 46 | M56: =S56 -> 0 | N56: =S56 -> 0 | O56: {=SUBSTITUTE(INDEX(Nodes!$A$3:$E$64,Arcs!K56,4) & " " & INDEX(Nodes!$A$3:$E$64,Arcs!K56,5), ",",".")} -> 3.0378254949277 60.5433289978974 | P56: {=SUBSTITUTE(INDEX(Nodes!$A$3:$E$64,Arcs!L56,4) & " " & INDEX(Nodes!$A$3:$E$64,Arcs!L56,5), ",",".")} -> 2.82404618697923 60.4869004536081 | Q56: =SUBSTITUTE(AVERAGE(INDEX(Nodes!$A$3:$E$64,Arcs!K56,4), INDEX(Nodes!$A$3:$E$64,Arcs!L56,4)) & " " & AVERAGE(INDEX(Nodes!$A$3:$E$64,Arcs!K56,5), INDEX(Nodes!$A$3:$E$64,Arcs!L56,5)), ",", ".") -> 2.93093584095346 60.5151147257528 | S56: 0
A57: 56 | B57: Dummy pipe 10 | F57: DRAUGEN T | G57: aSGARD ERB | H57: ="LINESTRING(" & O57 & "," & Q57 & "," & P57 & ")" -> LINESTRING(7.79102610529196 64.3505675912103,6.23978361624093 63.3266481148799,4.68854112718991 62.3027286385494) | I57: 1000 | J57: =IF(I57=100,"Capacity unknown","") | K57: =INDEX(Nodes!$A:$A,MATCH(Arcs!F57,Nodes!$B:$B,0)) -> 14 | L57: =INDEX(Nodes!$A:$A,MATCH(Arcs!G57,Nodes!$B:$B,0)) -> 2 | M57: =S57 -> 0 | N57: =S57 -> 0 | O57: {=SUBSTITUTE(INDEX(Nodes!$A$3:$E$64,Arcs!K57,4) & " " & INDEX(Nodes!$A$3:$E$64,Arcs!K57,5), ",",".")} -> 7.79102610529196 64.3505675912103 | P57: {=SUBSTITUTE(INDEX(Nodes!$A$3:$E$64,Arcs!L57,4) & " " & INDEX(Nodes!$A$3:$E$64,Arcs!L57,5), ",",".")} -> 4.68854112718991 62.3027286385494 | Q57: =SUBSTITUTE(AVERAGE(INDEX(Nodes!$A$3:$E$64,Arcs!K57,4), INDEX(Nodes!$A$3:$E$64,Arcs!L57,4)) & " " & AVERAGE(INDEX(Nodes!$A$3:$E$64,Arcs!K57,5), INDEX(Nodes!$A$3:$E$64,Arcs!L57,5)), ",", ".") -> 6.23978361624093 63.3266481148799 | S57: 0
A58: 57 | B58: Dummy pipe 11 | F58: SAGE-T | G58: JOHAN SVERDRUP RP | H58: ="LINESTRING(" & O58 & "," & Q58 & "," & P58 & ")" -> LINESTRING(2.25414983173741 58.8394056753501,3.65416291586873 59.0831068376751,5.05417600000004 59.326808) | I58: 1000 | J58: =IF(I58=100,"Capacity unknown","") | K58: =INDEX(Nodes!$A:$A,MATCH(Arcs!F58,Nodes!$B:$B,0)) -> 48 | L58: =INDEX(Nodes!$A:$A,MATCH(Arcs!G58,Nodes!$B:$B,0)) -> 34 | M58: =S58 -> 0 | N58: =S58 -> 0 | O58: {=SUBSTITUTE(INDEX(Nodes!$A$3:$E$64,Arcs!K58,4) & " " & INDEX(Nodes!$A$3:$E$64,Arcs!K58,5), ",",".")} -> 2.25414983173741 58.8394056753501 | P58: {=SUBSTITUTE(INDEX(Nodes!$A$3:$E$64,Arcs!L58,4) & " " & INDEX(Nodes!$A$3:$E$64,Arcs!L58,5), ",",".")} -> 5.05417600000004 59.326808 | Q58: =SUBSTITUTE(AVERAGE(INDEX(Nodes!$A$3:$E$64,Arcs!K58,4), INDEX(Nodes!$A$3:$E$64,Arcs!L58,4)) & " " & AVERAGE(INDEX(Nodes!$A$3:$E$64,Arcs!K58,5), INDEX(Nodes!$A$3:$E$64,Arcs!L58,5)), ",", ".") -> 3.65416291586873 59.0831068376751 | S58: 0
A59: 58 | B59: Dummy pipe 12 | F59: JOHAN SVERDRUP STATPIPE PLEM | G59: KaRSTo | H59: ="LINESTRING(" & O59 & "," & Q59 & "," & P59 & ")" -> LINESTRING(2.5577715130093 58.8419310723351,4.03534642322643 59.0570233500857,5.51292133344356 59.2721156278364) | I59: 1000 | J59: =IF(I59=100,"Capacity unknown","") | K59: =INDEX(Nodes!$A:$A,MATCH(Arcs!F59,Nodes!$B:$B,0)) -> 35 | L59: =INDEX(Nodes!$A:$A,MATCH(Arcs!G59,Nodes!$B:$B,0)) -> 36 | M59: =S59 -> 0 | N59: =S59 -> 0 | O59: {=SUBSTITUTE(INDEX(Nodes!$A$3:$E$64,Arcs!K59,4) & " " & INDEX(Nodes!$A$3:$E$64,Arcs!K59,5), ",",".")} -> 2.5577715130093 58.8419310723351 | P59: {=SUBSTITUTE(INDEX(Nodes!$A$3:$E$64,Arcs!L59,4) & " " & INDEX(Nodes!$A$3:$E$64,Arcs!L59,5), ",",".")} -> 5.51292133344356 59.2721156278364 | Q59: =SUBSTITUTE(AVERAGE(INDEX(Nodes!$A$3:$E$64,Arcs!K59,4), INDEX(Nodes!$A$3:$E$64,Arcs!L59,4)) & " " & AVERAGE(INDEX(Nodes!$A$3:$E$64,Arcs!K59,5), INDEX(Nodes!$A$3:$E$64,Arcs!L59,5)), ",", ".") -> 4.03534642322643 59.0570233500857 | S59: 0
A60: 59 | B60: Dummy pipe 13 | F60: NORNE/HEIDRUN T | G60: aSGARD ERB | H60: ="LINESTRING(" & O60 & "," & Q60 & "," & P60 & ")" -> LINESTRING(6.80146100000007 65.0845160000001,5.74500106359499 63.6936223192747,4.68854112718991 62.3027286385494) | I60: 1000 | J60: =IF(I60=100,"Capacity unknown","") | K60: =INDEX(Nodes!$A:$A,MATCH(Arcs!F60,Nodes!$B:$B,0)) -> 42 | L60: =INDEX(Nodes!$A:$A,MATCH(Arcs!G60,Nodes!$B:$B,0)) -> 2 | M60: =S60 -> 0 | N60: =S60 -> 0 | O60: {=SUBSTITUTE(INDEX(Nodes!$A$3:$E$64,Arcs!K60,4) & " " & INDEX(Nodes!$A$3:$E$64,Arcs!K60,5), ",",".")} -> 6.80146100000007 65.0845160000001 | P60: {=SUBSTITUTE(INDEX(Nodes!$A$3:$E$64,Arcs!L60,4) & " " & INDEX(Nodes!$A$3:$E$64,Arcs!L60,5), ",",".")} -> 4.68854112718991 62.3027286385494 | Q60: =SUBSTITUTE(AVERAGE(INDEX(Nodes!$A$3:$E$64,Arcs!K60,4), INDEX(Nodes!$A$3:$E$64,Arcs!L60,4)) & " " & AVERAGE(INDEX(Nodes!$A$3:$E$64,Arcs!K60,5), INDEX(Nodes!$A$3:$E$64,Arcs!L60,5)), ",", ".") -> 5.74500106359499 63.6936223192747 | S60: 0
A61: 60 | B61: Dummy pipe 14 | F61: MARTIN LINGE A | G61: HEIMDAL HRP | H61: ="LINESTRING(" & O61 & "," & Q61 & "," & P61 & ")" -> LINESTRING(2.01751548100003 59.8949619730001,2.12637048424656 59.7330186621066,2.23522548749309 59.5710753512132) | I61: 1000 | J61: =IF(I61=100,"Capacity unknown","") | K61: =INDEX(Nodes!$A:$A,MATCH(Arcs!F61,Nodes!$B:$B,0)) -> 39 | L61: =INDEX(Nodes!$A:$A,MATCH(Arcs!G61,Nodes!$B:$B,0)) -> 33 | M61: =S61 -> 0 | N61: =S61 -> 0 | O61: {=SUBSTITUTE(INDEX(Nodes!$A$3:$E$64,Arcs!K61,4) & " " & INDEX(Nodes!$A$3:$E$64,Arcs!K61,5), ",",".")} -> 2.01751548100003 59.8949619730001 | P61: {=SUBSTITUTE(INDEX(Nodes!$A$3:$E$64,Arcs!L61,4) & " " & INDEX(Nodes!$A$3:$E$64,Arcs!L61,5), ",",".")} -> 2.23522548749309 59.5710753512132 | Q61: =SUBSTITUTE(AVERAGE(INDEX(Nodes!$A$3:$E$64,Arcs!K61,4), INDEX(Nodes!$A$3:$E$64,Arcs!L61,4)) & " " & AVERAGE(INDEX(Nodes!$A$3:$E$64,Arcs!K61,5), INDEX(Nodes!$A$3:$E$64,Arcs!L61,5)), ",", ".") -> 2.12637048424656 59.7330186621066 | S61: 0
A62: 61 | B62: Dummy pipe gjoa | F62: GJoA-T | G62: FLAGS-T | H62: ="LINESTRING(" & O62 & "," & Q62 & "," & P62 & ")" -> LINESTRING(3.90498979266736 61.3301937762874,2.80258945333371 61.1761061046437,1.70018911400007 61.022018433) | I62: 18.2 | K62: =INDEX(Nodes!$A:$A,MATCH(Arcs!F62,Nodes!$B:$B,0)) -> 27 | L62: =INDEX(Nodes!$A:$A,MATCH(Arcs!G62,Nodes!$B:$B,0)) -> 24 | M62: =S62 -> 0 | N62: =S62 -> 0 | O62: {=SUBSTITUTE(INDEX(Nodes!$A$3:$E$64,Arcs!K62,4) & " " & INDEX(Nodes!$A$3:$E$64,Arcs!K62,5), ",",".")} -> 3.90498979266736 61.3301937762874 | P62: {=SUBSTITUTE(INDEX(Nodes!$A$3:$E$64,Arcs!L62,4) & " " & INDEX(Nodes!$A$3:$E$64,Arcs!L62,5), ",",".")} -> 1.70018911400007 61.022018433 | Q62: =SUBSTITUTE(AVERAGE(INDEX(Nodes!$A$3:$E$64,Arcs!K62,4), INDEX(Nodes!$A$3:$E$64,Arcs!L62,4)) & " " & AVERAGE(INDEX(Nodes!$A$3:$E$64,Arcs!K62,5), INDEX(Nodes!$A$3:$E$64,Arcs!L62,5)), ",", ".") -> 2.80258945333371 61.1761061046437 | S62: 0

Sheet Traders
A1: A/S Norske Shell | B1: Aker BP ASA | C1: ConocoPhillips Skandinavia AS | D1: Equinor Energy AS | E1: Lundin Energy Norway AS | F1: Neptune Energy Norge AS | G1: Var Energi AS | H1: Wintershall DEA Norge AS
A2: ORMEN LANGE A | B2: SKARV ERB | C2: EKOFISK J | D2: AASTA HANSTEEN PLEM | E2: EDVARD GRIEG | F2: GJoA | G2: NORNE ERB | H2: BRAGE
D3: GUDRUN
D4: HEIDRUN
D5: JOHAN SVERDRUP RP
D6: KVITEBJoRN
D7: MARTIN LINGE A
D8: OSEBERG D
D9: SLEIPNER A
D10: STATFJORD B
D11: TROLL A
D12: SLEIPNER R
D13: CATS PLATFORM
A15: {=SUM(IF(ISNUMBER(VLOOKUP(A2:A13,Nodes!$B$3:$I$61,8)),VLOOKUP(A2:A13,Nodes!$B$3:$I$61,8)))} -> 32.633767 | B15: {=SUM(IF(ISNUMBER(VLOOKUP(B2:B13,Nodes!$B$3:$I$61,8)),VLOOKUP(B2:B13,Nodes!$B$3:$I$61,8)))} -> 8.8860904 | C15: {=SUM(IF(ISNUMBER(VLOOKUP(C2:C13,Nodes!$B$3:$I$61,8)),VLOOKUP(C2:C13,Nodes!$B$3:$I$61,8)))} -> 3.8482712 | D15: {=SUM(IF(ISNUMBER(VLOOKUP(D2:D13,Nodes!$B$3:$I$61,8)),VLOOKUP(D2:D13,Nodes!$B$3:$I$61,8)))} -> 242.49739 | E15: {=SUM(IF(ISNUMBER(VLOOKUP(E2:E13,Nodes!$B$3:$I$61,8)),VLOOKUP(E2:E13,Nodes!$B$3:$I$61,8)))} -> 4.0645178 | F15: {=SUM(IF(ISNUMBER(VLOOKUP(F2:F13,Nodes!$B$3:$I$61,8)),VLOOKUP(F2:F13,Nodes!$B$3:$I$61,8)))} -> 10.738132 | G15: {=SUM(IF(ISNUMBER(VLOOKUP(G2:G13,Nodes!$B$3:$I$61,8)),VLOOKUP(G2:G13,Nodes!$B$3:$I$61,8)))} -> 1.5822603 | H15: {=SUM(IF(ISNUMBER(VLOOKUP(H2:H13,Nodes!$B$3:$I$61,8)),VLOOKUP(H2:H13,Nodes!$B$3:$I$61,8)))} -> 0.35852055
H17: Aangepast
H18: GJOA-T > GJOA
H19: NORNE/HEIDRUN T > NORNE ERB
H20: BRAGE-T > BRAGE

Sheet TraderPercentages
A1: Trader | B1: ST.FERGUS | C1: EASINGTON | D1: TEESSIDE | E1: EMDEN | F1: DORNUM | G1: ZEEBRUGGE | H1: DUNKERQUE | I1: POLAND | K1: Maximum Production | L1: Minimum Volume
A2: A/S Norske Shell | B2: =0 -> 0 | C2: 0.4 | D2: 0 | E2: 0 | F2: 0 | G2: =12.5/40 -> 0.3125 | H2: =12.5/40 -> 0.3125 | I2: 0 | K2: =HLOOKUP(A2,Traders!$A$1:$H$15,15,) -> 32.633767 | L2: {=SUM(B2:I2*MAX('Demand Stage 1'!$B$5:$I$12))} -> 46.125
A3: Aker BP ASA | B3: 0 | C3: 0 | D3: 0 | E3: 0 | F3: =2.5/45 -> 0.055555556 | G3: 0 | H3: 0 | I3: 0.2 | K3: =HLOOKUP(A3,Traders!$A$1:$H$15,15,) -> 8.8860904 | L3: {=SUM(B3:I3*MAX('Demand Stage 1'!$B$5:$I$12))} -> 11.5
A4: ConocoPhillips Skandinavia AS | B4: 0 | C4: 0 | D4: 0 | E4: =3.5/45 -> 0.077777778 | F4: 0 | G4: 0 | H4: 0 | I4: 0 | K4: =HLOOKUP(A4,Traders!$A$1:$H$15,15,) -> 3.8482712 | L4: {=SUM(B4:I4*MAX('Demand Stage 1'!$B$5:$I$12))} -> 3.5
A5: Equinor Energy AS | B5: 0.4 | C5: 0.6 | D5: 1 | E5: =8/9 -> 0.88888889 | F5: =8/9 -> 0.88888889 | G5: 0.6875 | H5: 0.6875 | I5: 0.8 | K5: =HLOOKUP(A5,Traders!$A$1:$H$15,15,) -> 242.49739 | L5: {=SUM(B5:I5*MAX('Demand Stage 1'!$B$5:$I$12))} -> 267.875
A6: Lundin Energy Norway AS | B6: 0 | C6: 0 | D6: 0 | E6: =1.5/45 -> 0.033333333 | F6: =1.5/45 -> 0.033333333 | G6: 0 | H6: 0 | I6: 0 | K6: =HLOOKUP(A6,Traders!$A$1:$H$15,15,) -> 4.0645178 | L6: {=SUM(B6:I6*MAX('Demand Stage 1'!$B$5:$I$12))} -> 3
A7: Neptune Energy Norge AS | B7: 0.575 | C7: 0 | D7: 0 | E7: 0 | F7: 0 | G7: 0 | H7: 0 | I7: 0 | K7: =HLOOKUP(A7,Traders!$A$1:$H$15,15,) -> 10.738132 | L7: {=SUM(B7:I7*MAX('Demand Stage 1'!$B$5:$I$12))} -> 25.875
A8: Var Energi AS | B8: 0 | C8: 0 | D8: 0 | E8: 0 | F8: =1/45 -> 0.022222222 | G8: 0 | H8: 0 | I8: 0 | K8: =HLOOKUP(A8,Traders!$A$1:$H$15,15,) -> 1.5822603 | L8: {=SUM(B8:I8*MAX('Demand Stage 1'!$B$5:$I$12))} -> 1
A9: Wintershall DEA Norge AS | B9: 0.025 | C9: 0 | D9: 0 | E9: 0 | F9: 0 | G9: 0 | H9: 0 | I9: 0 | K9: =HLOOKUP(A9,Traders!$A$1:$H$15,15,) -> 0.35852055 | L9: {=SUM(B9:I9*MAX('Demand Stage 1'!$B$5:$I$12))} -> 1.125
A10: Total | B10: =SUM(B2:B9) -> 1 | C10: =SUM(C2:C9) -> 1 | D10: =SUM(D2:D9) -> 1 | E10: =SUM(E2:E9) -> 1 | F10: =SUM(F2:F9) -> 1 | G10: =SUM(G2:G9) -> 1 | H10: =SUM(H2:H9) -> 1 | I10: =SUM(I2:I9) -> 1 | L10: {=SUM(B10:I10*MAX('Demand Stage 1'!$B$5:$I$12))} -> 360

Sheet Commodities
A1: ID | B1: Name
A2: 1 | B2: gas
A3: 2 | B3: hydrogen

Sheet Probabilities
A1: Hour | B1: Weight | C1: Total Hours
A2: 1 | B2: =C2/SUM($C$2:$C$5) -> 0.5 | C2: 12
A3: 2 | B3: =C3/SUM($C$2:$C$5) -> 0.125 | C3: 3
A4: 3 | B4: =C4/SUM($C$2:$C$5) -> 0.25 | C4: 6
A5: 4 | B5: =C5/SUM($C$2:$C$5) -> 0.125 | C5: 3

Sheet HydrogenUncertainty
A1: JOHAN SVERDRUP RP | B1: STATFJORD B | C1: Probability
A2: 0 | B2: 0 | C2: 1

Sheet ProductionCapacities
A1: Unit name | B1: million m³/y | C1: million m³/y | D1: million m³/y | E1: Field | F1: Production Capacity | H1: Source
A2: Aasta Hansteen | B2: 8889.595 | C2: 8919.575 | D2: 8749.365 | E2: AASTA HANSTEEN PLEM | F2: =D2/365 -> 23.970863
A3: Alvheim | B3: 1329.308 | C3: 683.639 | D3: 593.247 | E3: EDVARD GRIEG | F3: =D3/365 -> 1.6253342 | H3: https://www.norskpetroleum.no/en/facts/field/alvheim/
A4: Åsgard | D4: 6606.718 | E4: aSGARD T | F4: =D4/365 -> 18.100597
A5: Balder | B5: 0 | C5: 0 | D5: 3.939 | F5: =D5/365 -> 0.010791781 | H5: https://www.norskpetroleum.no/en/facts/field/balder/
A6: Brage | B6: 48.065 | C6: 81.236 | D6: 130.86 | E6: BRAGE | F6: =D6/365 -> 0.35852055
A7: Draugen | B7: 0 | C7: 0 | D7: 3.72 | E7: DRAUGEN | F7: =D7/365 -> 0.010191781
A8: Duva | B8: 0 | C8: 0 | E8: GJoA | F8: =D8/365 -> 0 | H8: https://www.norskpetroleum.no/en/facts/field/duva/
A9: Edvard Grieg | B9: 471.734 | C9: 491.403 | D9: 449.491 | E9: EDVARD GRIEG | F9: =D9/365 -> 1.2314822
A10: Ekofisk | B10: 578.785 | C10: 656.805 | D10: 738.144 | E10: EKOFISK J | F10: =D10/365 -> 2.0223123
A11: Eldfisk | B11: 222.233 | C11: 302.175 | D11: 247.514 | E11: EKOFISK J | F11: =D11/365 -> 0.67812055 | H11: https://www.norskpetroleum.no/en/facts/field/eldfisk/
A12: Fram | B12: 1282.342 | C12: 1073.472 | D12: 1162.196 | E12: TROLL A | F12: =D12/365 -> 3.1840986 | H12: https://www.norskpetroleum.no/en/facts/field/fram/
A13: Gina Krog | B13: 2811.199 | C13: 726.501 | D13: 247.861 | E13: SLEIPNER A | F13: =D13/365 -> 0.67907123 | H13: https://www.norskpetroleum.no/en/facts/field/gina-krog/
A14: Gjøa | B14: 2588.081 | C14: 2436.734 | D14: 2344.272 | E14: GJoA | F14: =D14/365 -> 6.422663
A15: Gudrun | B15: 1214.6 | C15: 1206.195 | D15: 1325.316 | E15: SLEIPNER A | F15: =D15/365 -> 3.6310027 | H15: https://www.norskpetroleum.no/en/facts/field/gudrun/
A16: Gullfaks | B16: 0 | C16: 0 | D16: 0 | F16: =D16/365 -> 0 | H16: https://www.norskpetroleum.no/en/facts/field/gullfaks/
A17: Gullfaks Sør | B17: 5570.918 | C17: 5745.72 | D17: 4876.468 | E17: STATFJORD B | F17: =D17/365 -> 13.360186 | H17: https://www.norskpetroleum.no/en/facts/field/gullfaks-sor/
A18: Heidrun | B18: 1910.729 | C18: 1626.653 | D18: 1540.935 | E18: HEIDRUN | F18: =D18/365 -> 4.2217397
A19: Heimdal | B19: 0 | C19: 0.204 | D19: 26.435 | E19: HEIMDAL | F19: =D19/365 -> 0.072424658
A20: Hod | B20: 35.111 | C20: 3.026 | D20: 4.612 | E20: EKOFISK J | F20: =D20/365 -> 0.012635616 | H20: https://www.norskpetroleum.no/en/facts/field/hod/
A21: Ivar Aasen | B21: 291.71 | C21: 410.226 | D21: 440.811 | E21: EDVARD GRIEG | F21: =D21/365 -> 1.2077014 | H21: https://www.norskpetroleum.no/en/facts/field/ivar-aasen/
A22: Johan Sverdrup | B22: 1041.051 | C22: 1012.068 | D22: 841.248 | E22: JOHAN SVERDRUP RP | F22: =D22/365 -> 2.304789
A23: Kristin | B23: 508.403 | C23: 566.721 | D23: 657.039 | E23: aSGARD T | F23: =D23/365 -> 1.8001068 | H23: https://www.norskpetroleum.no/en/facts/field/kristin/
A24: Kvitebjørn | B24: 2844.82 | C24: 3478.627 | D24: 4181.594 | E24: KVITEBJoRN | F24: =D24/365 -> 11.456422
A25: Martin Linge | B25: 2628.125 | C25: 913.133 | E25: MARTIN LINGE A | F25: =D25/365 -> 0
A26: Marulk | B26: 569.455 | C26: 576.186 | D26: 577.525 | E26: NORNE ERB | F26: =D26/365 -> 1.5822603 | H26: https://www.norskpetroleum.no/en/facts/field/marulk/
A27: Morvin | B27: 68.574 | C27: 82.481 | D27: 326.358 | E27: aSGARD T | F27: =D27/365 -> 0.89413151 | H27: https://www.norskpetroleum.no/en/facts/field/morvin/
A28: Njord | B28: 0 | C28: 0 | F28: =D28/365 -> 0
A29: Nova | B29: 0 | C29: 0 | F29: =D29/365 -> 0
A30: Ormen Lange | B30: 9559.611 | C30: 11204.512 | D30: 11911.325 | E30: ORMEN LANGE A | F30: =D30/365 -> 32.633767
A31: Oseberg | B31: 6523.829 | C31: 8158.167 | D31: 3468.525 | E31: OSEBERG D | F31: =D31/365 -> 9.5028082
A32: Oseberg Øst | B32: 4.667 | C32: 6.346 | D32: 8.075 | E32: OSEBERG D | F32: =D32/365 -> 0.022123288
A33: Oseberg Sør | B33: 6523.829 | C33: 8158.167 | D33: 698.847 | E33: OSEBERG D | F33: =D33/365 -> 1.9146493
A34: Skarv | B34: 6162.787 | C34: 4509.718 | D34: 3243.423 | E34: SKARV ERB | F34: =D34/365 -> 8.8860904
A35: Sleipner Øst | B35: 76.071 | C35: 89.119 | D35: 145.569 | E35: SLEIPNER A | F35: =D35/365 -> 0.39881918
A36: Sleipner West | B36: 1334.021 | C36: 1821.522 | D36: 2270.293 | E36: SLEIPNER A | F36: =D36/365 -> 6.2199808
A37: Snøhvit | B37: 3689.731 | C37: 0 | D37: 3776.055 | E37: SNoHVIT PLEM-1 | F37: =D37/365 -> 10.345356
A38: Snorre | B38: 0 | C38: 0 | D38: 0 | F38: =D38/365 -> 0 | H38: https://www.norskpetroleum.no/en/facts/field/snorre/
A39: Solveig | B39: 0 | C39: 0 | F39: =D39/365 -> 0
A40: Statfjord | B40: 686.334 | C40: 822.016 | D40: 932.529 | E40: STATFJORD B | F40: =D40/365 -> 2.554874
A41: Tordis | B41: 85.118 | C41: 66.167 | D41: 40.766 | E41: STATFJORD B | F41: =D41/365 -> 0.11168767 | H41: https://www.norskpetroleum.no/en/facts/field/tordis/
A42: Trestakk | B42: 0 | C42: 0 | D42: 0 | F42: =D42/365 -> 0
A43: Troll | B43: 39787.257 | C43: 37360.772 | D43: 35059.578 | E43: TROLL A | F43: =D43/365 -> 96.053638
A44: Tyrihans | B44: 3093.847 | C44: 2643.705 | D44: 2983.739 | E44: aSGARD T | F44: =D44/365 -> 8.1746274 | H44: https://www.norskpetroleum.no/en/facts/field/tyrihans/
A45: Ula | B45: 0 | C45: 0 | D45: 0 | F45: =D45/365 -> 0
A46: Valemon | B46: 503.954 | C46: 643.675 | D46: 1023.092 | E46: KVITEBJoRN | F46: =D46/365 -> 2.8029918 | H46: https://www.norskpetroleum.no/en/facts/field/valemon/
A47: Valhall | B47: 351.137 | C47: 404.238 | D47: 414.349 | E47: EKOFISK J | F47: =D47/365 -> 1.1352027 | H47: https://www.norskpetroleum.no/en/facts/field/valhall/
A48: Vega | B48: 1480.849 | C48: 1222.988 | D48: 1575.146 | E48: GJoA | F48: =D48/365 -> 4.3154685 | H48: https://www.norskpetroleum.no/en/facts/field/vega/
A49: Veslefrikk | B49: 5.901 | C49: 98.837 | D49: 122.099 | E49: OSEBERG D | F49: =D49/365 -> 0.33451781 | H49: https://www.norskpetroleum.no/en/facts/field/veslefrikk/
A50: Vigdis | B50: 0 | C50: 0 | D50: 0 | F50: =D50/365 -> 0
A51: Visund | B51: 5759.634 | C51: 5498.473 | D51: 4297.19 | E51: KVITEBJoRN | F51: =D51/365 -> 11.773123 | H51: https://www.norskpetroleum.no/en/facts/field/visund/
A53: Som | B53: =SUM(B2:B51) -> 120533.41 | C53: =SUM(C2:C51) -> 113701.2 | D53: =SUM(D2:D51) -> 108046.27

Sheet Extra
A1: Backup EUROPIPE 2 | B1: LINESTRING (7.32514696267687 53.678990373954015, 7.4018391191549755 53.6736910140084, 7.457720037063928 53.69159219597222, 7.3912040184029255 53.80023307253265, 7.385839745862257 53.804597159626695, 7.376585359132399 53.80937321896535, 7.207379156798347 53.86794435123968, 7.196257682974817 53.873948430963466, 7.189033325096543 53.87948353680844, 7.1828019512158905 53.88638469845168, 7.179239668743901 53.892571865029815, 7.07287915992026 54.238568222291235, 6.954123952986654 54.618748694382255, 6.951744735480611 54.62355083050632, 6.9475274407248255 54.629238976605, 6.91435341083016 54.66494882157537, 6.844013037278041 54.77318271501995, 6.82572387531898 54.79395421902926, 6.822869642321458 54.798776351217526, 6.82105105899166 54.81517188666376, 6.817557502901281 54.82935532914016, 6.8184742056092515 54.83919367254637, 6.822799022993953 54.84828902798043, 6.851084508911495 54.88695264766349, 6.853805318302932 54.89497494962288, 6.853867156811409 54.8999491191781, 6.852907985843898 54.90438225926019, 6.762586539463472 55.14724854526278, 6.732610119020615 55.225489892557896, 6.7192063448907815 55.2675981877146, 6.659437622153171 55.41888172462993, 6.55948781700785 55.68425977905299, 6.376442937430352 56.163945446675825, 6.366990912207593 56.18532809009322, 6.29007689498581 56.37653394351937, 6.2266440960601335 56.5419370636239, 6.153750360678373 56.72334266488432, 6.144533402332305 56.742187229560564, 6.136373445064696 56.76175383205678, 6.124713422188593 56.78046136477, 6.117670442948578 56.801375028289215, 6.112261406836086 56.82496880591513, 6.045868384363048 56.988414877144784, 6.029937475492769 57.0268990706172, 6.027259235876948 57.03122819487978, 6.019634679573686 57.04025043069543, 6.0164003707718985 57.045980598748336, 6.01129617661792 57.073485524093144, 6.006053392813598 57.090137060133635, 5.882265323070877 57.389813406797785, 5.843181573649857 57.48274231021467, 5.787723210177421 57.578864147378475, 5.744195143467337 57.70012603894833, 5.743078892679234 57.70559322438704, 5.7430824558562765 57.71647661920235, 5.74153615304275 57.72293083557926, 5.713664200236187 57.776762469129466, 5.705743181431557 57.8094292930658, 5.702134676544558 57.81916460592942, 5.671704604767221 57.87246119397898, 5.666207992134112 57.88345153086098, 5.663974538366843 57.8928358476163, 5.661309827761735 57.91690221334874, 5.659574547773731 57.92263240230303, 5.634282228764614 57.962359561519165, 5.626826441051245 57.97661599626146, 5.6015447869922745 58.04900234957891, 5.498052523352002 58.276132480791766, 5.44886896626917 58.400045469897265, 5.33373284953689 58.63294373411097, 5.27303743191979 58.76560394442499, 5.255784732723547 58.83989350175517, 5.253779094368541 58.85331797723998, 5.253486657785566 58.86321034148343, 5.256935376568359 58.964048133727054, 5.260937900080833 58.97762868624936, 5.3341410520985 59.13667047515026, 5.336396470526604 59.15135705078712, 5.337335211527728 59.1805031525413, 5.338832006547012 59.18612938060962, 5.341812890901496 59.19071158688051, 5.346003841716669 59.194587780810494, 5.351645846687613 59.19819598159988, 5.359979924926262 59.20192321817846, 5.45263349810432 59.22752925491493, 5.460363677174937 59.228590384492115, 5.49151883392187 59.245650386055004, 5.495891764726569 59.250106603985515, 5.500656462097981 59.260094034013406, 5.511409601642026 59.27158221781404)
A4: 42 | B4: Troll Gassror P11 | C4: Equinor Energy AS | D4: IN SERVICE | E4: 1997-10-01 | F4: TROLL A | G4: KOLLSNES | H4: LINESTRING (3.733514481908561 60.64376957063067, 3.7373323613382174 60.64317172161721, 3.7696834737354608 60.640288017104105, 3.8120160225276494 60.63473433470958, 4.108999525970256 60.60298282892029, 4.641325172582125 60.4998309848373, 4.666486134153414 60.49561212334185, 4.682102623126969 60.49519229368774, 4.693318922899099 60.49594045632634, 4.710865351154863 60.497943742699974, 4.720888525363506 60.50052596150751, 4.796564491043073 60.52719688903402, 4.834238521222291 60.54968220275004) | I4: 0 | J4: =IF(I4=100,"Capacity unknown","") | K4: =INDEX(Nodes!$A:$A,MATCH(Extra!F4,Nodes!$B:$B,0)) -> 57 | L4: =INDEX(Nodes!$A:$A,MATCH(Extra!G4,Nodes!$B:$B,0)) -> 37 | M4: 1 | N4: 1
A5: 43 | B5: Troll Gassror P12 | C5: Equinor Energy AS | D5: IN SERVICE | E5: 2011-10-01 | F5: TROLL A | G5: KOLLSNES | H5: LINESTRING (4.836975333189276 60.54487298223805, 4.797375375731224 60.5277003450566, 4.759494896831108 60.5153893921985, 4.727153039701023 60.50327306280108, 4.711905887388076 60.49971744626307, 4.702266393295266 60.498530914640114, 4.681759929948239 60.49737095728983, 4.666868793399878 60.49775607926894, 4.642549206191149 60.50107470223864, 4.403311479050303 60.54802111924173, 4.1080396206412875 60.604775901120576, 4.01022298539398 60.61608187763858, 3.985965690577144 60.61806910774137, 3.948945697769558 60.62484762271283, 3.9105580920726273 60.627086455058645, 3.8772823632076183 60.633346198306825, 3.844200168264267 60.636317546848375, 3.8031657194023523 60.64469442979172, 3.7745025224261273 60.64736064551072, 3.733910491609754 60.64554067208917) | I5: 0 | J5: =IF(I5=100,"Capacity unknown","") | K5: =INDEX(Nodes!$A:$A,MATCH(Extra!F5,Nodes!$B:$B,0)) -> 57 | L5: =INDEX(Nodes!$A:$A,MATCH(Extra!G5,Nodes!$B:$B,0)) -> 37 | M5: 1 | N5: 1
A6: 37 | B6: Ormen Lange PL-B | C6: A/S Norske Shell | D6: IN SERVICE | E6: 2007-09-13 | F6: ORMEN LANGE B | G6: NYHAMNA | H6: LINESTRING (5.3847792228295965 63.52770813759151, 5.383520330741603 63.51758537986363, 5.387348093561592 63.50889554217794, 5.387797712558682 63.50517232594802, 5.37739909475502 63.48491529500453, 5.376258144235391 63.47608842178124, 5.377950775023709 63.47150976586393, 5.382748078394162 63.467610635205226, 5.389054686735123 63.46495808356089, 5.41768041295159 63.45706796874281, 5.424231913594676 63.453764403513205, 5.433750352602124 63.44674569294226, 5.43997761859121 63.44401512709988, 5.471440160572476 63.43517783768079, 5.4971969511317 63.43164179486705, 5.514804066921007 63.42584704161141, 5.524086938240296 63.42370682655227, 5.573762294067051 63.41809615739274, 5.586684608756496 63.414297578577035, 5.616553542949372 63.408246392206664, 5.637091000267969 63.39996046235687, 5.644771292515153 63.394748742762644, 5.667345394936351 63.37338113518495, 5.689266272695471 63.3607489450605, 5.702421944521433 63.33490495244569, 5.705773038204871 63.33249163461647, 5.733054321310529 63.31855256577464, 5.735089092253947 63.316264427218165, 5.740393789429597 63.30513108850133, 5.742399876525762 63.30282106872522, 5.7639679661479 63.28843535312159, 5.775957874858292 63.28227120655753, 5.791133661040733 63.267051720406656, 5.897358287942377 63.19625393850598, 6.025824167429856 63.11684481208543, 6.15805152437147 63.05508273338211, 6.175643060712751 63.04826204612913, 6.299150219364935 63.00660523429876, 6.4209851427866775 62.97935620230633, 6.451725534368909 62.97337146304886, 6.502845793449991 62.96625893824315, 6.60160364881864 62.957708475345115, 6.624086559365265 62.95438214518012, 6.637893157049222 62.953160138063225, 6.733110048736171 62.95500970129278, 6.742740640654133 62.95439373935135, 6.7521078510726085 62.95260568684483, 6.764173076568039 62.94771258024999, 6.767964517789399 62.94479311652044, 6.770605071296374 62.9414497521393, 6.77245804838413 62.93266866843834, 6.768397527390573 62.92194587689828, 6.768294047879579 62.91841874296439, 6.77091065067415 62.91377073557247, 6.776664473855666 62.909506540486234, 6.784834955289511 62.90630073653367, 6.795055063069698 62.904325266350014, 6.8351561168987525 62.900923128269966, 6.852048724230437 62.90074869889666, 6.874780509657834 62.8987583142743, 6.897643913445266 62.891820180882775, 6.902963241847916 62.88950549941118, 6.923456551218415 62.87781265585187, 6.953575033577553 62.86983622491534, 6.959279822599673 62.86668099388668, 6.960641537553374 62.863655777427326, 6.959054840636531 62.86034279492654, 6.942125378462677 62.849959527465046) | I6: 0 | J6: =IF(I6=100,"Capacity unknown","") | K6: =INDEX(Nodes!$A:$A,MATCH(Extra!F6,Nodes!$B:$B,0)) -> #N/A | L6: =INDEX(Nodes!$A:$A,MATCH(Extra!G6,Nodes!$B:$B,0)) -> 44 | M6: 1 | N6: 1
A9: Ruud
A10: Ruud
A11: Gassco
A12: Berend
A15: ST.FERGUS | B15: EASINGTON | C15: TEESSIDE | D15: EMDEN | E15: DORNUM | F15: ZEEBRUGGE | G15: DUNKERQUE | H15: POLAND
A16: =0 -> 0 | B16: 0.4 | C16: 0 | D16: 0 | E16: =4/45 -> 0.088888889 | F16: =8/40 -> 0.2 | G16: =0.1 -> 0.1 | H16: 0.6
A17: 0 | B17: 0 | C17: 0 | D17: 0 | E17: =4/45 -> 0.088888889 | F17: 0 | G17: 0 | H17: 0.05
A18: 0 | B18: 0 | C18: 0 | D18: =3.5/45 -> 0.077777778 | E18: 0 | F18: 0 | G18: 0 | H18: 0
A19: 0.8 | B19: 0.575 | C19: 1 | D19: =40/45 -> 0.88888889 | E19: =33/45 -> 0.73333333 | F19: =28/40 -> 0.7 | G19: 0.9 | H19: 0.35
A20: 0 | B20: 0 | C20: 0 | D20: =0.5/45 -> 0.011111111 | E20: =1.5/45 -> 0.033333333 | F20: =1/40 -> 0.025 | G20: 0 | H20: 0
A21: 0.2 | B21: 0 | C21: 0 | D21: =1/45 -> 0.022222222 | E21: =2.5/45 -> 0.055555556 | F21: =3/40 -> 0.075 | G21: 0 | H21: 0
A22: 0 | B22: 0 | C22: 0 | D22: 0 | E22: 0 | F22: 0 | G22: 0 | H22: 0
A23: 0 | B23: 0.025 | C23: 0 | D23: 0 | E23: 0 | F23: 0 | G23: 0 | H23: 0
A24: =SUM(A16:A23) -> 1 | B24: =SUM(B16:B23) -> 1 | C24: =SUM(C16:C23) -> 1 | D24: =SUM(D16:D23) -> 1 | E24: =SUM(E16:E23) -> 1 | F24: =SUM(F16:F23) -> 1 | G24: =SUM(G16:G23) -> 1 | H24: =SUM(H16:H23) -> 1
