Workbook

Sheet Nodes
H1: Gas | V1: Hydrogen
A2: ID | B2: Name | C2: Type | D2: X_coordinate | E2: Y_coordinate | F2: Extra note | G2: Note | H2: TSO entry costs Gas | I2: TSO exit costs Gas | J2: Production Capacity Gas | K2: Entry Capacity Gas | L2: Exit Capacity Gas | M2: Production Costs Gas | N2: Storage Capacity Gas | O2: Entry Storage Costs Gas | P2: Entry Costs Gas Stage 1 | Q2: Exit Costs Gas Stage 1 | R2: Entry Costs Gas Stage 2 | S2: Exit Costs Gas Stage 2 | T2: Entry Costs Gas Stage 3 | U2: Exit Costs Gas Stage 3 | V2: TSO entry costs Hydrogen | W2: TSO exit costs Hydrogen | X2: Production Capacity Hydrogen | Y2: Entry Capacity Hydrogen | Z2: Exit Capacity Hydrogen | AA2: Production Costs Hydrogen | AB2: Storage Capacity Hydrogen | AC2: Entry Storage Costs Hydrogen | AD2: Entry Costs Hydrogen Stage 1 | AE2: Exit Costs Hydrogen Stage 1 | AF2: Entry Costs Hydrogen Stage 2 | AG2: Exit Costs Hydrogen Stage 2 | AH2: Entry Costs Hydrogen Stage 3 | AI2: Exit Costs Hydrogen Stage 3
A3: 1 | B3: AASTA HANSTEEN PLEM | D3: 7.107227 | E3: 67.05561 | H3: 5 | I3: 5 | J3: =SUMIFS(ProductionCapacities!$F$2:$F$51,ProductionCapacities!$E$2:$E$51,Nodes!B3)/8*1000000*0.01/1000 -> 30.443818 | K3: 500 | L3: 500 | M3: 9 | N3: =IF(F3="Storage",1000,0) -> 0 | O3: =IF(F3="Storage",0.299,0.3) -> 0.3 | P3: =IF(F3="Dummy",0,1) -> 1 | Q3: =IF(F3="Dummy",0,1) -> 1 | R3: =P3*1.04 -> 1.04 | S3: =Q3*1.04 -> 1.04 | T3: =P3*1.08 -> 1.08 | U3: =Q3*1.08 -> 1.08 | V3: 5 | W3: 5 | X3: 100 | Y3: 0 | Z3: 0 | AA3: =M3 -> 9 | AB3: 0 | AC3: =O3 -> 0.3 | AD3: =P3 -> 1 | AE3: =Q3 -> 1 | AF3: =R3 -> 1.04 | AG3: =S3 -> 1.04 | AH3: =T3 -> 1.08 | AI3: =U3 -> 1.08
A4: 2 | B4: aSGARD ERB | D4: 4.6885411 | E4: 62.302729 | H4: 5 | I4: 5 | J4: =SUMIFS(ProductionCapacities!$F$2:$F$51,ProductionCapacities!$E$2:$E$51,Nodes!B4)/8*1000000*0.01/1000 -> 0 | K4: 500 | L4: 500 | M4: 9 | N4: =IF(F4="Storage",1000,0) -> 0 | O4: =IF(F4="Storage",0.299,0.3) -> 0.3 | P4: =IF(F4="Dummy",0,1) -> 1 | Q4: =IF(F4="Dummy",0,1) -> 1 | R4: =P4*1.04 -> 1.04 | S4: =Q4*1.04 -> 1.04 | T4: =P4*1.08 -> 1.08 | U4: =Q4*1.08 -> 1.08 | V4: 5 | W4: 5 | X4: 100 | Y4: 0 | Z4: 0 | AA4: =M4 -> 9 | AB4: 0 | AC4: =O4 -> 0.3 | AD4: =P4 -> 1 | AE4: =Q4 -> 1 | AF4: =R4 -> 1.04 | AG4: =S4 -> 1.04 | AH4: =T4 -> 1.08 | AI4: =U4 -> 1.08
A5: 3 | B5: aSGARD T | D5: 6.8036598 | E5: 65.094472 | G5: Los | H5: 5 | I5: 5 | J5: =SUMIFS(ProductionCapacities!$F$2:$F$51,ProductionCapacities!$E$2:$E$51,Nodes!B5)/8*1000000*0.01/1000 -> 12.571315 | K5: 500 | L5: 500 | M5: 9 | N5: =IF(F5="Storage",1000,0) -> 0 | O5: =IF(F5="Storage",0.299,0.3) -> 0.3 | P5: =IF(F5="Dummy",0,1) -> 1 | Q5: =IF(F5="Dummy",0,1) -> 1 | R5: =P5*1.04 -> 1.04 | S5: =Q5*1.04 -> 1.04 | T5: =P5*1.08 -> 1.08 | U5: =Q5*1.08 -> 1.08 | V5: 5 | W5: 5 | X5: 100 | Y5: 0 | Z5: 0 | AA5: =M5 -> 9 | AB5: 0 | AC5: =O5 -> 0.3 | AD5: =P5 -> 1 | AE5: =Q5 -> 1 | AF5: =R5 -> 1.04 | AG5: =S5 -> 1.04 | AH5: =T5 -> 1.08 | AI5: =U5 -> 1.08
A6: 4 | B6: B-11 | D6: 4.5569471 | E6: 55.458982 | H6: 5 | I6: 5 | J6: =SUMIFS(ProductionCapacities!$F$2:$F$51,ProductionCapacities!$E$2:$E$51,Nodes!B6)/8*1000000*0.01/1000 -> 0 | K6: 500 | L6: 500 | M6: 9 | N6: =IF(F6="Storage",1000,0) -> 0 | O6: =IF(F6="Storage",0.299,0.3) -> 0.3 | P6: =IF(F6="Dummy",0,1) -> 1 | Q6: =IF(F6="Dummy",0,1) -> 1 | R6: =P6*1.04 -> 1.04 | S6: =Q6*1.04 -> 1.04 | T6: =P6*1.08 -> 1.08 | U6: =Q6*1.08 -> 1.08 | V6: 5 | W6: 5 | X6: 100 | Y6: 0 | Z6: 0 | AA6: =M6 -> 9 | AB6: 0 | AC6: =O6 -> 0.3 | AD6: =P6 -> 1 | AE6: =Q6 -> 1 | AF6: =R6 -> 1.04 | AG6: =S6 -> 1.04 | AH6: =T6 -> 1.08 | AI6: =U6 -> 1.08
A7: 5 | B7: BALTIC ENTRANCE | D7: 6.5038 | E7: 55.71 | H7: 5 | I7: 5 | J7: =SUMIFS(ProductionCapacities!$F$2:$F$51,ProductionCapacities!$E$2:$E$51,Nodes!B7)/8*1000000*0.01/1000 -> 0 | K7: 500 | L7: 500 | M7: 9 | N7: =IF(F7="Storage",1000,0) -> 0 | O7: =IF(F7="Storage",0.299,0.3) -> 0.3 | P7: =IF(F7="Dummy",0,1) -> 1 | Q7: =IF(F7="Dummy",0,1) -> 1 | R7: =P7*1.04 -> 1.04 | S7: =Q7*1.04 -> 1.04 | T7: =P7*1.08 -> 1.08 | U7: =Q7*1.08 -> 1.08 | V7: 5 | W7: 5 | X7: 100 | Y7: 0 | Z7: 0 | AA7: =M7 -> 9 | AB7: 0 | AC7: =O7 -> 0.3 | AD7: =P7 -> 1 | AE7: =Q7 -> 1 | AF7: =R7 -> 1.04 | AG7: =S7 -> 1.04 | AH7: =T7 -> 1.08 | AI7: =U7 -> 1.08
A8: 6 | B8: BRAGE | D8: 2.898055 | E8: 60.560633 | G8: Los | H8: 5 | I8: 5 | J8: =SUMIFS(ProductionCapacities!$F$2:$F$51,ProductionCapacities!$E$2:$E$51,Nodes!B8)/8*1000000*0.01/1000 -> 0.16460616 | K8: 500 | L8: 500 | M8: 9 | N8: =IF(F8="Storage",1000,0) -> 0 | O8: =IF(F8="Storage",0.299,0.3) -> 0.3 | P8: =IF(F8="Dummy",0,1) -> 1 | Q8: =IF(F8="Dummy",0,1) -> 1 | R8: =P8*1.04 -> 1.04 | S8: =Q8*1.04 -> 1.04 | T8: =P8*1.08 -> 1.08 | U8: =Q8*1.08 -> 1.08 | V8: 5 | W8: 5 | X8: 100 | Y8: 0 | Z8: 0 | AA8: =M8 -> 9 | AB8: 0 | AC8: =O8 -> 0.3 | AD8: =P8 -> 1 | AE8: =Q8 -> 1 | AF8: =R8 -> 1.04 | AG8: =S8 -> 1.04 | AH8: =T8 -> 1.08 | AI8: =U8 -> 1.08
A9: 7 | B9: BRAGE-T | D9: 3.0378255 | E9: 60.543329 | G9: Los | H9: 5 | I9: 5 | J9: =SUMIFS(ProductionCapacities!$F$2:$F$51,ProductionCapacities!$E$2:$E$51,Nodes!B9)/8*1000000*0.01/1000 -> 0 | K9: 500 | L9: 500 | M9: 9 | N9: =IF(F9="Storage",1000,0) -> 0 | O9: =IF(F9="Storage",0.299,0.3) -> 0.3 | P9: =IF(F9="Dummy",0,1) -> 1 | Q9: =IF(F9="Dummy",0,1) -> 1 | R9: =P9*1.04 -> 1.04 | S9: =Q9*1.04 -> 1.04 | T9: =P9*1.08 -> 1.08 | U9: =Q9*1.08 -> 1.08 | V9: 5 | W9: 5 | X9: 100 | Y9: 0 | Z9: 0 | AA9: =M9 -> 9 | AB9: 0 | AC9: =O9 -> 0.3 | AD9: =P9 -> 1 | AE9: =Q9 -> 1 | AF9: =R9 -> 1.04 | AG9: =S9 -> 1.04 | AH9: =T9 -> 1.08 | AI9: =U9 -> 1.08
A10: 8 | B10: CATS PLATFORM | D10: 1.803328 | E10: 57.758069 | H10: 5 | I10: 5 | J10: =48/8*1000000*0.01/1000 -> 60 | K10: 500 | L10: 500 | M10: 9 | N10: =IF(F10="Storage",1000,0) -> 0 | O10: =IF(F10="Storage",0.299,0.3) -> 0.3 | P10: =IF(F10="Dummy",0,1) -> 1 | Q10: =IF(F10="Dummy",0,1) -> 1 | R10: =P10*1.04 -> 1.04 | S10: =Q10*1.04 -> 1.04 | T10: =P10*1.08 -> 1.08 | U10: =Q10*1.08 -> 1.08 | V10: 5 | W10: 5 | X10: 100 | Y10: 0 | Z10: 0 | AA10: =M10 -> 9 | AB10: 0 | AC10: =O10 -> 0.3 | AD10: =P10 -> 1 | AE10: =Q10 -> 1 | AF10: =R10 -> 1.04 | AG10: =S10 -> 1.04 | AH10: =T10 -> 1.08 | AI10: =U10 -> 1.08
A11: 9 | B11: Denmark 1 | D11: 8.4073 | E11: 55.745 | H11: 5 | I11: 5 | J11: =SUMIFS(ProductionCapacities!$F$2:$F$51,ProductionCapacities!$E$2:$E$51,Nodes!B11)/8*1000000*0.01/1000 -> 0 | K11: 500 | L11: 500 | M11: 9 | N11: =IF(F11="Storage",1000,0) -> 0 | O11: =IF(F11="Storage",0.299,0.3) -> 0.3 | P11: =IF(F11="Dummy",0,1) -> 1 | Q11: =IF(F11="Dummy",0,1) -> 1 | R11: =P11*1.04 -> 1.04 | S11: =Q11*1.04 -> 1.04 | T11: =P11*1.08 -> 1.08 | U11: =Q11*1.08 -> 1.08 | V11: 5 | W11: 5 | X11: 100 | Y11: 0 | Z11: 0 | AA11: =M11 -> 9 | AB11: 0 | AC11: =O11 -> 0.3 | AD11: =P11 -> 1 | AE11: =Q11 -> 1 | AF11: =R11 -> 1.04 | AG11: =S11 -> 1.04 | AH11: =T11 -> 1.08 | AI11: =U11 -> 1.08
A12: 10 | B12: Denmark 2 | D12: 9.3108 | E12: 55.617 | H12: 5 | I12: 5 | J12: =SUMIFS(ProductionCapacities!$F$2:$F$51,ProductionCapacities!$E$2:$E$51,Nodes!B12)/8*1000000*0.01/1000 -> 0 | K12: 500 | L12: 500 | M12: 9 | N12: =IF(F12="Storage",1000,0) -> 0 | O12: =IF(F12="Storage",0.299,0.3) -> 0.3 | P12: =IF(F12="Dummy",0,1) -> 1 | Q12: =IF(F12="Dummy",0,1) -> 1 | R12: =P12*1.04 -> 1.04 | S12: =Q12*1.04 -> 1.04 | T12: =P12*1.08 -> 1.08 | U12: =Q12*1.08 -> 1.08 | V12: 5 | W12: 5 | X12: 100 | Y12: 0 | Z12: 0 | AA12: =M12 -> 9 | AB12: 0 | AC12: =O12 -> 0.3 | AD12: =P12 -> 1 | AE12: =Q12 -> 1 | AF12: =R12 -> 1.04 | AG12: =S12 -> 1.04 | AH12: =T12 -> 1.08 | AI12: =U12 -> 1.08
A13: 11 | B13: Denmark 3 | D13: 10.7951 | E13: 55.287 | H13: 5 | I13: 5 | J13: =SUMIFS(ProductionCapacities!$F$2:$F$51,ProductionCapacities!$E$2:$E$51,Nodes!B13)/8*1000000*0.01/1000 -> 0 | K13: 500 | L13: 500 | M13: 9 | N13: =IF(F13="Storage",1000,0) -> 0 | O13: =IF(F13="Storage",0.299,0.3) -> 0.3 | P13: =IF(F13="Dummy",0,1) -> 1 | Q13: =IF(F13="Dummy",0,1) -> 1 | R13: =P13*1.04 -> 1.04 | S13: =Q13*1.04 -> 1.04 | T13: =P13*1.08 -> 1.08 | U13: =Q13*1.08 -> 1.08 | V13: 5 | W13: 5 | X13: 100 | Y13: 0 | Z13: 0 | AA13: =M13 -> 9 | AB13: 0 | AC13: =O13 -> 0.3 | AD13: =P13 -> 1 | AE13: =Q13 -> 1 | AF13: =R13 -> 1.04 | AG13: =S13 -> 1.04 | AH13: =T13 -> 1.08 | AI13: =U13 -> 1.08
A14: 12 | B14: Denmark 4 | D14: 11.2102 | E14: 55.389 | H14: 5 | I14: 5 | J14: =SUMIFS(ProductionCapacities!$F$2:$F$51,ProductionCapacities!$E$2:$E$51,Nodes!B14)/8*1000000*0.01/1000 -> 0 | K14: 500 | L14: 500 | M14: 9 | N14: =IF(F14="Storage",1000,0) -> 0 | O14: =IF(F14="Storage",0.299,0.3) -> 0.3 | P14: =IF(F14="Dummy",0,1) -> 1 | Q14: =IF(F14="Dummy",0,1) -> 1 | R14: =P14*1.04 -> 1.04 | S14: =Q14*1.04 -> 1.04 | T14: =P14*1.08 -> 1.08 | U14: =Q14*1.08 -> 1.08 | V14: 5 | W14: 5 | X14: 100 | Y14: 0 | Z14: 0 | AA14: =M14 -> 9 | AB14: 0 | AC14: =O14 -> 0.3 | AD14: =P14 -> 1 | AE14: =Q14 -> 1 | AF14: =R14 -> 1.04 | AG14: =S14 -> 1.04 | AH14: =T14 -> 1.08 | AI14: =U14 -> 1.08
A15: 13 | B15: DRAUGEN | D15: 6.441258 | E15: 64.233255 | G15: Los | H15: 5 | I15: 5 | J15: =SUMIFS(ProductionCapacities!$F$2:$F$51,ProductionCapacities!$E$2:$E$51,Nodes!B15)/8*1000000*0.01/1000 -> 0 | K15: 500 | L15: 500 | M15: 9 | N15: =IF(F15="Storage",1000,0) -> 0 | O15: =IF(F15="Storage",0.299,0.3) -> 0.3 | P15: =IF(F15="Dummy",0,1) -> 1 | Q15: =IF(F15="Dummy",0,1) -> 1 | R15: =P15*1.04 -> 1.04 | S15: =Q15*1.04 -> 1.04 | T15: =P15*1.08 -> 1.08 | U15: =Q15*1.08 -> 1.08 | V15: 5 | W15: 5 | X15: 100 | Y15: 0 | Z15: 0 | AA15: =M15 -> 9 | AB15: 0 | AC15: =O15 -> 0.3 | AD15: =P15 -> 1 | AE15: =Q15 -> 1 | AF15: =R15 -> 1.04 | AG15: =S15 -> 1.04 | AH15: =T15 -> 1.08 | AI15: =U15 -> 1.08
A16: 14 | B16: DRAUGEN T | D16: 7.7910261 | E16: 64.350568 | H16: 5 | I16: 5 | J16: =SUMIFS(ProductionCapacities!$F$2:$F$51,ProductionCapacities!$E$2:$E$51,Nodes!B16)/8*1000000*0.01/1000 -> 0 | K16: 500 | L16: 500 | M16: 9 | N16: =IF(F16="Storage",1000,0) -> 0 | O16: =IF(F16="Storage",0.299,0.3) -> 0.3 | P16: =IF(F16="Dummy",0,1) -> 1 | Q16: =IF(F16="Dummy",0,1) -> 1 | R16: =P16*1.04 -> 1.04 | S16: =Q16*1.04 -> 1.04 | T16: =P16*1.08 -> 1.08 | U16: =Q16*1.08 -> 1.08 | V16: 5 | W16: 5 | X16: 100 | Y16: 0 | Z16: 0 | AA16: =M16 -> 9 | AB16: 0 | AC16: =O16 -> 0.3 | AD16: =P16 -> 1 | AE16: =Q16 -> 1 | AF16: =R16 -> 1.04 | AG16: =S16 -> 1.04 | AH16: =T16 -> 1.08 | AI16: =U16 -> 1.08
A17: 15 | B17: DRAUPNER E | D17: 2.4644042 | E17: 58.188149 | H17: 5 | I17: 5 | J17: =SUMIFS(ProductionCapacities!$F$2:$F$51,ProductionCapacities!$E$2:$E$51,Nodes!B17)/8*1000000*0.01/1000 -> 0 | K17: 500 | L17: 500 | M17: 9 | N17: =IF(F17="Storage",1000,0) -> 0 | O17: =IF(F17="Storage",0.299,0.3) -> 0.3 | P17: =IF(F17="Dummy",0,1) -> 1 | Q17: =IF(F17="Dummy",0,1) -> 1 | R17: =P17*1.04 -> 1.04 | S17: =Q17*1.04 -> 1.04 | T17: =P17*1.08 -> 1.08 | U17: =Q17*1.08 -> 1.08 | V17: 5 | W17: 5 | X17: 100 | Y17: 0 | Z17: 0 | AA17: =M17 -> 9 | AB17: 0 | AC17: =O17 -> 0.3 | AD17: =P17 -> 1 | AE17: =Q17 -> 1 | AF17: =R17 -> 1.04 | AG17: =S17 -> 1.04 | AH17: =T17 -> 1.08 | AI17: =U17 -> 1.08
A18: 16 | B18: DRAUPNER S | D18: 2.473733 | E18: 58.184409 | H18: 5 | I18: 5 | J18: =SUMIFS(ProductionCapacities!$F$2:$F$51,ProductionCapacities!$E$2:$E$51,Nodes!B18)/8*1000000*0.01/1000 -> 0 | K18: 500 | L18: 500 | M18: 9 | N18: =IF(F18="Storage",1000,0) -> 0 | O18: =IF(F18="Storage",0.299,0.3) -> 0.3 | P18: =IF(F18="Dummy",0,1) -> 1 | Q18: =IF(F18="Dummy",0,1) -> 1 | R18: =P18*1.04 -> 1.04 | S18: =Q18*1.04 -> 1.04 | T18: =P18*1.08 -> 1.08 | U18: =Q18*1.08 -> 1.08 | V18: 5 | W18: 5 | X18: 100 | Y18: 0 | Z18: 0 | AA18: =M18 -> 9 | AB18: 0 | AC18: =O18 -> 0.3 | AD18: =P18 -> 1 | AE18: =Q18 -> 1 | AF18: =R18 -> 1.04 | AG18: =S18 -> 1.04 | AH18: =T18 -> 1.08 | AI18: =U18 -> 1.08
A19: 17 | B19: DUNKERQUE | C19: Market | D19: 2.252709 | E19: 51.046406 | F19: Storage | H19: 5 | I19: 5 | J19: =SUMIFS(ProductionCapacities!$F$2:$F$51,ProductionCapacities!$E$2:$E$51,Nodes!B19)/8*1000000*0.01/1000 -> 0 | K19: 500 | L19: 500 | M19: 9 | N19: =IF(F19="Storage",1000,0) -> 1000 | O19: =IF(F19="Storage",0.299,0.3) -> 0.299 | P19: =IF(F19="Dummy",0,1) -> 1 | Q19: =IF(F19="Dummy",0,1) -> 1 | R19: =P19*1.04 -> 1.04 | S19: =Q19*1.04 -> 1.04 | T19: =P19*1.08 -> 1.08 | U19: =Q19*1.08 -> 1.08 | V19: 5 | W19: 5 | X19: 100 | Y19: 0 | Z19: 0 | AA19: =M19 -> 9 | AB19: 0 | AC19: =O19 -> 0.299 | AD19: =P19 -> 1 | AE19: =Q19 -> 1 | AF19: =R19 -> 1.04 | AG19: =S19 -> 1.04 | AH19: =T19 -> 1.08 | AI19: =U19 -> 1.08
A20: 18 | B20: EASINGTON | C20: Market | D20: 0.116031 | E20: 53.659231 | F20: Storage | H20: 5 | I20: 5 | J20: =SUMIFS(ProductionCapacities!$F$2:$F$51,ProductionCapacities!$E$2:$E$51,Nodes!B20)/8*1000000*0.01/1000 -> 0 | K20: 500 | L20: 500 | M20: 9 | N20: =IF(F20="Storage",1000,0) -> 1000 | O20: =IF(F20="Storage",0.299,0.3) -> 0.299 | P20: =IF(F20="Dummy",0,1) -> 1 | Q20: =IF(F20="Dummy",0,1) -> 1 | R20: =P20*1.04 -> 1.04 | S20: =Q20*1.04 -> 1.04 | T20: =P20*1.08 -> 1.08 | U20: =Q20*1.08 -> 1.08 | V20: 5 | W20: 5 | X20: 100 | Y20: 0 | Z20: 0 | AA20: =M20 -> 9 | AB20: 0 | AC20: =O20 -> 0.299 | AD20: =P20 -> 1 | AE20: =Q20 -> 1 | AF20: =R20 -> 1.04 | AG20: =S20 -> 1.04 | AH20: =T20 -> 1.08 | AI20: =U20 -> 1.08
A21: 19 | B21: EDVARD GRIEG | D21: 1.3911371 | E21: 59.477978 | G21: Los | H21: 5 | I21: 5 | J21: =SUMIFS(ProductionCapacities!$F$2:$F$51,ProductionCapacities!$E$2:$E$51,Nodes!B21)/8*1000000*0.01/1000 -> 7.1669589 | K21: 500 | L21: 500 | M21: 9 | N21: =IF(F21="Storage",1000,0) -> 0 | O21: =IF(F21="Storage",0.299,0.3) -> 0.3 | P21: =IF(F21="Dummy",0,1) -> 1 | Q21: =IF(F21="Dummy",0,1) -> 1 | R21: =P21*1.04 -> 1.04 | S21: =Q21*1.04 -> 1.04 | T21: =P21*1.08 -> 1.08 | U21: =Q21*1.08 -> 1.08 | V21: 5 | W21: 5 | X21: 100 | Y21: 0 | Z21: 0 | AA21: =M21 -> 9 | AB21: 0 | AC21: =O21 -> 0.3 | AD21: =P21 -> 1 | AE21: =Q21 -> 1 | AF21: =R21 -> 1.04 | AG21: =S21 -> 1.04 | AH21: =T21 -> 1.08 | AI21: =U21 -> 1.08
A22: 20 | B22: EKOFISK J | D22: 3.23 | E22: 56.55 | H22: 5 | I22: 5 | J22: =SUMIFS(ProductionCapacities!$F$2:$F$51,ProductionCapacities!$E$2:$E$51,Nodes!B22)/8*1000000*0.01/1000 -> 4.0659795 | K22: 500 | L22: 500 | M22: 9 | N22: =IF(F22="Storage",1000,0) -> 0 | O22: =IF(F22="Storage",0.299,0.3) -> 0.3 | P22: =IF(F22="Dummy",0,1) -> 1 | Q22: =IF(F22="Dummy",0,1) -> 1 | R22: =P22*1.04 -> 1.04 | S22: =Q22*1.04 -> 1.04 | T22: =P22*1.08 -> 1.08 | U22: =Q22*1.08 -> 1.08 | V22: 5 | W22: 5 | X22: 100 | Y22: 0 | Z22: 0 | AA22: =M22 -> 9 | AB22: 0 | AC22: =O22 -> 0.3 | AD22: =P22 -> 1 | AE22: =Q22 -> 1 | AF22: =R22 -> 1.04 | AG22: =S22 -> 1.04 | AH22: =T22 -> 1.08 | AI22: =U22 -> 1.08
A23: 21 | B23: DORNUM | D23: 7.32642 | E23: 53.6797 | F23: Storage | H23: 5 | I23: 5 | J23: =SUMIFS(ProductionCapacities!$F$2:$F$51,ProductionCapacities!$E$2:$E$51,Nodes!B23)/8*1000000*0.01/1000 -> 0 | K23: 500 | L23: 500 | M23: 9 | N23: =IF(F23="Storage",1000,0) -> 1000 | O23: =IF(F23="Storage",0.299,0.3) -> 0.299 | P23: =IF(F23="Dummy",0,1) -> 1 | Q23: =IF(F23="Dummy",0,1) -> 1 | R23: =P23*1.04 -> 1.04 | S23: =Q23*1.04 -> 1.04 | T23: =P23*1.08 -> 1.08 | U23: =Q23*1.08 -> 1.08 | V23: 5 | W23: 5 | X23: 100 | Y23: 0 | Z23: 0 | AA23: =M23 -> 9 | AB23: 0 | AC23: =O23 -> 0.299 | AD23: =P23 -> 1 | AE23: =Q23 -> 1 | AF23: =R23 -> 1.04 | AG23: =S23 -> 1.04 | AH23: =T23 -> 1.08 | AI23: =U23 -> 1.08
A24: 22 | B24: EMDEN | D24: 7.18929 | E24: 53.3462 | F24: Storage | H24: 5 | I24: 5 | J24: =SUMIFS(ProductionCapacities!$F$2:$F$51,ProductionCapacities!$E$2:$E$51,Nodes!B24)/8*1000000*0.01/1000 -> 0 | K24: 500 | L24: 500 | M24: 9 | N24: =IF(F24="Storage",1000,0) -> 1000 | O24: =IF(F24="Storage",0.299,0.3) -> 0.299 | P24: =IF(F24="Dummy",0,1) -> 1 | Q24: =IF(F24="Dummy",0,1) -> 1 | R24: =P24*1.04 -> 1.04 | S24: =Q24*1.04 -> 1.04 | T24: =P24*1.08 -> 1.08 | U24: =Q24*1.08 -> 1.08 | V24: 5 | W24: 5 | X24: 100 | Y24: 0 | Z24: 0 | AA24: =M24 -> 9 | AB24: 0 | AC24: =O24 -> 0.299 | AD24: =P24 -> 1 | AE24: =Q24 -> 1 | AF24: =R24 -> 1.04 | AG24: =S24 -> 1.04 | AH24: =T24 -> 1.08 | AI24: =U24 -> 1.08
A25: 23 | B25: EUROPIPE-SCP | D25: 4.222622 | E25: 55.706969 | H25: 5 | I25: 5 | J25: =SUMIFS(ProductionCapacities!$F$2:$F$51,ProductionCapacities!$E$2:$E$51,Nodes!B25)/8*1000000*0.01/1000 -> 0 | K25: 500 | L25: 500 | M25: 9 | N25: =IF(F25="Storage",1000,0) -> 0 | O25: =IF(F25="Storage",0.299,0.3) -> 0.3 | P25: =IF(F25="Dummy",0,1) -> 1 | Q25: =IF(F25="Dummy",0,1) -> 1 | R25: =P25*1.04 -> 1.04 | S25: =Q25*1.04 -> 1.04 | T25: =P25*1.08 -> 1.08 | U25: =Q25*1.08 -> 1.08 | V25: 5 | W25: 5 | X25: 100 | Y25: 0 | Z25: 0 | AA25: =M25 -> 9 | AB25: 0 | AC25: =O25 -> 0.3 | AD25: =P25 -> 1 | AE25: =Q25 -> 1 | AF25: =R25 -> 1.04 | AG25: =S25 -> 1.04 | AH25: =T25 -> 1.08 | AI25: =U25 -> 1.08
A26: 24 | B26: FLAGS-T | D26: 1.7001891 | E26: 61.022018 | H26: 5 | I26: 5 | J26: =SUMIFS(ProductionCapacities!$F$2:$F$51,ProductionCapacities!$E$2:$E$51,Nodes!B26)/8*1000000*0.01/1000 -> 0 | K26: 500 | L26: 500 | M26: 9 | N26: =IF(F26="Storage",1000,0) -> 0 | O26: =IF(F26="Storage",0.299,0.3) -> 0.3 | P26: =IF(F26="Dummy",0,1) -> 1 | Q26: =IF(F26="Dummy",0,1) -> 1 | R26: =P26*1.04 -> 1.04 | S26: =Q26*1.04 -> 1.04 | T26: =P26*1.08 -> 1.08 | U26: =Q26*1.08 -> 1.08 | V26: 5 | W26: 5 | X26: 100 | Y26: 0 | Z26: 0 | AA26: =M26 -> 9 | AB26: 0 | AC26: =O26 -> 0.3 | AD26: =P26 -> 1 | AE26: =Q26 -> 1 | AF26: =R26 -> 1.04 | AG26: =S26 -> 1.04 | AH26: =T26 -> 1.08 | AI26: =U26 -> 1.08
A27: 25 | B27: FRIGG TP1-Y | D27: 2.0113877 | E27: 60.502035 | G27: Los | H27: 5 | I27: 5 | J27: =SUMIFS(ProductionCapacities!$F$2:$F$51,ProductionCapacities!$E$2:$E$51,Nodes!B27)/8*1000000*0.01/1000 -> 0 | K27: 500 | L27: 500 | M27: 9 | N27: =IF(F27="Storage",1000,0) -> 0 | O27: =IF(F27="Storage",0.299,0.3) -> 0.3 | P27: =IF(F27="Dummy",0,1) -> 1 | Q27: =IF(F27="Dummy",0,1) -> 1 | R27: =P27*1.04 -> 1.04 | S27: =Q27*1.04 -> 1.04 | T27: =P27*1.08 -> 1.08 | U27: =Q27*1.08 -> 1.08 | V27: 5 | W27: 5 | X27: 100 | Y27: 0 | Z27: 0 | AA27: =M27 -> 9 | AB27: 0 | AC27: =O27 -> 0.3 | AD27: =P27 -> 1 | AE27: =Q27 -> 1 | AF27: =R27 -> 1.04 | AG27: =S27 -> 1.04 | AH27: =T27 -> 1.08 | AI27: =U27 -> 1.08
A28: 26 | B28: GJoA | D28: 1.6999853 | E28: 61.020798 | G28: Los | H28: 5 | I28: 5 | J28: =SUMIFS(ProductionCapacities!$F$2:$F$51,ProductionCapacities!$E$2:$E$51,Nodes!B28)/8*1000000*0.01/1000 -> 13.934692 | K28: 500 | L28: 500 | M28: 9 | N28: =IF(F28="Storage",1000,0) -> 0 | O28: =IF(F28="Storage",0.299,0.3) -> 0.3 | P28: =IF(F28="Dummy",0,1) -> 1 | Q28: =IF(F28="Dummy",0,1) -> 1 | R28: =P28*1.04 -> 1.04 | S28: =Q28*1.04 -> 1.04 | T28: =P28*1.08 -> 1.08 | U28: =Q28*1.08 -> 1.08 | V28: 5 | W28: 5 | X28: 100 | Y28: 0 | Z28: 0 | AA28: =M28 -> 9 | AB28: 0 | AC28: =O28 -> 0.3 | AD28: =P28 -> 1 | AE28: =Q28 -> 1 | AF28: =R28 -> 1.04 | AG28: =S28 -> 1.04 | AH28: =T28 -> 1.08 | AI28: =U28 -> 1.08
A29: 27 | B29: GJoA-T | D29: 3.9049898 | E29: 61.330194 | G29: Los | H29: 5 | I29: 5 | J29: =SUMIFS(ProductionCapacities!$F$2:$F$51,ProductionCapacities!$E$2:$E$51,Nodes!B29)/8*1000000*0.01/1000 -> 0 | K29: 500 | L29: 500 | M29: 9 | N29: =IF(F29="Storage",1000,0) -> 0 | O29: =IF(F29="Storage",0.299,0.3) -> 0.3 | P29: =IF(F29="Dummy",0,1) -> 1 | Q29: =IF(F29="Dummy",0,1) -> 1 | R29: =P29*1.04 -> 1.04 | S29: =Q29*1.04 -> 1.04 | T29: =P29*1.08 -> 1.08 | U29: =Q29*1.08 -> 1.08 | V29: 5 | W29: 5 | X29: 100 | Y29: 0 | Z29: 0 | AA29: =M29 -> 9 | AB29: 0 | AC29: =O29 -> 0.3 | AD29: =P29 -> 1 | AE29: =Q29 -> 1 | AF29: =R29 -> 1.04 | AG29: =S29 -> 1.04 | AH29: =T29 -> 1.08 | AI29: =U29 -> 1.08
A30: 28 | B30: GRANE | D30: 2.4873353 | E30: 59.169726 | H30: 5 | I30: 5 | J30: =SUMIFS(ProductionCapacities!$F$2:$F$51,ProductionCapacities!$E$2:$E$51,Nodes!B30)/8*1000000*0.01/1000 -> 0 | K30: 500 | L30: 500 | M30: 9 | N30: =IF(F30="Storage",1000,0) -> 0 | O30: =IF(F30="Storage",0.299,0.3) -> 0.3 | P30: =IF(F30="Dummy",0,1) -> 1 | Q30: =IF(F30="Dummy",0,1) -> 1 | R30: =P30*1.04 -> 1.04 | S30: =Q30*1.04 -> 1.04 | T30: =P30*1.08 -> 1.08 | U30: =Q30*1.08 -> 1.08 | V30: 5 | W30: 5 | X30: 100 | Y30: 0 | Z30: 0 | AA30: =M30 -> 9 | AB30: 0 | AC30: =O30 -> 0.3 | AD30: =P30 -> 1 | AE30: =Q30 -> 1 | AF30: =R30 -> 1.04 | AG30: =S30 -> 1.04 | AH30: =T30 -> 1.08 | AI30: =U30 -> 1.08
A31: 29 | B31: GUDRUN | D31: 1.7504701 | E31: 58.842411 | H31: 5 | I31: 5 | J31: =SUMIFS(ProductionCapacities!$F$2:$F$51,ProductionCapacities!$E$2:$E$51,Nodes!B31)/8*1000000*0.01/1000 -> 0 | K31: 500 | L31: 500 | M31: 9 | N31: =IF(F31="Storage",1000,0) -> 0 | O31: =IF(F31="Storage",0.299,0.3) -> 0.3 | P31: =IF(F31="Dummy",0,1) -> 1 | Q31: =IF(F31="Dummy",0,1) -> 1 | R31: =P31*1.04 -> 1.04 | S31: =Q31*1.04 -> 1.04 | T31: =P31*1.08 -> 1.08 | U31: =Q31*1.08 -> 1.08 | V31: 5 | W31: 5 | X31: 100 | Y31: 0 | Z31: 0 | AA31: =M31 -> 9 | AB31: 0 | AC31: =O31 -> 0.3 | AD31: =P31 -> 1 | AE31: =Q31 -> 1 | AF31: =R31 -> 1.04 | AG31: =S31 -> 1.04 | AH31: =T31 -> 1.08 | AI31: =U31 -> 1.08
A32: 30 | B32: H-7 BP | D32: 6.0406336 | E32: 54.505801 | H32: 5 | I32: 5 | J32: =SUMIFS(ProductionCapacities!$F$2:$F$51,ProductionCapacities!$E$2:$E$51,Nodes!B32)/8*1000000*0.01/1000 -> 0 | K32: 500 | L32: 500 | M32: 9 | N32: =IF(F32="Storage",1000,0) -> 0 | O32: =IF(F32="Storage",0.299,0.3) -> 0.3 | P32: =IF(F32="Dummy",0,1) -> 1 | Q32: =IF(F32="Dummy",0,1) -> 1 | R32: =P32*1.04 -> 1.04 | S32: =Q32*1.04 -> 1.04 | T32: =P32*1.08 -> 1.08 | U32: =Q32*1.08 -> 1.08 | V32: 5 | W32: 5 | X32: 100 | Y32: 0 | Z32: 0 | AA32: =M32 -> 9 | AB32: 0 | AC32: =O32 -> 0.3 | AD32: =P32 -> 1 | AE32: =Q32 -> 1 | AF32: =R32 -> 1.04 | AG32: =S32 -> 1.04 | AH32: =T32 -> 1.08 | AI32: =U32 -> 1.08
A33: 31 | B33: HEIDRUN | D33: 7.3202454 | E33: 65.3215 | G33: Los | H33: 5 | I33: 5 | J33: =SUMIFS(ProductionCapacities!$F$2:$F$51,ProductionCapacities!$E$2:$E$51,Nodes!B33)/8*1000000*0.01/1000 -> 6.5435925 | K33: 500 | L33: 500 | M33: 9 | N33: =IF(F33="Storage",1000,0) -> 0 | O33: =IF(F33="Storage",0.299,0.3) -> 0.3 | P33: =IF(F33="Dummy",0,1) -> 1 | Q33: =IF(F33="Dummy",0,1) -> 1 | R33: =P33*1.04 -> 1.04 | S33: =Q33*1.04 -> 1.04 | T33: =P33*1.08 -> 1.08 | U33: =Q33*1.08 -> 1.08 | V33: 5 | W33: 5 | X33: 100 | Y33: 0 | Z33: 0 | AA33: =M33 -> 9 | AB33: 0 | AC33: =O33 -> 0.3 | AD33: =P33 -> 1 | AE33: =Q33 -> 1 | AF33: =R33 -> 1.04 | AG33: =S33 -> 1.04 | AH33: =T33 -> 1.08 | AI33: =U33 -> 1.08
A34: 32 | B34: HEIMDAL | D34: 2.2345226 | E34: 59.570738 | H34: 5 | I34: 5 | J34: =SUMIFS(ProductionCapacities!$F$2:$F$51,ProductionCapacities!$E$2:$E$51,Nodes!B34)/8*1000000*0.01/1000 -> 0 | K34: 500 | L34: 500 | M34: 9 | N34: =IF(F34="Storage",1000,0) -> 0 | O34: =IF(F34="Storage",0.299,0.3) -> 0.3 | P34: =IF(F34="Dummy",0,1) -> 1 | Q34: =IF(F34="Dummy",0,1) -> 1 | R34: =P34*1.04 -> 1.04 | S34: =Q34*1.04 -> 1.04 | T34: =P34*1.08 -> 1.08 | U34: =Q34*1.08 -> 1.08 | V34: 5 | W34: 5 | X34: 100 | Y34: 0 | Z34: 0 | AA34: =M34 -> 9 | AB34: 0 | AC34: =O34 -> 0.3 | AD34: =P34 -> 1 | AE34: =Q34 -> 1 | AF34: =R34 -> 1.04 | AG34: =S34 -> 1.04 | AH34: =T34 -> 1.08 | AI34: =U34 -> 1.08
A35: 33 | B35: HEIMDAL HRP | D35: 2.2352255 | E35: 59.571075 | H35: 5 | I35: 5 | J35: =SUMIFS(ProductionCapacities!$F$2:$F$51,ProductionCapacities!$E$2:$E$51,Nodes!B35)/8*1000000*0.01/1000 -> 0 | K35: 500 | L35: 500 | M35: 9 | N35: =IF(F35="Storage",1000,0) -> 0 | O35: =IF(F35="Storage",0.299,0.3) -> 0.3 | P35: =IF(F35="Dummy",0,1) -> 1 | Q35: =IF(F35="Dummy",0,1) -> 1 | R35: =P35*1.04 -> 1.04 | S35: =Q35*1.04 -> 1.04 | T35: =P35*1.08 -> 1.08 | U35: =Q35*1.08 -> 1.08 | V35: 5 | W35: 5 | X35: 100 | Y35: 0 | Z35: 0 | AA35: =M35 -> 9 | AB35: 0 | AC35: =O35 -> 0.3 | AD35: =P35 -> 1 | AE35: =Q35 -> 1 | AF35: =R35 -> 1.04 | AG35: =S35 -> 1.04 | AH35: =T35 -> 1.08 | AI35: =U35 -> 1.08
A36: 34 | B36: JOHAN SVERDRUP RP | D36: 5.054176 | E36: 59.326808 | G36: Los | H36: 5 | I36: 5 | J36: =SUMIFS(ProductionCapacities!$F$2:$F$51,ProductionCapacities!$E$2:$E$51,Nodes!B36)/8*1000000*0.01/1000 -> 3.5652432 | K36: 500 | L36: 500 | M36: 9 | N36: =IF(F36="Storage",1000,0) -> 0 | O36: =IF(F36="Storage",0.299,0.3) -> 0.3 | P36: =IF(F36="Dummy",0,1) -> 1 | Q36: =IF(F36="Dummy",0,1) -> 1 | R36: =P36*1.04 -> 1.04 | S36: =Q36*1.04 -> 1.04 | T36: =P36*1.08 -> 1.08 | U36: =Q36*1.08 -> 1.08 | V36: 5 | W36: 5 | X36: 100 | Y36: 0 | Z36: 0 | AA36: =M36 -> 9 | AB36: 0 | AC36: =O36 -> 0.3 | AD36: =P36 -> 1 | AE36: =Q36 -> 1 | AF36: =R36 -> 1.04 | AG36: =S36 -> 1.04 | AH36: =T36 -> 1.08 | AI36: =U36 -> 1.08
A37: 35 | B37: JOHAN SVERDRUP STATPIPE PLEM | D37: 2.5577715 | E37: 58.841931 | G37: Los | H37: 5 | I37: 5 | J37: =SUMIFS(ProductionCapacities!$F$2:$F$51,ProductionCapacities!$E$2:$E$51,Nodes!B37)/8*1000000*0.01/1000 -> 0 | K37: 500 | L37: 500 | M37: 9 | N37: =IF(F37="Storage",1000,0) -> 0 | O37: =IF(F37="Storage",0.299,0.3) -> 0.3 | P37: =IF(F37="Dummy",0,1) -> 1 | Q37: =IF(F37="Dummy",0,1) -> 1 | R37: =P37*1.04 -> 1.04 | S37: =Q37*1.04 -> 1.04 | T37: =P37*1.08 -> 1.08 | U37: =Q37*1.08 -> 1.08 | V37: 5 | W37: 5 | X37: 100 | Y37: 0 | Z37: 0 | AA37: =M37 -> 9 | AB37: 0 | AC37: =O37 -> 0.3 | AD37: =P37 -> 1 | AE37: =Q37 -> 1 | AF37: =R37 -> 1.04 | AG37: =S37 -> 1.04 | AH37: =T37 -> 1.08 | AI37: =U37 -> 1.08
A38: 36 | B38: KaRSTo | D38: 5.5129213 | E38: 59.272116 | H38: 5 | I38: 5 | J38: =SUMIFS(ProductionCapacities!$F$2:$F$51,ProductionCapacities!$E$2:$E$51,Nodes!B38)/8*1000000*0.01/1000 -> 0 | K38: 500 | L38: 500 | M38: 9 | N38: =IF(F38="Storage",1000,0) -> 0 | O38: =IF(F38="Storage",0.299,0.3) -> 0.3 | P38: =IF(F38="Dummy",0,1) -> 1 | Q38: =IF(F38="Dummy",0,1) -> 1 | R38: =P38*1.04 -> 1.04 | S38: =Q38*1.04 -> 1.04 | T38: =P38*1.08 -> 1.08 | U38: =Q38*1.08 -> 1.08 | V38: 5 | W38: 5 | X38: 100 | Y38: 0 | Z38: 0 | AA38: =M38 -> 9 | AB38: 0 | AC38: =O38 -> 0.3 | AD38: =P38 -> 1 | AE38: =Q38 -> 1 | AF38: =R38 -> 1.04 | AG38: =S38 -> 1.04 | AH38: =T38 -> 1.08 | AI38: =U38 -> 1.08
A39: 37 | B39: KOLLSNES | D39: 4.838597 | E39: 60.545348 | H39: 5 | I39: 5 | J39: =SUMIFS(ProductionCapacities!$F$2:$F$51,ProductionCapacities!$E$2:$E$51,Nodes!B39)/8*1000000*0.01/1000 -> 0 | K39: 500 | L39: 500 | M39: 9 | N39: =IF(F39="Storage",1000,0) -> 0 | O39: =IF(F39="Storage",0.299,0.3) -> 0.3 | P39: =IF(F39="Dummy",0,1) -> 1 | Q39: =IF(F39="Dummy",0,1) -> 1 | R39: =P39*1.04 -> 1.04 | S39: =Q39*1.04 -> 1.04 | T39: =P39*1.08 -> 1.08 | U39: =Q39*1.08 -> 1.08 | V39: 5 | W39: 5 | X39: 100 | Y39: 0 | Z39: 0 | AA39: =M39 -> 9 | AB39: 0 | AC39: =O39 -> 0.3 | AD39: =P39 -> 1 | AE39: =Q39 -> 1 | AF39: =R39 -> 1.04 | AG39: =S39 -> 1.04 | AH39: =T39 -> 1.08 | AI39: =U39 -> 1.08
A40: 38 | B40: KVITEBJoRN | D40: 2.5070781 | E40: 61.077582 | H40: 5 | I40: 5 | J40: =SUMIFS(ProductionCapacities!$F$2:$F$51,ProductionCapacities!$E$2:$E$51,Nodes!B40)/8*1000000*0.01/1000 -> 31.193178 | K40: 500 | L40: 500 | M40: 9 | N40: =IF(F40="Storage",1000,0) -> 0 | O40: =IF(F40="Storage",0.299,0.3) -> 0.3 | P40: =IF(F40="Dummy",0,1) -> 1 | Q40: =IF(F40="Dummy",0,1) -> 1 | R40: =P40*1.04 -> 1.04 | S40: =Q40*1.04 -> 1.04 | T40: =P40*1.08 -> 1.08 | U40: =Q40*1.08 -> 1.08 | V40: 5 | W40: 5 | X40: 100 | Y40: 0 | Z40: 0 | AA40: =M40 -> 9 | AB40: 0 | AC40: =O40 -> 0.3 | AD40: =P40 -> 1 | AE40: =Q40 -> 1 | AF40: =R40 -> 1.04 | AG40: =S40 -> 1.04 | AH40: =T40 -> 1.08 | AI40: =U40 -> 1.08
A41: 39 | B41: MARTIN LINGE A | D41: 2.0175155 | E41: 59.894962 | G41: Los | H41: 5 | I41: 5 | J41: =SUMIFS(ProductionCapacities!$F$2:$F$51,ProductionCapacities!$E$2:$E$51,Nodes!B41)/8*1000000*0.01/1000 -> 9.0004281 | K41: 500 | L41: 500 | M41: 9 | N41: =IF(F41="Storage",1000,0) -> 0 | O41: =IF(F41="Storage",0.299,0.3) -> 0.3 | P41: =IF(F41="Dummy",0,1) -> 1 | Q41: =IF(F41="Dummy",0,1) -> 1 | R41: =P41*1.04 -> 1.04 | S41: =Q41*1.04 -> 1.04 | T41: =P41*1.08 -> 1.08 | U41: =Q41*1.08 -> 1.08 | V41: 5 | W41: 5 | X41: 100 | Y41: 0 | Z41: 0 | AA41: =M41 -> 9 | AB41: 0 | AC41: =O41 -> 0.3 | AD41: =P41 -> 1 | AE41: =Q41 -> 1 | AF41: =R41 -> 1.04 | AG41: =S41 -> 1.04 | AH41: =T41 -> 1.08 | AI41: =U41 -> 1.08
A42: 40 | B42: MURCHISON | D42: 1.705013 | E42: 61.034477 | H42: 5 | I42: 5 | J42: =SUMIFS(ProductionCapacities!$F$2:$F$51,ProductionCapacities!$E$2:$E$51,Nodes!B42)/8*1000000*0.01/1000 -> 0 | K42: 500 | L42: 500 | M42: 9 | N42: =IF(F42="Storage",1000,0) -> 0 | O42: =IF(F42="Storage",0.299,0.3) -> 0.3 | P42: =IF(F42="Dummy",0,1) -> 1 | Q42: =IF(F42="Dummy",0,1) -> 1 | R42: =P42*1.04 -> 1.04 | S42: =Q42*1.04 -> 1.04 | T42: =P42*1.08 -> 1.08 | U42: =Q42*1.08 -> 1.08 | V42: 5 | W42: 5 | X42: 100 | Y42: 0 | Z42: 0 | AA42: =M42 -> 9 | AB42: 0 | AC42: =O42 -> 0.3 | AD42: =P42 -> 1 | AE42: =Q42 -> 1 | AF42: =R42 -> 1.04 | AG42: =S42 -> 1.04 | AH42: =T42 -> 1.08 | AI42: =U42 -> 1.08
A43: 41 | B43: NORNE ERB | D43: 8.0785441 | E43: 66.029331 | G43: Los | H43: 5 | I43: 5 | J43: =SUMIFS(ProductionCapacities!$F$2:$F$51,ProductionCapacities!$E$2:$E$51,Nodes!B43)/8*1000000*0.01/1000 -> 1.9501884 | K43: 500 | L43: 500 | M43: 9 | N43: =IF(F43="Storage",1000,0) -> 0 | O43: =IF(F43="Storage",0.299,0.3) -> 0.3 | P43: =IF(F43="Dummy",0,1) -> 1 | Q43: =IF(F43="Dummy",0,1) -> 1 | R43: =P43*1.04 -> 1.04 | S43: =Q43*1.04 -> 1.04 | T43: =P43*1.08 -> 1.08 | U43: =Q43*1.08 -> 1.08 | V43: 5 | W43: 5 | X43: 100 | Y43: 0 | Z43: 0 | AA43: =M43 -> 9 | AB43: 0 | AC43: =O43 -> 0.3 | AD43: =P43 -> 1 | AE43: =Q43 -> 1 | AF43: =R43 -> 1.04 | AG43: =S43 -> 1.04 | AH43: =T43 -> 1.08 | AI43: =U43 -> 1.08
A44: 42 | B44: NORNE/HEIDRUN T | D44: 6.801461 | E44: 65.084516 | G44: Los | H44: 5 | I44: 5 | J44: =SUMIFS(ProductionCapacities!$F$2:$F$51,ProductionCapacities!$E$2:$E$51,Nodes!B44)/8*1000000*0.01/1000 -> 0 | K44: 500 | L44: 500 | M44: 9 | N44: =IF(F44="Storage",1000,0) -> 0 | O44: =IF(F44="Storage",0.299,0.3) -> 0.3 | P44: =IF(F44="Dummy",0,1) -> 1 | Q44: =IF(F44="Dummy",0,1) -> 1 | R44: =P44*1.04 -> 1.04 | S44: =Q44*1.04 -> 1.04 | T44: =P44*1.08 -> 1.08 | U44: =Q44*1.08 -> 1.08 | V44: 5 | W44: 5 | X44: 100 | Y44: 0 | Z44: 0 | AA44: =M44 -> 9 | AB44: 0 | AC44: =O44 -> 0.3 | AD44: =P44 -> 1 | AE44: =Q44 -> 1 | AF44: =R44 -> 1.04 | AG44: =S44 -> 1.04 | AH44: =T44 -> 1.08 | AI44: =U44 -> 1.08
A45: 43 | B45: NORPIPE Y | D45: 3.330503 | E45: 56.490369 | H45: 5 | I45: 5 | J45: =SUMIFS(ProductionCapacities!$F$2:$F$51,ProductionCapacities!$E$2:$E$51,Nodes!B45)/8*1000000*0.01/1000 -> 0 | K45: 500 | L45: 500 | M45: 9 | N45: =IF(F45="Storage",1000,0) -> 0 | O45: =IF(F45="Storage",0.299,0.3) -> 0.3 | P45: =IF(F45="Dummy",0,1) -> 1 | Q45: =IF(F45="Dummy",0,1) -> 1 | R45: =P45*1.04 -> 1.04 | S45: =Q45*1.04 -> 1.04 | T45: =P45*1.08 -> 1.08 | U45: =Q45*1.08 -> 1.08 | V45: 5 | W45: 5 | X45: 100 | Y45: 0 | Z45: 0 | AA45: =M45 -> 9 | AB45: 0 | AC45: =O45 -> 0.3 | AD45: =P45 -> 1 | AE45: =Q45 -> 1 | AF45: =R45 -> 1.04 | AG45: =S45 -> 1.04 | AH45: =T45 -> 1.08 | AI45: =U45 -> 1.08
A46: 44 | B46: NYHAMNA | D46: 6.9457712 | E46: 62.851559 | H46: 5 | I46: 5 | J46: =SUMIFS(ProductionCapacities!$F$2:$F$51,ProductionCapacities!$E$2:$E$51,Nodes!B46)/8*1000000*0.01/1000 -> 0 | K46: 500 | L46: 500 | M46: 9 | N46: =IF(F46="Storage",1000,0) -> 0 | O46: =IF(F46="Storage",0.299,0.3) -> 0.3 | P46: =IF(F46="Dummy",0,1) -> 1 | Q46: =IF(F46="Dummy",0,1) -> 1 | R46: =P46*1.04 -> 1.04 | S46: =Q46*1.04 -> 1.04 | T46: =P46*1.08 -> 1.08 | U46: =Q46*1.08 -> 1.08 | V46: 5 | W46: 5 | X46: 100 | Y46: 0 | Z46: 0 | AA46: =M46 -> 9 | AB46: 0 | AC46: =O46 -> 0.3 | AD46: =P46 -> 1 | AE46: =Q46 -> 1 | AF46: =R46 -> 1.04 | AG46: =S46 -> 1.04 | AH46: =T46 -> 1.08 | AI46: =U46 -> 1.08
A47: 45 | B47: ORMEN LANGE A | D47: 5.3867636 | E47: 63.528082 | H47: 5 | I47: 5 | J47: =SUMIFS(ProductionCapacities!$F$2:$F$51,ProductionCapacities!$E$2:$E$51,Nodes!B47)/8*1000000*0.01/1000 -> 32.738394 | K47: 500 | L47: 500 | M47: 9 | N47: =IF(F47="Storage",1000,0) -> 0 | O47: =IF(F47="Storage",0.299,0.3) -> 0.3 | P47: =IF(F47="Dummy",0,1) -> 1 | Q47: =IF(F47="Dummy",0,1) -> 1 | R47: =P47*1.04 -> 1.04 | S47: =Q47*1.04 -> 1.04 | T47: =P47*1.08 -> 1.08 | U47: =Q47*1.08 -> 1.08 | V47: 5 | W47: 5 | X47: 100 | Y47: 0 | Z47: 0 | AA47: =M47 -> 9 | AB47: 0 | AC47: =O47 -> 0.3 | AD47: =P47 -> 1 | AE47: =Q47 -> 1 | AF47: =R47 -> 1.04 | AG47: =S47 -> 1.04 | AH47: =T47 -> 1.08 | AI47: =U47 -> 1.08
A48: 46 | B48: OSEBERG D | D48: 2.8240462 | E48: 60.4869 | H48: 5 | I48: 5 | J48: =SUMIFS(ProductionCapacities!$F$2:$F$51,ProductionCapacities!$E$2:$E$51,Nodes!B48)/8*1000000*0.01/1000 -> 44.719952 | K48: 500 | L48: 500 | M48: 9 | N48: =IF(F48="Storage",1000,0) -> 0 | O48: =IF(F48="Storage",0.299,0.3) -> 0.3 | P48: =IF(F48="Dummy",0,1) -> 1 | Q48: =IF(F48="Dummy",0,1) -> 1 | R48: =P48*1.04 -> 1.04 | S48: =Q48*1.04 -> 1.04 | T48: =P48*1.08 -> 1.08 | U48: =Q48*1.08 -> 1.08 | V48: 5 | W48: 5 | X48: 100 | Y48: 0 | Z48: 0 | AA48: =M48 -> 9 | AB48: 0 | AC48: =O48 -> 0.3 | AD48: =P48 -> 1 | AE48: =Q48 -> 1 | AF48: =R48 -> 1.04 | AG48: =S48 -> 1.04 | AH48: =T48 -> 1.08 | AI48: =U48 -> 1.08
A49: 47 | B49: POLAND | C49: Market | D49: 15.2599 | E49: 53.8 | F49: Storage | H49: 5 | I49: 5 | J49: =SUMIFS(ProductionCapacities!$F$2:$F$51,ProductionCapacities!$E$2:$E$51,Nodes!B49)/8*1000000*0.01/1000 -> 0 | K49: 500 | L49: 500 | M49: 9 | N49: =IF(F49="Storage",1000,0) -> 1000 | O49: =IF(F49="Storage",0.299,0.3) -> 0.299 | P49: =IF(F49="Dummy",0,1) -> 1 | Q49: =IF(F49="Dummy",0,1) -> 1 | R49: =P49*1.04 -> 1.04 | S49: =Q49*1.04 -> 1.04 | T49: =P49*1.08 -> 1.08 | U49: =Q49*1.08 -> 1.08 | V49: 5 | W49: 5 | X49: 100 | Y49: 0 | Z49: 0 | AA49: =M49 -> 9 | AB49: 0 | AC49: =O49 -> 0.299 | AD49: =P49 -> 1 | AE49: =Q49 -> 1 | AF49: =R49 -> 1.04 | AG49: =S49 -> 1.04 | AH49: =T49 -> 1.08 | AI49: =U49 -> 1.08
A50: 48 | B50: SAGE-T | D50: 2.2541498 | E50: 58.839406 | G50: Los | H50: 5 | I50: 5 | J50: =SUMIFS(ProductionCapacities!$F$2:$F$51,ProductionCapacities!$E$2:$E$51,Nodes!B50)/8*1000000*0.01/1000 -> 0 | K50: 500 | L50: 500 | M50: 9 | N50: =IF(F50="Storage",1000,0) -> 0 | O50: =IF(F50="Storage",0.299,0.3) -> 0.3 | P50: =IF(F50="Dummy",0,1) -> 1 | Q50: =IF(F50="Dummy",0,1) -> 1 | R50: =P50*1.04 -> 1.04 | S50: =Q50*1.04 -> 1.04 | T50: =P50*1.08 -> 1.08 | U50: =Q50*1.08 -> 1.08 | V50: 5 | W50: 5 | X50: 100 | Y50: 0 | Z50: 0 | AA50: =M50 -> 9 | AB50: 0 | AC50: =O50 -> 0.3 | AD50: =P50 -> 1 | AE50: =Q50 -> 1 | AF50: =R50 -> 1.04 | AG50: =S50 -> 1.04 | AH50: =T50 -> 1.08 | AI50: =U50 -> 1.08
A51: 49 | B51: SKARV ERB | D51: 7.6558328 | E51: 65.693744 | G51: Los | H51: 5 | I51: 5 | J51: =SUMIFS(ProductionCapacities!$F$2:$F$51,ProductionCapacities!$E$2:$E$51,Nodes!B51)/8*1000000*0.01/1000 -> 21.105435 | K51: 500 | L51: 500 | M51: 9 | N51: =IF(F51="Storage",1000,0) -> 0 | O51: =IF(F51="Storage",0.299,0.3) -> 0.3 | P51: =IF(F51="Dummy",0,1) -> 1 | Q51: =IF(F51="Dummy",0,1) -> 1 | R51: =P51*1.04 -> 1.04 | S51: =Q51*1.04 -> 1.04 | T51: =P51*1.08 -> 1.08 | U51: =Q51*1.08 -> 1.08 | V51: 5 | W51: 5 | X51: 100 | Y51: 0 | Z51: 0 | AA51: =M51 -> 9 | AB51: 0 | AC51: =O51 -> 0.3 | AD51: =P51 -> 1 | AE51: =Q51 -> 1 | AF51: =R51 -> 1.04 | AG51: =S51 -> 1.04 | AH51: =T51 -> 1.08 | AI51: =U51 -> 1.08
A52: 50 | B52: SLEIPNER A | D52: 1.8987659 | E52: 58.370534 | H52: 5 | I52: 5 | J52: =SUMIFS(ProductionCapacities!$F$2:$F$51,ProductionCapacities!$E$2:$E$51,Nodes!B52)/8*1000000*0.01/1000 -> 18.616065 | K52: 500 | L52: 500 | M52: 9 | N52: =IF(F52="Storage",1000,0) -> 0 | O52: =IF(F52="Storage",0.299,0.3) -> 0.3 | P52: =IF(F52="Dummy",0,1) -> 1 | Q52: =IF(F52="Dummy",0,1) -> 1 | R52: =P52*1.04 -> 1.04 | S52: =Q52*1.04 -> 1.04 | T52: =P52*1.08 -> 1.08 | U52: =Q52*1.08 -> 1.08 | V52: 5 | W52: 5 | X52: 100 | Y52: 0 | Z52: 0 | AA52: =M52 -> 9 | AB52: 0 | AC52: =O52 -> 0.3 | AD52: =P52 -> 1 | AE52: =Q52 -> 1 | AF52: =R52 -> 1.04 | AG52: =S52 -> 1.04 | AH52: =T52 -> 1.08 | AI52: =U52 -> 1.08
A53: 51 | B53: SLEIPNER R | D53: 1.9158664 | E53: 58.364944 | H53: 5 | I53: 5 | J53: =SUMIFS(ProductionCapacities!$F$2:$F$51,ProductionCapacities!$E$2:$E$51,Nodes!B53)/8*1000000*0.01/1000 -> 0 | K53: 500 | L53: 500 | M53: 9 | N53: =IF(F53="Storage",1000,0) -> 0 | O53: =IF(F53="Storage",0.299,0.3) -> 0.3 | P53: =IF(F53="Dummy",0,1) -> 1 | Q53: =IF(F53="Dummy",0,1) -> 1 | R53: =P53*1.04 -> 1.04 | S53: =Q53*1.04 -> 1.04 | T53: =P53*1.08 -> 1.08 | U53: =Q53*1.08 -> 1.08 | V53: 5 | W53: 5 | X53: 100 | Y53: 0 | Z53: 0 | AA53: =M53 -> 9 | AB53: 0 | AC53: =O53 -> 0.3 | AD53: =P53 -> 1 | AE53: =Q53 -> 1 | AF53: =R53 -> 1.04 | AG53: =S53 -> 1.04 | AH53: =T53 -> 1.08 | AI53: =U53 -> 1.08
A54: 52 | B54: ST.FERGUS | C54: Market | D54: -1.825651 | E54: 57.579971 | F54: Storage | H54: 5 | I54: 5 | J54: =SUMIFS(ProductionCapacities!$F$2:$F$51,ProductionCapacities!$E$2:$E$51,Nodes!B54)/8*1000000*0.01/1000 -> 0 | K54: 500 | L54: 500 | M54: 9 | N54: =IF(F54="Storage",1000,0) -> 1000 | O54: =IF(F54="Storage",0.299,0.3) -> 0.299 | P54: =IF(F54="Dummy",0,1) -> 1 | Q54: =IF(F54="Dummy",0,1) -> 1 | R54: =P54*1.04 -> 1.04 | S54: =Q54*1.04 -> 1.04 | T54: =P54*1.08 -> 1.08 | U54: =Q54*1.08 -> 1.08 | V54: 5 | W54: 5 | X54: 100 | Y54: 0 | Z54: 0 | AA54: =M54 -> 9 | AB54: 0 | AC54: =O54 -> 0.299 | AD54: =P54 -> 1 | AE54: =Q54 -> 1 | AF54: =R54 -> 1.04 | AG54: =S54 -> 1.04 | AH54: =T54 -> 1.08 | AI54: =U54 -> 1.08
A55: 53 | B55: STAT-SSTC | D55: 1.845936 | E55: 61.18583 | H55: 5 | I55: 5 | J55: =SUMIFS(ProductionCapacities!$F$2:$F$51,ProductionCapacities!$E$2:$E$51,Nodes!B55)/8*1000000*0.01/1000 -> 0 | K55: 500 | L55: 500 | M55: 9 | N55: =IF(F55="Storage",1000,0) -> 0 | O55: =IF(F55="Storage",0.299,0.3) -> 0.3 | P55: =IF(F55="Dummy",0,1) -> 1 | Q55: =IF(F55="Dummy",0,1) -> 1 | R55: =P55*1.04 -> 1.04 | S55: =Q55*1.04 -> 1.04 | T55: =P55*1.08 -> 1.08 | U55: =Q55*1.08 -> 1.08 | V55: 5 | W55: 5 | X55: 100 | Y55: 0 | Z55: 0 | AA55: =M55 -> 9 | AB55: 0 | AC55: =O55 -> 0.3 | AD55: =P55 -> 1 | AE55: =Q55 -> 1 | AF55: =R55 -> 1.04 | AG55: =S55 -> 1.04 | AH55: =T55 -> 1.08 | AI55: =U55 -> 1.08
A56: 54 | B56: STATFJORD B | D56: 1.8315258 | E56: 61.202445 | H56: 5 | I56: 5 | J56: =SUMIFS(ProductionCapacities!$F$2:$F$51,ProductionCapacities!$E$2:$E$51,Nodes!B56)/8*1000000*0.01/1000 -> 21.720445 | K56: 500 | L56: 500 | M56: 9 | N56: =IF(F56="Storage",1000,0) -> 0 | O56: =IF(F56="Storage",0.299,0.3) -> 0.3 | P56: =IF(F56="Dummy",0,1) -> 1 | Q56: =IF(F56="Dummy",0,1) -> 1 | R56: =P56*1.04 -> 1.04 | S56: =Q56*1.04 -> 1.04 | T56: =P56*1.08 -> 1.08 | U56: =Q56*1.08 -> 1.08 | V56: 5 | W56: 5 | X56: 100 | Y56: 0 | Z56: 0 | AA56: =M56 -> 9 | AB56: 0 | AC56: =O56 -> 0.3 | AD56: =P56 -> 1 | AE56: =Q56 -> 1 | AF56: =R56 -> 1.04 | AG56: =S56 -> 1.04 | AH56: =T56 -> 1.08 | AI56: =U56 -> 1.08
A57: 55 | B57: TEESSIDE | C57: Market | D57: -1.104584 | E57: 54.6246 | F57: Storage | H57: 5 | I57: 5 | J57: =SUMIFS(ProductionCapacities!$F$2:$F$51,ProductionCapacities!$E$2:$E$51,Nodes!B57)/8*1000000*0.01/1000 -> 0 | K57: 500 | L57: 500 | M57: 9 | N57: =IF(F57="Storage",1000,0) -> 1000 | O57: =IF(F57="Storage",0.299,0.3) -> 0.299 | P57: =IF(F57="Dummy",0,1) -> 1 | Q57: =IF(F57="Dummy",0,1) -> 1 | R57: =P57*1.04 -> 1.04 | S57: =Q57*1.04 -> 1.04 | T57: =P57*1.08 -> 1.08 | U57: =Q57*1.08 -> 1.08 | V57: 5 | W57: 5 | X57: 100 | Y57: 0 | Z57: 0 | AA57: =M57 -> 9 | AB57: 0 | AC57: =O57 -> 0.299 | AD57: =P57 -> 1 | AE57: =Q57 -> 1 | AF57: =R57 -> 1.04 | AG57: =S57 -> 1.04 | AH57: =T57 -> 1.08 | AI57: =U57 -> 1.08
A58: 56 | B58: TJELDBERGODDEN | D58: 8.6582155 | E58: 63.398891 | G58: Los | H58: 5 | I58: 5 | J58: =SUMIFS(ProductionCapacities!$F$2:$F$51,ProductionCapacities!$E$2:$E$51,Nodes!B58)/8*1000000*0.01/1000 -> 0 | K58: 500 | L58: 500 | M58: 9 | N58: =IF(F58="Storage",1000,0) -> 0 | O58: =IF(F58="Storage",0.299,0.3) -> 0.3 | P58: =IF(F58="Dummy",0,1) -> 1 | Q58: =IF(F58="Dummy",0,1) -> 1 | R58: =P58*1.04 -> 1.04 | S58: =Q58*1.04 -> 1.04 | T58: =P58*1.08 -> 1.08 | U58: =Q58*1.08 -> 1.08 | V58: 5 | W58: 5 | X58: 100 | Y58: 0 | Z58: 0 | AA58: =M58 -> 9 | AB58: 0 | AC58: =O58 -> 0.3 | AD58: =P58 -> 1 | AE58: =Q58 -> 1 | AF58: =R58 -> 1.04 | AG58: =S58 -> 1.04 | AH58: =T58 -> 1.08 | AI58: =U58 -> 1.08
A59: 57 | B59: TROLL A | D59: 4.83583 | E59: 60.550175 | H59: 5 | I59: 5 | J59: =SUMIFS(ProductionCapacities!$F$2:$F$51,ProductionCapacities!$E$2:$E$51,Nodes!B59)/8*1000000*0.01/1000 -> 140.64931 | K59: 500 | L59: 500 | M59: 9 | N59: =IF(F59="Storage",1000,0) -> 0 | O59: =IF(F59="Storage",0.299,0.3) -> 0.3 | P59: =IF(F59="Dummy",0,1) -> 1 | Q59: =IF(F59="Dummy",0,1) -> 1 | R59: =P59*1.04 -> 1.04 | S59: =Q59*1.04 -> 1.04 | T59: =P59*1.08 -> 1.08 | U59: =Q59*1.08 -> 1.08 | V59: 5 | W59: 5 | X59: 100 | Y59: 0 | Z59: 0 | AA59: =M59 -> 9 | AB59: 1 | AC59: =O59 -> 0.3 | AD59: =P59 -> 1 | AE59: =Q59 -> 1 | AF59: =R59 -> 1.04 | AG59: =S59 -> 1.04 | AH59: =T59 -> 1.08 | AI59: =U59 -> 1.08
A60: 58 | B60: ZEEBRUGGE | D60: 3.229797 | E60: 51.350508 | F60: Storage | H60: 5 | I60: 5 | J60: =SUMIFS(ProductionCapacities!$F$2:$F$51,ProductionCapacities!$E$2:$E$51,Nodes!B60)/8*1000000*0.01/1000 -> 0 | K60: 500 | L60: 500 | M60: 9 | N60: =IF(F60="Storage",1000,0) -> 1000 | O60: =IF(F60="Storage",0.299,0.3) -> 0.299 | P60: =IF(F60="Dummy",0,1) -> 1 | Q60: =IF(F60="Dummy",0,1) -> 1 | R60: =P60*1.04 -> 1.04 | S60: =Q60*1.04 -> 1.04 | T60: =P60*1.08 -> 1.08 | U60: =Q60*1.08 -> 1.08 | V60: 5 | W60: 5 | X60: 100 | Y60: 0 | Z60: 0 | AA60: =M60 -> 9 | AB60: 2 | AC60: =O60 -> 0.299 | AD60: =P60 -> 1 | AE60: =Q60 -> 1 | AF60: =R60 -> 1.04 | AG60: =S60 -> 1.04 | AH60: =T60 -> 1.08 | AI60: =U60 -> 1.08
A61: 59 | B61: ZEEPIPE-SCP | D61: 3.299816 | E61: 54.789494 | H61: 5 | I61: 5 | J61: =SUMIFS(ProductionCapacities!$F$2:$F$51,ProductionCapacities!$E$2:$E$51,Nodes!B61)/8*1000000*0.01/1000 -> 0 | K61: 500 | L61: 500 | M61: 9 | N61: =IF(F61="Storage",1000,0) -> 0 | O61: =IF(F61="Storage",0.299,0.3) -> 0.3 | P61: =IF(F61="Dummy",0,1) -> 1 | Q61: =IF(F61="Dummy",0,1) -> 1 | R61: =P61*1.04 -> 1.04 | S61: =Q61*1.04 -> 1.04 | T61: =P61*1.08 -> 1.08 | U61: =Q61*1.08 -> 1.08 | V61: 5 | W61: 5 | X61: 100 | Y61: 0 | Z61: 0 | AA61: =M61 -> 9 | AB61: 3 | AC61: =O61 -> 0.3 | AD61: =P61 -> 1 | AE61: =Q61 -> 1 | AF61: =R61 -> 1.04 | AG61: =S61 -> 1.04 | AH61: =T61 -> 1.08 | AI61: =U61 -> 1.08
A62: 60 | B62: Emden Consumers | C62: Market | D62: 7.18929 | E62: 53.3462 | F62: Dummy | H62: 5 | I62: 5 | J62: =SUMIFS(ProductionCapacities!$F$2:$F$51,ProductionCapacities!$E$2:$E$51,Nodes!B62)/8*1000000*0.01/1000 -> 0 | K62: 500 | L62: 500 | M62: 9 | N62: =IF(F62="Storage",1000,0) -> 0 | O62: =IF(F62="Storage",0.299,0.3) -> 0.3 | P62: =IF(F62="Dummy",0,1) -> 0 | Q62: =IF(F62="Dummy",0,1) -> 0 | R62: =P62*1.04 -> 0 | S62: =Q62*1.04 -> 0 | T62: =P62*1.08 -> 0 | U62: =Q62*1.08 -> 0 | V62: 5 | W62: 5 | X62: 100 | Y62: 0 | Z62: 0 | AA62: =M62 -> 9 | AB62: 4 | AC62: =O62 -> 0.3 | AD62: =P62 -> 0 | AE62: =Q62 -> 0 | AF62: =R62 -> 0 | AG62: =S62 -> 0 | AH62: =T62 -> 0 | AI62: =U62 -> 0
A63: 61 | B63: Emden Industry | C63: Market | D63: 7.18929 | E63: 53.3462 | F63: Dummy | H63: 5 | I63: 5 | J63: =SUMIFS(ProductionCapacities!$F$2:$F$51,ProductionCapacities!$E$2:$E$51,Nodes!B63)/8*1000000*0.01/1000 -> 0 | K63: 500 | L63: 500 | M63: 9 | N63: =IF(F63="Storage",1000,0) -> 0 | O63: =IF(F63="Storage",0.299,0.3) -> 0.3 | P63: =IF(F63="Dummy",0,1) -> 0 | Q63: =IF(F63="Dummy",0,1) -> 0 | R63: =P63*1.04 -> 0 | S63: =Q63*1.04 -> 0 | T63: =P63*1.08 -> 0 | U63: =Q63*1.08 -> 0 | V63: 5 | W63: 5 | X63: 100 | Y63: 0 | Z63: 0 | AA63: =M63 -> 9 | AB63: 5 | AC63: =O63 -> 0.3 | AD63: =P63 -> 0 | AE63: =Q63 -> 0 | AF63: =R63 -> 0 | AG63: =S63 -> 0 | AH63: =T63 -> 0 | AI63: =U63 -> 0
A64: 62 | B64: Dornum Consumers | C64: Market | D64: 7.32642 | E64: 53.6797 | F64: Dummy | H64: 5 | I64: 5 | J64: =SUMIFS(ProductionCapacities!$F$2:$F$51,ProductionCapacities!$E$2:$E$51,Nodes!B64)/8*1000000*0.01/1000 -> 0 | K64: 500 | L64: 500 | M64: 9 | N64: =IF(F64="Storage",1000,0) -> 0 | O64: =IF(F64="Storage",0.299,0.3) -> 0.3 | P64: =IF(F64="Dummy",0,1) -> 0 | Q64: =IF(F64="Dummy",0,1) -> 0 | R64: =P64*1.04 -> 0 | S64: =Q64*1.04 -> 0 | T64: =P64*1.08 -> 0 | U64: =Q64*1.08 -> 0 | V64: 5 | W64: 5 | X64: 100 | Y64: 0 | Z64: 0 | AA64: =M64 -> 9 | AB64: 6 | AC64: =O64 -> 0.3 | AD64: =P64 -> 0 | AE64: =Q64 -> 0 | AF64: =R64 -> 0 | AG64: =S64 -> 0 | AH64: =T64 -> 0 | AI64: =U64 -> 0
A65: 63 | B65: Dornum Industry | C65: Market | D65: 7.32642 | E65: 53.6797 | F65: Dummy | H65: 5 | I65: 5 | J65: =SUMIFS(ProductionCapacities!$F$2:$F$51,ProductionCapacities!$E$2:$E$51,Nodes!B65)/8*1000000*0.01/1000 -> 0 | K65: 500 | L65: 500 | M65: 9 | N65: =IF(F65="Storage",1000,0) -> 0 | O65: =IF(F65="Storage",0.299,0.3) -> 0.3 | P65: =IF(F65="Dummy",0,1) -> 0 | Q65: =IF(F65="Dummy",0,1) -> 0 | R65: =P65*1.04 -> 0 | S65: =Q65*1.04 -> 0 | T65: =P65*1.08 -> 0 | U65: =Q65*1.08 -> 0 | V65: 5 | W65: 5 | X65: 100 | Y65: 0 | Z65: 0 | AA65: =M65 -> 9 | AB65: 7 | AC65: =O65 -> 0.3 | AD65: =P65 -> 0 | AE65: =Q65 -> 0 | AF65: =R65 -> 0 | AG65: =S65 -> 0 | AH65: =T65 -> 0 | AI65: =U65 -> 0
A66: 64 | B66: Zeebrugge Consumers | C66: Market | D66: 3.229797 | E66: 51.350508 | F66: Dummy | H66: 5 | I66: 5 | J66: =SUMIFS(ProductionCapacities!$F$2:$F$51,ProductionCapacities!$E$2:$E$51,Nodes!B66)/8*1000000*0.01/1000 -> 0 | K66: 500 | L66: 500 | M66: 9 | N66: =IF(F66="Storage",1000,0) -> 0 | O66: =IF(F66="Storage",0.299,0.3) -> 0.3 | P66: =IF(F66="Dummy",0,1) -> 0 | Q66: =IF(F66="Dummy",0,1) -> 0 | R66: =P66*1.04 -> 0 | S66: =Q66*1.04 -> 0 | T66: =P66*1.08 -> 0 | U66: =Q66*1.08 -> 0 | V66: 5 | W66: 5 | X66: 100 | Y66: 0 | Z66: 0 | AA66: =M66 -> 9 | AB66: 8 | AC66: =O66 -> 0.3 | AD66: =P66 -> 0 | AE66: =Q66 -> 0 | AF66: =R66 -> 0 | AG66: =S66 -> 0 | AH66: =T66 -> 0 | AI66: =U66 -> 0
A67: 65 | B67: Zeebrugge Industry | C67: Market | D67: 3.229797 | E67: 51.350508 | F67: Dummy | H67: 5 | I67: 5 | J67: =SUMIFS(ProductionCapacities!$F$2:$F$51,ProductionCapacities!$E$2:$E$51,Nodes!B67)/8*1000000*0.01/1000 -> 0 | K67: 500 | L67: 500 | M67: 9 | N67: =IF(F67="Storage",1000,0) -> 0 | O67: =IF(F67="Storage",0.299,0.3) -> 0.3 | P67: =IF(F67="Dummy",0,1) -> 0 | Q67: =IF(F67="Dummy",0,1) -> 0 | R67: =P67*1.04 -> 0 | S67: =Q67*1.04 -> 0 | T67: =P67*1.08 -> 0 | U67: =Q67*1.08 -> 0 | V67: 5 | W67: 5 | X67: 100 | Y67: 0 | Z67: 0 | AA67: =M67 -> 9 | AB67: 9 | AC67: =O67 -> 0.3 | AD67: =P67 -> 0 | AE67: =Q67 -> 0 | AF67: =R67 -> 0 | AG67: =S67 -> 0 | AH67: =T67 -> 0 | AI67: =U67 -> 0

Sheet Demand Stage 1
A1: Node Number | B1: 1
A2: Probability | B2: 1
B3: gas or mix | M3: pure hydrogen
A4: Hour | B4: ='Demand Stage 2'!B4 -> ST.FERGUS | C4: ='Demand Stage 2'!C4 -> EASINGTON | D4: ='Demand Stage 2'!D4 -> TEESSIDE | E4: Emden Industry | F4: Emden Consumers | G4: Dornum Industry | H4: Dornum Consumers | I4: Zeebrugge Industry | J4: Zeebrugge Consumers | K4: ='Demand Stage 2'!K4 -> DUNKERQUE | L4: ='Demand Stage 2'!L4 -> POLAND | M4: ='Demand Stage 2'!M4 -> ST.FERGUS | N4: ='Demand Stage 2'!N4 -> EASINGTON | O4: ='Demand Stage 2'!O4 -> TEESSIDE | P4: Emden Industry | Q4: Emden Consumers | R4: Dornum Industry | S4: Dornum Consumers | T4: Zeebrugge Industry | U4: Zeebrugge Consumers | V4: ='Demand Stage 2'!V4 -> DUNKERQUE | W4: ='Demand Stage 2'!W4 -> POLAND
A5: 0 | B5: ='Demand Stage 2'!B43 -> 12.5 | C5: ='Demand Stage 2'!C43 -> 12.5 | D5: ='Demand Stage 2'!D43 -> 12.5 | E5: ='Demand Stage 2'!E43 -> 25 | F5: ='Demand Stage 2'!F43 -> 25 | G5: ='Demand Stage 2'!G43 -> 25 | H5: ='Demand Stage 2'!H43 -> 25 | I5: ='Demand Stage 2'!I43 -> 25 | ... L5: ='Demand Stage 2'!L43 -> 25 | M5: 0 | N5: 0 | O5: 0 | P5: 0 | Q5: 0 | R5: 0 | S5: 0 | T5: 0 | U5: 0 | V5: 0 | W5: 0
A6: 1 | B6: ='Demand Stage 2'!B44 -> 12.5 | C6: ='Demand Stage 2'!C44 -> 12.5 | D6: ='Demand Stage 2'!D44 -> 12.5 | E6: ='Demand Stage 2'!E44 -> 25 | F6: ='Demand Stage 2'!F44 -> 25 | G6: ='Demand Stage 2'!G44 -> 25 | H6: ='Demand Stage 2'!H44 -> 25 | I6: ='Demand Stage 2'!I44 -> 25 | ... L6: ='Demand Stage 2'!L44 -> 25 | M6: 0 | N6: 0 | O6: 0 | P6: 0 | Q6: 0 | R6: 0 | S6: 0 | T6: 0 | U6: 0 | V6: 0 | W6: 0
A7: 2 | B7: ='Demand Stage 2'!B45 -> 12.5 | C7: ='Demand Stage 2'!C45 -> 12.5 | D7: ='Demand Stage 2'!D45 -> 12.5 | E7: ='Demand Stage 2'!E45 -> 25 | F7: ='Demand Stage 2'!F45 -> 25 | G7: ='Demand Stage 2'!G45 -> 25 | H7: ='Demand Stage 2'!H45 -> 25 | I7: ='Demand Stage 2'!I45 -> 25 | ... L7: ='Demand Stage 2'!L45 -> 25 | M7: 0 | N7: 0 | O7: 0 | P7: 0 | Q7: 0 | R7: 0 | S7: 0 | T7: 0 | U7: 0 | V7: 0 | W7: 0
A8: 3 | B8: ='Demand Stage 2'!B46 -> 12.5 | C8: ='Demand Stage 2'!C46 -> 12.5 | D8: ='Demand Stage 2'!D46 -> 12.5 | E8: ='Demand Stage 2'!E46 -> 25 | F8: ='Demand Stage 2'!F46 -> 25 | G8: ='Demand Stage 2'!G46 -> 25 | H8: ='Demand Stage 2'!H46 -> 25 | I8: ='Demand Stage 2'!I46 -> 25 | ... L8: ='Demand Stage 2'!L46 -> 25 | M8: 0 | N8: 0 | O8: 0 | P8: 0 | Q8: 0 | R8: 0 | S8: 0 | T8: 0 | U8: 0 | V8: 0 | W8: 0
A9: 4 | B9: ='Demand Stage 2'!B47 -> 12.5 | C9: ='Demand Stage 2'!C47 -> 12.5 | D9: ='Demand Stage 2'!D47 -> 12.5 | E9: ='Demand Stage 2'!E47 -> 28.125 | F9: ='Demand Stage 2'!F47 -> 28.125 | G9: ='Demand Stage 2'!G47 -> 28.125 | H9: ='Demand Stage 2'!H47 -> 28.125 | I9: ='Demand Stage 2'!I47 -> 25 | ... L9: ='Demand Stage 2'!L47 -> 25 | M9: 0 | N9: 0 | O9: 0 | P9: 0 | Q9: 0 | R9: 0 | S9: 0 | T9: 0 | U9: 0 | V9: 0 | W9: 0
A10: 5 | B10: ='Demand Stage 2'!B48 -> 12.5 | C10: ='Demand Stage 2'!C48 -> 12.5 | D10: ='Demand Stage 2'!D48 -> 12.5 | E10: ='Demand Stage 2'!E48 -> 25 | F10: ='Demand Stage 2'!F48 -> 25 | G10: ='Demand Stage 2'!G48 -> 25 | H10: ='Demand Stage 2'!H48 -> 25 | I10: ='Demand Stage 2'!I48 -> 25 | ... L10: ='Demand Stage 2'!L48 -> 25 | M10: 0 | N10: 0 | O10: 0 | P10: 0 | Q10: 0 | R10: 0 | S10: 0 | T10: 0 | U10: 0 | V10: 0 | W10: 0
A11: 6 | B11: ='Demand Stage 2'!B49 -> 12.5 | C11: ='Demand Stage 2'!C49 -> 12.5 | D11: ='Demand Stage 2'!D49 -> 12.5 | E11: ='Demand Stage 2'!E49 -> 25 | F11: ='Demand Stage 2'!F49 -> 25 | G11: ='Demand Stage 2'!G49 -> 25 | H11: ='Demand Stage 2'!H49 -> 25 | I11: ='Demand Stage 2'!I49 -> 25 | ... L11: ='Demand Stage 2'!L49 -> 25 | M11: 0 | N11: 0 | O11: 0 | P11: 0 | Q11: 0 | R11: 0 | S11: 0 | T11: 0 | U11: 0 | V11: 0 | W11: 0
A12: 7 | B12: ='Demand Stage 2'!B50 -> 12.5 | C12: ='Demand Stage 2'!C50 -> 12.5 | D12: ='Demand Stage 2'!D50 -> 12.5 | E12: ='Demand Stage 2'!E50 -> 28.125 | F12: ='Demand Stage 2'!F50 -> 28.125 | G12: ='Demand Stage 2'!G50 -> 28.125 | H12: ='Demand Stage 2'!H50 -> 28.125 | I12: ='Demand Stage 2'!I50 -> 25 | ... L12: ='Demand Stage 2'!L50 -> 25 | M12: 0 | N12: 0 | O12: 0 | P12: 0 | Q12: 0 | R12: 0 | S12: 0 | T12: 0 | U12: 0 | V12: 0 | W12: 0
A13: 8 | T13: 0 | U13: 0 | V13: 0 | W13: 0
A14: 9 | T14: 0 | U14: 0 | V14: 0 | W14: 0
A15: 10 | T15: 0 | U15: 0 | V15: 0 | W15: 0
A16: 11 | T16: 0 | U16: 0 | V16: 0 | W16: 0
A17: 12 | T17: 0 | U17: 0 | V17: 0 | W17: 0
A18: 13 | T18: 0 | U18: 0 | V18: 0 | W18: 0
A19: 14 | T19: 0 | U19: 0 | V19: 0 | W19: 0
A20: 15 | T20: 0 | U20: 0 | V20: 0 | W20: 0
A21: 16 | T21: 0 | U21: 0 | V21: 0 | W21: 0
A22: 17 | T22: 0 | U22: 0 | V22: 0 | W22: 0
A23: 18 | T23: 0 | U23: 0 | V23: 0 | W23: 0
A24: 19 | T24: 0 | U24: 0 | V24: 0 | W24: 0
... A28: 23 | T28: 0 | U28: 0 | V28: 0 | W28: 0

Sheet Demand Stage 2
A1: Node Number | B1: =1+Parameters!$B$7 -> 9 | X1: =B1+Parameters!$B$7 -> 17 | AT1: =X1+Parameters!$B$7 -> 25 | BP1: =AT1+Parameters!$B$7 -> 33 | CL1: =BP1+Parameters!$B$7 -> 41 | DH1: =CL1+Parameters!$B$7 -> 49 | ED1: =DH1+Parameters!$B$7 -> 57 | EZ1: =ED1+Parameters!$B$7 -> 65 | FV1: =EZ1+Parameters!$B$7 -> 73 | GR1: =FV1+Parameters!$B$7 -> 81 | HN1: =GR1+Parameters!$B$7 -> 89 | IJ1: =HN1+Parameters!$B$7 -> 97 | JF1: =IJ1+Parameters!$B$7 -> 105 | KB1: =JF1+Parameters!$B$7 -> 113 | KX1: =KB1+Parameters!$B$7 -> 121 | LT1: =KX1+Parameters!$B$7 -> 129 | MP1: =LT1+Parameters!$B$7 -> 137 | NL1: =MP1+Parameters!$B$7 -> 145 | OH1: =NL1+Parameters!$B$7 -> 153 | PD1: =OH1+Parameters!$B$7 -> 161 | PZ1: =PD1+Parameters!$B$7 -> 169 | QV1: =PZ1+Parameters!$B$7 -> 177 | RR1: =QV1+Parameters!$B$7 -> 185 | SN1: =RR1+Parameters!$B$7 -> 193 | TJ1: =SN1+Parameters!$B$7 -> 201 | UF1: =TJ1+Parameters!$B$7 -> 209 | VB1: =UF1+Parameters!$B$7 -> 217 | VX1: =VB1+Parameters!$B$7 -> 225 | WT1: =VX1+Parameters!$B$7 -> 233 | XP1: =WT1+Parameters!$B$7 -> 241 | YL1: =XP1+Parameters!$B$7 -> 249 | ZH1: =YL1+Parameters!$B$7 -> 257
A2: Probability | B2: =VLOOKUP(B1,OverwiewSecondStage!$B$1:$H$33,7,FALSE) -> 0 | X2: =VLOOKUP(X1,OverwiewSecondStage!$B$1:$H$33,7,FALSE) -> 0.041666667 | AT2: =VLOOKUP(AT1,OverwiewSecondStage!$B$1:$H$33,7,FALSE) -> 0 | BP2: =VLOOKUP(BP1,OverwiewSecondStage!$B$1:$H$33,7,FALSE) -> 0.041666667 | CL2: =VLOOKUP(CL1,OverwiewSecondStage!$B$1:$H$33,7,FALSE) -> 0 | DH2: =VLOOKUP(DH1,OverwiewSecondStage!$B$1:$H$33,7,FALSE) -> 0.041666667 | ED2: =VLOOKUP(ED1,OverwiewSecondStage!$B$1:$H$33,7,FALSE) -> 0 | EZ2: =VLOOKUP(EZ1,OverwiewSecondStage!$B$1:$H$33,7,FALSE) -> 0.041666667 | FV2: =VLOOKUP(FV1,OverwiewSecondStage!$B$1:$H$33,7,FALSE) -> 0 | GR2: =VLOOKUP(GR1,OverwiewSecondStage!$B$1:$H$33,7,FALSE) -> 0.041666667 | HN2: =VLOOKUP(HN1,OverwiewSecondStage!$B$1:$H$33,7,FALSE) -> 0 | IJ2: =VLOOKUP(IJ1,OverwiewSecondStage!$B$1:$H$33,7,FALSE) -> 0.041666667 | JF2: =VLOOKUP(JF1,OverwiewSecondStage!$B$1:$H$33,7,FALSE) -> 0 | KB2: =VLOOKUP(KB1,OverwiewSecondStage!$B$1:$H$33,7,FALSE) -> 0.041666667 | KX2: =VLOOKUP(KX1,OverwiewSecondStage!$B$1:$H$33,7,FALSE) -> 0 | LT2: =VLOOKUP(LT1,OverwiewSecondStage!$B$1:$H$33,7,FALSE) -> 0.041666667 | MP2: =VLOOKUP(MP1,OverwiewSecondStage!$B$1:$H$33,7,FALSE) -> 0.041666667 | NL2: =VLOOKUP(NL1,OverwiewSecondStage!$B$1:$H$33,7,FALSE) -> 0.041666667 | OH2: =VLOOKUP(OH1,OverwiewSecondStage!$B$1:$H$33,7,FALSE) -> 0.041666667 | PD2: =VLOOKUP(PD1,OverwiewSecondStage!$B$1:$H$33,7,FALSE) -> 0.041666667 | PZ2: =VLOOKUP(PZ1,OverwiewSecondStage!$B$1:$H$33,7,FALSE) -> 0.041666667 | QV2: =VLOOKUP(QV1,OverwiewSecondStage!$B$1:$H$33,7,FALSE) -> 0.041666667 | RR2: =VLOOKUP(RR1,OverwiewSecondStage!$B$1:$H$33,7,FALSE) -> 0.041666667 | SN2: =VLOOKUP(SN1,OverwiewSecondStage!$B$1:$H$33,7,FALSE) -> 0.041666667 | TJ2: =VLOOKUP(TJ1,OverwiewSecondStage!$B$1:$H$33,7,FALSE) -> 0.041666667 | UF2: =VLOOKUP(UF1,OverwiewSecondStage!$B$1:$H$33,7,FALSE) -> 0.041666667 | VB2: =VLOOKUP(VB1,OverwiewSecondStage!$B$1:$H$33,7,FALSE) -> 0.041666667 | VX2: =VLOOKUP(VX1,OverwiewSecondStage!$B$1:$H$33,7,FALSE) -> 0.041666667 | WT2: =VLOOKUP(WT1,OverwiewSecondStage!$B$1:$H$33,7,FALSE) -> 0.041666667 | XP2: =VLOOKUP(XP1,OverwiewSecondStage!$B$1:$H$33,7,FALSE) -> 0.041666667 | YL2: =VLOOKUP(YL1,OverwiewSecondStage!$B$1:$H$33,7,FALSE) -> 0.041666667 | ZH2: =VLOOKUP(ZH1,OverwiewSecondStage!$B$1:$H$33,7,FALSE) -> 0.041666667
B3: gas or mix | M3: pure hydrogen | X3: gas or mix | AI3: pure hydrogen | AT3: gas or mix | BE3: pure hydrogen | BP3: gas or mix | CA3: pure hydrogen | CL3: gas or mix | CW3: pure hydrogen | DH3: gas or mix | DS3: pure hydrogen | ED3: gas or mix | EO3: pure hydrogen | EZ3: gas or mix | FK3: pure hydrogen | FV3: gas or mix | GG3: pure hydrogen | GR3: gas or mix | HC3: pure hydrogen | HN3: gas or mix | HY3: pure hydrogen | IJ3: gas or mix | IU3: pure hydrogen | JF3: gas or mix | JQ3: pure hydrogen | KB3: gas or mix | KM3: pure hydrogen | KX3: gas or mix | LI3: pure hydrogen | LT3: gas or mix | ME3: pure hydrogen | MP3: gas or mix | NA3: pure hydrogen | NL3: gas or mix | NW3: pure hydrogen | OH3: gas or mix | OS3: pure hydrogen | PD3: gas or mix | PO3: pure hydrogen | PZ3: gas or mix | QK3: pure hydrogen | QV3: gas or mix | RG3: pure hydrogen | RR3: gas or mix | SC3: pure hydrogen | SN3: gas or mix | SY3: pure hydrogen | TJ3: gas or mix | TU3: pure hydrogen | UF3: gas or mix | UQ3: pure hydrogen | VB3: gas or mix | VM3: pure hydrogen | VX3: gas or mix | WI3: pure hydrogen | WT3: gas or mix | XE3: pure hydrogen | XP3: gas or mix | YA3: pure hydrogen | YL3: gas or mix | YW3: pure hydrogen | ZH3: gas or mix | ZS3: pure hydrogen
A4: Hour | B4: ST.FERGUS | C4: EASINGTON | D4: TEESSIDE | E4: Emden Industry | F4: Emden Consumers | G4: Dornum Industry | H4: Dornum Consumers | I4: Zeebrugge Industry | J4: Zeebrugge Consumers | K4: DUNKERQUE | L4: POLAND | M4: ST.FERGUS | N4: EASINGTON | O4: TEESSIDE | P4: Emden Industry | Q4: Emden Consumers | R4: Dornum Industry | S4: Dornum Consumers | T4: Zeebrugge Industry | U4: Zeebrugge Consumers | V4: DUNKERQUE | W4: POLAND | X4: ST.FERGUS | Y4: EASINGTON | Z4: TEESSIDE | AA4: Emden Industry | AB4: Emden Consumers | AC4: Dornum Industry | AD4: Dornum Consumers | AE4: Zeebrugge Industry | AF4: Zeebrugge Consumers | AG4: DUNKERQUE | AH4: POLAND | AI4: ST.FERGUS | AJ4: EASINGTON | AK4: TEESSIDE | AL4: Emden Industry | AM4: Emden Consumers | AN4: Dornum Industry | AO4: Dornum Consumers | AP4: Zeebrugge Industry | AQ4: Zeebrugge Consumers | AR4: DUNKERQUE | AS4: POLAND | AT4: ST.FERGUS | AU4: EASINGTON | AV4: TEESSIDE | AW4: Emden Industry | AX4: Emden Consumers | AY4: Dornum Industry | AZ4: Dornum Consumers | BA4: Zeebrugge Industry | BB4: Zeebrugge Consumers | BC4: DUNKERQUE | BD4: POLAND | BE4: ST.FERGUS | BF4: EASINGTON | BG4: TEESSIDE | BH4: Emden Industry | BI4: Emden Consumers | BJ4: Dornum Industry | BK4: Dornum Consumers | BL4: Zeebrugge Industry | BM4: Zeebrugge Consumers | BN4: DUNKERQUE | BO4: POLAND | BP4: ST.FERGUS | BQ4: EASINGTON | BR4: TEESSIDE | BS4: Emden Industry | BT4: Emden Consumers | BU4: Dornum Industry | BV4: Dornum Consumers | BW4: Zeebrugge Industry | BX4: Zeebrugge Consumers | BY4: DUNKERQUE | BZ4: POLAND | CA4: ST.FERGUS | CB4: EASINGTON | CC4: TEESSIDE | CD4: Emden Industry | CE4: Emden Consumers | CF4: Dornum Industry | CG4: Dornum Consumers | CH4: Zeebrugge Industry | CI4: Zeebrugge Consumers | CJ4: DUNKERQUE | CK4: POLAND | CL4: ST.FERGUS | CM4: EASINGTON | CN4: TEESSIDE | CO4: Emden Industry | CP4: Emden Consumers | CQ4: Dornum Industry | CR4: Dornum Consumers | CS4: Zeebrugge Industry | CT4: Zeebrugge Consumers | CU4: DUNKERQUE | CV4: POLAND | CW4: ST.FERGUS | CX4: EASINGTON | CY4: TEESSIDE | CZ4: Emden Industry | DA4: Emden Consumers | DB4: Dornum Industry | DC4: Dornum Consumers | DD4: Zeebrugge Industry | DE4: Zeebrugge Consumers | DF4: DUNKERQUE | DG4: POLAND | DH4: ST.FERGUS | DI4: EASINGTON | DJ4: TEESSIDE | DK4: Emden Industry | DL4: Emden Consumers | DM4: Dornum Industry | DN4: Dornum Consumers | DO4: Zeebrugge Industry | DP4: Zeebrugge Consumers | DQ4: DUNKERQUE | DR4: POLAND | DS4: ST.FERGUS | DT4: EASINGTON | DU4: TEESSIDE | DV4: Emden Industry | DW4: Emden Consumers | DX4: Dornum Industry | DY4: Dornum Consumers | DZ4: Zeebrugge Industry | EA4: Zeebrugge Consumers | EB4: DUNKERQUE | EC4: POLAND | ED4: ST.FERGUS | EE4: EASINGTON | EF4: TEESSIDE | EG4: Emden Industry | EH4: Emden Consumers | EI4: Dornum Industry | EJ4: Dornum Consumers | EK4: Zeebrugge Industry | EL4: Zeebrugge Consumers | EM4: DUNKERQUE | EN4: POLAND | EO4: ST.FERGUS | EP4: EASINGTON | EQ4: TEESSIDE | ER4: Emden Industry | ES4: Emden Consumers | ET4: Dornum Industry | EU4: Dornum Consumers | EV4: Zeebrugge Industry | EW4: Zeebrugge Consumers | EX4: DUNKERQUE | EY4: POLAND | EZ4: ST.FERGUS | FA4: EASINGTON | FB4: TEESSIDE | FC4: Emden Industry | FD4: Emden Consumers | FE4: Dornum Industry | FF4: Dornum Consumers | FG4: Zeebrugge Industry | FH4: Zeebrugge Consumers | FI4: DUNKERQUE | FJ4: POLAND | FK4: ST.FERGUS | FL4: EASINGTON | FM4: TEESSIDE | FN4: Emden Industry | FO4: Emden Consumers | FP4: Dornum Industry | FQ4: Dornum Consumers | FR4: Zeebrugge Industry | FS4: Zeebrugge Consumers | FT4: DUNKERQUE | FU4: POLAND | FV4: ST.FERGUS | FW4: EASINGTON | FX4: TEESSIDE | FY4: Emden Industry | FZ4: Emden Consumers | GA4: Dornum Industry | GB4: Dornum Consumers | GC4: Zeebrugge Industry | GD4: Zeebrugge Consumers | GE4: DUNKERQUE | GF4: POLAND | GG4: ST.FERGUS | GH4: EASINGTON | GI4: TEESSIDE | GJ4: Emden Industry | GK4: Emden Consumers | GL4: Dornum Industry | GM4: Dornum Consumers | GN4: Zeebrugge Industry | GO4: Zeebrugge Consumers | GP4: DUNKERQUE | GQ4: POLAND | GR4: ST.FERGUS | GS4: EASINGTON | GT4: TEESSIDE | GU4: Emden Industry | GV4: Emden Consumers | GW4: Dornum Industry | GX4: Dornum Consumers | GY4: Zeebrugge Industry | GZ4: Zeebrugge Consumers | HA4: DUNKERQUE | HB4: POLAND | HC4: ST.FERGUS | HD4: EASINGTON | HE4: TEESSIDE | HF4: Emden Industry | HG4: Emden Consumers | HH4: Dornum Industry | HI4: Dornum Consumers | HJ4: Zeebrugge Industry | HK4: Zeebrugge Consumers | HL4: DUNKERQUE | HM4: POLAND | HN4: ST.FERGUS | HO4: EASINGTON | HP4: TEESSIDE | HQ4: Emden Industry | HR4: Emden Consumers | HS4: Dornum Industry | HT4: Dornum Consumers | HU4: Zeebrugge Industry | HV4: Zeebrugge Consumers | HW4: DUNKERQUE | HX4: POLAND | HY4: ST.FERGUS | HZ4: EASINGTON | IA4: TEESSIDE | IB4: Emden Industry | IC4: Emden Consumers | ID4: Dornum Industry | IE4: Dornum Consumers | IF4: Zeebrugge Industry | IG4: Zeebrugge Consumers | IH4: DUNKERQUE | II4: POLAND | IJ4: ST.FERGUS | IK4: EASINGTON | IL4: TEESSIDE | IM4: Emden Industry | IN4: Emden Consumers | IO4: Dornum Industry | IP4: Dornum Consumers | IQ4: Zeebrugge Industry | IR4: Zeebrugge Consumers | IS4: DUNKERQUE | IT4: POLAND | IU4: ST.FERGUS | IV4: EASINGTON | IW4: TEESSIDE | IX4: Emden Industry | IY4: Emden Consumers | IZ4: Dornum Industry | JA4: Dornum Consumers | JB4: Zeebrugge Industry | JC4: Zeebrugge Consumers | JD4: DUNKERQUE | JE4: POLAND | JF4: ST.FERGUS | JG4: EASINGTON | JH4: TEESSIDE | JI4: Emden Industry | JJ4: Emden Consumers | JK4: Dornum Industry | JL4: Dornum Consumers | JM4: Zeebrugge Industry | JN4: Zeebrugge Consumers | JO4: DUNKERQUE | JP4: POLAND | JQ4: ST.FERGUS | JR4: EASINGTON | JS4: TEESSIDE | JT4: Emden Industry | JU4: Emden Consumers | JV4: Dornum Industry | JW4: Dornum Consumers | JX4: Zeebrugge Industry | JY4: Zeebrugge Consumers | JZ4: DUNKERQUE | KA4: POLAND | KB4: ST.FERGUS | KC4: EASINGTON | KD4: TEESSIDE | KE4: Emden Industry | KF4: Emden Consumers | KG4: Dornum Industry | KH4: Dornum Consumers | KI4: Zeebrugge Industry | KJ4: Zeebrugge Consumers | KK4: DUNKERQUE | KL4: POLAND | KM4: ST.FERGUS | KN4: EASINGTON | KO4: TEESSIDE | KP4: Emden Industry | KQ4: Emden Consumers | KR4: Dornum Industry | KS4: Dornum Consumers | KT4: Zeebrugge Industry | KU4: Zeebrugge Consumers | KV4: DUNKERQUE | KW4: POLAND | KX4: ST.FERGUS | KY4: EASINGTON | KZ4: TEESSIDE | LA4: Emden Industry | LB4: Emden Consumers | LC4: Dornum Industry | LD4: Dornum Consumers | LE4: Zeebrugge Industry | LF4: Zeebrugge Consumers | LG4: DUNKERQUE | LH4: POLAND | LI4: ST.FERGUS | LJ4: EASINGTON | LK4: TEESSIDE | LL4: Emden Industry | LM4: Emden Consumers | LN4: Dornum Industry | LO4: Dornum Consumers | LP4: Zeebrugge Industry | LQ4: Zeebrugge Consumers | LR4: DUNKERQUE | LS4: POLAND | LT4: ST.FERGUS | LU4: EASINGTON | LV4: TEESSIDE | LW4: Emden Industry | LX4: Emden Consumers | LY4: Dornum Industry | LZ4: Dornum Consumers | MA4: Zeebrugge Industry | MB4: Zeebrugge Consumers | MC4: DUNKERQUE | MD4: POLAND | ME4: ST.FERGUS | MF4: EASINGTON | MG4: TEESSIDE | MH4: Emden Industry | MI4: Emden Consumers | MJ4: Dornum Industry | MK4: Dornum Consumers | ML4: Zeebrugge Industry | MM4: Zeebrugge Consumers | MN4: DUNKERQUE | MO4: POLAND | MP4: ST.FERGUS | MQ4: EASINGTON | MR4: TEESSIDE | MS4: Emden Industry | MT4: Emden Consumers | MU4: Dornum Industry | MV4: Dornum Consumers | MW4: Zeebrugge Industry | MX4: Zeebrugge Consumers | MY4: DUNKERQUE | MZ4: POLAND | NA4: ST.FERGUS | NB4: EASINGTON | NC4: TEESSIDE | ND4: Emden Industry | NE4: Emden Consumers | NF4: Dornum Industry | NG4: Dornum Consumers | NH4: Zeebrugge Industry | NI4: Zeebrugge Consumers | NJ4: DUNKERQUE | NK4: POLAND | NL4: ST.FERGUS | NM4: EASINGTON | NN4: TEESSIDE | NO4: Emden Industry | NP4: Emden Consumers | NQ4: Dornum Industry | NR4: Dornum Consumers | NS4: Zeebrugge Industry | NT4: Zeebrugge Consumers | NU4: DUNKERQUE | NV4: POLAND | NW4: ST.FERGUS | NX4: EASINGTON | NY4: TEESSIDE | NZ4: Emden Industry | OA4: Emden Consumers | OB4: Dornum Industry | OC4: Dornum Consumers | OD4: Zeebrugge Industry | OE4: Zeebrugge Consumers | OF4: DUNKERQUE | OG4: POLAND | OH4: ST.FERGUS | OI4: EASINGTON | OJ4: TEESSIDE | OK4: Emden Industry | OL4: Emden Consumers | OM4: Dornum Industry | ON4: Dornum Consumers | OO4: Zeebrugge Industry | OP4: Zeebrugge Consumers | OQ4: DUNKERQUE | OR4: POLAND | OS4: ST.FERGUS | OT4: EASINGTON | OU4: TEESSIDE | OV4: Emden Industry | OW4: Emden Consumers | OX4: Dornum Industry | OY4: Dornum Consumers | OZ4: Zeebrugge Industry | PA4: Zeebrugge Consumers | PB4: DUNKERQUE | PC4: POLAND | PD4: ST.FERGUS | PE4: EASINGTON | PF4: TEESSIDE | PG4: Emden Industry | PH4: Emden Consumers | PI4: Dornum Industry | PJ4: Dornum Consumers | PK4: Zeebrugge Industry | PL4: Zeebrugge Consumers | PM4: DUNKERQUE | PN4: POLAND | PO4: ST.FERGUS | PP4: EASINGTON | PQ4: TEESSIDE | PR4: Emden Industry | PS4: Emden Consumers | PT4: Dornum Industry | PU4: Dornum Consumers | PV4: Zeebrugge Industry | PW4: Zeebrugge Consumers | PX4: DUNKERQUE | PY4: POLAND | PZ4: ST.FERGUS | QA4: EASINGTON | QB4: TEESSIDE | QC4: Emden Industry | QD4: Emden Consumers | QE4: Dornum Industry | QF4: Dornum Consumers | QG4: Zeebrugge Industry | QH4: Zeebrugge Consumers | QI4: DUNKERQUE | QJ4: POLAND | QK4: ST.FERGUS | QL4: EASINGTON | QM4: TEESSIDE | QN4: Emden Industry | QO4: Emden Consumers | QP4: Dornum Industry | QQ4: Dornum Consumers | QR4: Zeebrugge Industry | QS4: Zeebrugge Consumers | QT4: DUNKERQUE | QU4: POLAND | QV4: ST.FERGUS | QW4: EASINGTON | QX4: TEESSIDE | QY4: Emden Industry | QZ4: Emden Consumers | RA4: Dornum Industry | RB4: Dornum Consumers | RC4: Zeebrugge Industry | RD4: Zeebrugge Consumers | RE4: DUNKERQUE | RF4: POLAND | RG4: ST.FERGUS | RH4: EASINGTON | RI4: TEESSIDE | RJ4: Emden Industry | RK4: Emden Consumers | RL4: Dornum Industry | RM4: Dornum Consumers | RN4: Zeebrugge Industry | RO4: Zeebrugge Consumers | RP4: DUNKERQUE | RQ4: POLAND | RR4: ST.FERGUS | RS4: EASINGTON | RT4: TEESSIDE | RU4: Emden Industry | RV4: Emden Consumers | RW4: Dornum Industry | RX4: Dornum Consumers | RY4: Zeebrugge Industry | RZ4: Zeebrugge Consumers | SA4: DUNKERQUE | SB4: POLAND | SC4: ST.FERGUS | SD4: EASINGTON | SE4: TEESSIDE | SF4: Emden Industry | SG4: Emden Consumers | SH4: Dornum Industry | SI4: Dornum Consumers | SJ4: Zeebrugge Industry | SK4: Zeebrugge Consumers | SL4: DUNKERQUE | SM4: POLAND | SN4: ST.FERGUS | SO4: EASINGTON | SP4: TEESSIDE | SQ4: Emden Industry | SR4: Emden Consumers | SS4: Dornum Industry | ST4: Dornum Consumers | SU4: Zeebrugge Industry | SV4: Zeebrugge Consumers | SW4: DUNKERQUE | SX4: POLAND | SY4: ST.FERGUS | SZ4: EASINGTON | TA4: TEESSIDE | TB4: Emden Industry | TC4: Emden Consumers | TD4: Dornum Industry | TE4: Dornum Consumers | TF4: Zeebrugge Industry | TG4: Zeebrugge Consumers | TH4: DUNKERQUE | TI4: POLAND | TJ4: ST.FERGUS | TK4: EASINGTON | TL4: TEESSIDE | TM4: Emden Industry | TN4: Emden Consumers | TO4: Dornum Industry | TP4: Dornum Consumers | TQ4: Zeebrugge Industry | TR4: Zeebrugge Consumers | TS4: DUNKERQUE | TT4: POLAND | TU4: ST.FERGUS | TV4: EASINGTON | TW4: TEESSIDE | TX4: Emden Industry | TY4: Emden Consumers | TZ4: Dornum Industry | UA4: Dornum Consumers | UB4: Zeebrugge Industry | UC4: Zeebrugge Consumers | UD4: DUNKERQUE | UE4: POLAND | UF4: ST.FERGUS | UG4: EASINGTON | UH4: TEESSIDE | UI4: Emden Industry | UJ4: Emden Consumers | UK4: Dornum Industry | UL4: Dornum Consumers | UM4: Zeebrugge Industry | UN4: Zeebrugge Consumers | UO4: DUNKERQUE | UP4: POLAND | UQ4: ST.FERGUS | UR4: EASINGTON | US4: TEESSIDE | UT4: Emden Industry | UU4: Emden Consumers | UV4: Dornum Industry | UW4: Dornum Consumers | UX4: Zeebrugge Industry | UY4: Zeebrugge Consumers | UZ4: DUNKERQUE | VA4: POLAND | VB4: ST.FERGUS | VC4: EASINGTON | VD4: TEESSIDE | VE4: Emden Industry | VF4: Emden Consumers | VG4: Dornum Industry | VH4: Dornum Consumers | VI4: Zeebrugge Industry | VJ4: Zeebrugge Consumers | VK4: DUNKERQUE | VL4: POLAND | VM4: ST.FERGUS | VN4: EASINGTON | VO4: TEESSIDE | VP4: Emden Industry | VQ4: Emden Consumers | VR4: Dornum Industry | VS4: Dornum Consumers | VT4: Zeebrugge Industry | VU4: Zeebrugge Consumers | VV4: DUNKERQUE | VW4: POLAND | VX4: ST.FERGUS | VY4: EASINGTON | VZ4: TEESSIDE | WA4: Emden Industry | WB4: Emden Consumers | WC4: Dornum Industry | WD4: Dornum Consumers | WE4: Zeebrugge Industry | WF4: Zeebrugge Consumers | WG4: DUNKERQUE | WH4: POLAND | WI4: ST.FERGUS | WJ4: EASINGTON | WK4: TEESSIDE | WL4: Emden Industry | WM4: Emden Consumers | WN4: Dornum Industry | WO4: Dornum Consumers | WP4: Zeebrugge Industry | WQ4: Zeebrugge Consumers | WR4: DUNKERQUE | WS4: POLAND | WT4: ST.FERGUS | WU4: EASINGTON | WV4: TEESSIDE | WW4: Emden Industry | WX4: Emden Consumers | WY4: Dornum Industry | WZ4: Dornum Consumers | XA4: Zeebrugge Industry | XB4: Zeebrugge Consumers | XC4: DUNKERQUE | XD4: POLAND | XE4: ST.FERGUS | XF4: EASINGTON | XG4: TEESSIDE | XH4: Emden Industry | XI4: Emden Consumers | XJ4: Dornum Industry | XK4: Dornum Consumers | XL4: Zeebrugge Industry | XM4: Zeebrugge Consumers | XN4: DUNKERQUE | XO4: POLAND | XP4: ST.FERGUS | XQ4: EASINGTON | XR4: TEESSIDE | XS4: Emden Industry | XT4: Emden Consumers | XU4: Dornum Industry | XV4: Dornum Consumers | XW4: Zeebrugge Industry | XX4: Zeebrugge Consumers | XY4: DUNKERQUE | XZ4: POLAND | YA4: ST.FERGUS | YB4: EASINGTON | YC4: TEESSIDE | YD4: Emden Industry | YE4: Emden Consumers | YF4: Dornum Industry | YG4: Dornum Consumers | YH4: Zeebrugge Industry | YI4: Zeebrugge Consumers | YJ4: DUNKERQUE | YK4: POLAND | YL4: ST.FERGUS | YM4: EASINGTON | YN4: TEESSIDE | YO4: Emden Industry | YP4: Emden Consumers | YQ4: Dornum Industry | YR4: Dornum Consumers | YS4: Zeebrugge Industry | YT4: Zeebrugge Consumers | YU4: DUNKERQUE | YV4: POLAND | YW4: ST.FERGUS | YX4: EASINGTON | YY4: TEESSIDE | YZ4: Emden Industry | ZA4: Emden Consumers | ZB4: Dornum Industry | ZC4: Dornum Consumers | ZD4: Zeebrugge Industry | ZE4: Zeebrugge Consumers | ZF4: DUNKERQUE | ZG4: POLAND | ZH4: ST.FERGUS | ZI4: EASINGTON | ZJ4: TEESSIDE | ZK4: Emden Industry | ZL4: Emden Consumers | ZM4: Dornum Industry | ZN4: Dornum Consumers | ZO4: Zeebrugge Industry | ZP4: Zeebrugge Consumers | ZQ4: DUNKERQUE | ZR4: POLAND | ZS4: ST.FERGUS | ZT4: EASINGTON | ZU4: TEESSIDE | ZV4: Emden Industry | ZW4: Emden Consumers | ZX4: Dornum Industry | ZY4: Dornum Consumers | ZZ4: Zeebrugge Industry | AAA4: Zeebrugge Consumers | AAB4: DUNKERQUE | AAC4: POLAND
A5: 0 | B5: =B31+$B43 -> 12.5 | C5: =C31+$C43 -> 12.5 | D5: =D31+$D43 -> 12.5 | E5: =E31+$E43 -> 25 | F5: =F31+$F43 -> 25 | G5: =G31+$G43 -> 25 | H5: =H31+$H43 -> 25 | I5: =I31+$I43 -> 25 | J5: =J31+$J43 -> 25 | K5: =K31+$K43 -> 50 | L5: =L31+$L43 -> 25 | M5: 0 | N5: 0 | O5: 0 | P5: 0 | Q5: 0 | R5: 0 | S5: 0 | T5: 0 | U5: 0 | V5: 0 | W5: 0 | X5: =X31+$B43 -> 12.5 | Y5: =Y31+$C43 -> 12.5 | Z5: =Z31+$D43 -> 12.5 | AA5: =AA31+$E43 -> 25 | AB5: =AB31+$F43 -> 25 | AC5: =AC31+$G43 -> 25 | AD5: =AD31+$H43 -> 25 | AE5: =AE31+$I43 -> 25 | AF5: =AF31+$J43 -> 25 | AG5: =AG31+$K43 -> 50 | AH5: =AH31+$L43 -> 25 | AI5: 0 | AJ5: 0 | AK5: 0 | AL5: 0 | AM5: 0 | AN5: 0 | AO5: 0 | AP5: 0 | AQ5: 0 | AR5: 0 | AS5: 0 | AT5: =AT31+$B43 -> 12.5 | AU5: =AU31+$C43 -> 12.5 | AV5: =AV31+$D43 -> 12.5 | AW5: =AW31+$E43 -> 25 | AX5: =AX31+$F43 -> 25 | AY5: =AY31+$G43 -> 25 | AZ5: =AZ31+$H43 -> 25 | BA5: =BA31+$I43 -> 25 | BB5: =BB31+$J43 -> 25 | BC5: =BC31+$K43 -> 50 | BD5: =BD31+$L43 -> 25 | BE5: 0 | BF5: 0 | BG5: 0 | BH5: 0 | BI5: 0 | BJ5: 0 | BK5: 0 | BL5: 0 | BM5: 0 | BN5: 0 | BO5: 0 | BP5: =BP31+$B43 -> 12.5 | BQ5: =BQ31+$C43 -> 12.5 | BR5: =BR31+$D43 -> 12.5 | BS5: =BS31+$E43 -> 25 | BT5: =BT31+$F43 -> 25 | BU5: =BU31+$G43 -> 25 | BV5: =BV31+$H43 -> 25 | BW5: =BW31+$I43 -> 25 | BX5: =BX31+$J43 -> 25 | BY5: =BY31+$K43 -> 50 | BZ5: =BZ31+$L43 -> 25 | CA5: 0 | CB5: 0 | CC5: 0 | CD5: 0 | CE5: 0 | CF5: 0 | CG5: 0 | CH5: 0 | CI5: 0 | CJ5: 0 | CK5: 0 | CL5: =CL31+$B43 -> 12.5 | CM5: =CM31+$C43 -> 12.5 | CN5: =CN31+$D43 -> 12.5 | CO5: =CO31+$E43 -> 25 | CP5: =CP31+$F43 -> 25 | CQ5: =CQ31+$G43 -> 25 | CR5: =CR31+$H43 -> 25 | CS5: =CS31+$I43 -> 25 | CT5: =CT31+$J43 -> 25 | CU5: =CU31+$K43 -> 50 | CV5: =CV31+$L43 -> 25 | CW5: 0 | CX5: 0 | CY5: 0 | CZ5: 0 | DA5: 0 | DB5: 0 | DC5: 0 | DD5: 0 | DE5: 0 | DF5: 0 | DG5: 0 | DH5: =DH31+$B43 -> 12.5 | DI5: =DI31+$C43 -> 12.5 | DJ5: =DJ31+$D43 -> 12.5 | DK5: =DK31+$E43 -> 25 | DL5: =DL31+$F43 -> 25 | DM5: =DM31+$G43 -> 25 | DN5: =DN31+$H43 -> 25 | DO5: =DO31+$I43 -> 25 | DP5: =DP31+$J43 -> 25 | DQ5: =DQ31+$K43 -> 50 | DR5: =DR31+$L43 -> 25 | DS5: 0 | DT5: 0 | DU5: 0 | DV5: 0 | DW5: 0 | DX5: 0 | DY5: 0 | DZ5: 0 | EA5: 0 | EB5: 0 | EC5: 0 | ED5: =ED31+$B43 -> 12.5 | EE5: =EE31+$C43 -> 12.5 | EF5: =EF31+$D43 -> 12.5 | EG5: =EG31+$E43 -> 25 | EH5: =EH31+$F43 -> 25 | EI5: =EI31+$G43 -> 25 | EJ5: =EJ31+$H43 -> 25 | EK5: =EK31+$I43 -> 25 | EL5: =EL31+$J43 -> 25 | EM5: =EM31+$K43 -> 50 | EN5: =EN31+$L43 -> 25 | EO5: 0 | EP5: 0 | EQ5: 0 | ER5: 0 | ES5: 0 | ET5: 0 | EU5: 0 | EV5: 0 | EW5: 0 | EX5: 0 | EY5: 0 | EZ5: =EZ31+$B43 -> 12.5 | FA5: =FA31+$C43 -> 12.5 | FB5: =FB31+$D43 -> 12.5 | FC5: =FC31+$E43 -> 25 | FD5: =FD31+$F43 -> 25 | FE5: =FE31+$G43 -> 25 | FF5: =FF31+$H43 -> 25 | FG5: =FG31+$I43 -> 25 | FH5: =FH31+$J43 -> 25 | FI5: =FI31+$K43 -> 50 | FJ5: =FJ31+$L43 -> 25 | FK5: 0 | FL5: 0 | FM5: 0 | FN5: 0 | FO5: 0 | FP5: 0 | FQ5: 0 | FR5: 0 | FS5: 0 | FT5: 0 | FU5: 0 | FV5: =FV31+$B43 -> 12.5 | FW5: =FW31+$C43 -> 12.5 | FX5: =FX31+$D43 -> 12.5 | FY5: =FY31+$E43 -> 25 | FZ5: =FZ31+$F43 -> 25 | GA5: =GA31+$G43 -> 25 | GB5: =GB31+$H43 -> 25 | GC5: =GC31+$I43 -> 25 | GD5: =GD31+$J43 -> 25 | GE5: =GE31+$K43 -> 50 | GF5: =GF31+$L43 -> 25 | GG5: 0 | GH5: 0 | GI5: 0 | GJ5: 0 | GK5: 0 | GL5: 0 | GM5: 0 | GN5: 0 | GO5: 0 | GP5: 0 | GQ5: 0 | GR5: =GR31+$B43 -> 12.5 | GS5: =GS31+$C43 -> 12.5 | GT5: =GT31+$D43 -> 12.5 | GU5: =GU31+$E43 -> 25 | GV5: =GV31+$F43 -> 25 | GW5: =GW31+$G43 -> 25 | GX5: =GX31+$H43 -> 25 | GY5: =GY31+$I43 -> 25 | GZ5: =GZ31+$J43 -> 25 | HA5: =HA31+$K43 -> 50 | HB5: =HB31+$L43 -> 25 | HC5: 0 | HD5: 0 | HE5: 0 | HF5: 0 | HG5: 0 | HH5: 0 | HI5: 0 | HJ5: 0 | HK5: 0 | HL5: 0 | HM5: 0 | HN5: =HN31+$B43 -> 12.5 | HO5: =HO31+$C43 -> 12.5 | HP5: =HP31+$D43 -> 12.5 | HQ5: =HQ31+$E43 -> 25 | HR5: =HR31+$F43 -> 25 | HS5: =HS31+$G43 -> 25 | HT5: =HT31+$H43 -> 25 | HU5: =HU31+$I43 -> 25 | HV5: =HV31+$J43 -> 25 | HW5: =HW31+$K43 -> 50 | HX5: =HX31+$L43 -> 25 | HY5: 0 | HZ5: 0 | IA5: 0 | IB5: 0 | IC5: 0 | ID5: 0 | IE5: 0 | IF5: 0 | IG5: 0 | IH5: 0 | II5: 0 | IJ5: =IJ31+$B43 -> 12.5 | IK5: =IK31+$C43 -> 12.5 | IL5: =IL31+$D43 -> 12.5 | IM5: =IM31+$E43 -> 25 | IN5: =IN31+$F43 -> 25 | IO5: =IO31+$G43 -> 25 | IP5: =IP31+$H43 -> 25 | IQ5: =IQ31+$I43 -> 25 | IR5: =IR31+$J43 -> 25 | IS5: =IS31+$K43 -> 50 | IT5: =IT31+$L43 -> 25 | IU5: 0 | IV5: 0 | IW5: 0 | IX5: 0 | IY5: 0 | IZ5: 0 | JA5: 0 | JB5: 0 | JC5: 0 | JD5: 0 | JE5: 0 | JF5: =JF31+$B43 -> 12.5 | JG5: =JG31+$C43 -> 12.5 | JH5: =JH31+$D43 -> 12.5 | JI5: =JI31+$E43 -> 25 | JJ5: =JJ31+$F43 -> 25 | JK5: =JK31+$G43 -> 25 | JL5: =JL31+$H43 -> 25 | JM5: =JM31+$I43 -> 25 | JN5: =JN31+$J43 -> 25 | JO5: =JO31+$K43 -> 50 | JP5: =JP31+$L43 -> 25 | JQ5: 0 | JR5: 0 | JS5: 0 | JT5: 0 | JU5: 0 | JV5: 0 | JW5: 0 | JX5: 0 | JY5: 0 | JZ5: 0 | KA5: 0 | KB5: =KB31+$B43 -> 12.5 | KC5: =KC31+$C43 -> 12.5 | KD5: =KD31+$D43 -> 12.5 | KE5: =KE31+$E43 -> 25 | KF5: =KF31+$F43 -> 25 | KG5: =KG31+$G43 -> 25 | KH5: =KH31+$H43 -> 25 | KI5: =KI31+$I43 -> 25 | KJ5: =KJ31+$J43 -> 25 | KK5: =KK31+$K43 -> 50 | KL5: =KL31+$L43 -> 25 | KM5: 0 | KN5: 0 | KO5: 0 | KP5: 0 | KQ5: 0 | KR5: 0 | KS5: 0 | KT5: 0 | KU5: 0 | KV5: 0 | KW5: 0 | KX5: =KX31+$B43 -> 12.5 | KY5: =KY31+$C43 -> 12.5 | KZ5: =KZ31+$D43 -> 12.5 | LA5: =LA31+$E43 -> 25 | LB5: =LB31+$F43 -> 25 | LC5: =LC31+$G43 -> 25 | LD5: =LD31+$H43 -> 25 | LE5: =LE31+$I43 -> 25 | LF5: =LF31+$J43 -> 25 | LG5: =LG31+$K43 -> 50 | LH5: =LH31+$L43 -> 25 | LI5: 0 | LJ5: 0 | LK5: 0 | LL5: 0 | LM5: 0 | LN5: 0 | LO5: 0 | LP5: 0 | LQ5: 0 | LR5: 0 | LS5: 0 | LT5: =LT31+$B43 -> 12.5 | LU5: =LU31+$C43 -> 12.5 | LV5: =LV31+$D43 -> 12.5 | LW5: =LW31+$E43 -> 25 | LX5: =LX31+$F43 -> 25 | LY5: =LY31+$G43 -> 25 | LZ5: =LZ31+$H43 -> 25 | MA5: =MA31+$I43 -> 25 | MB5: =MB31+$J43 -> 25 | MC5: =MC31+$K43 -> 50 | MD5: =MD31+$L43 -> 25 | ME5: 0 | MF5: 0 | MG5: 0 | MH5: 0 | MI5: 0 | MJ5: 0 | MK5: 0 | ML5: 0 | MM5: 0 | MN5: 0 | MO5: 0 | MP5: =MP31+$B43 -> 12.5 | MQ5: =MQ31+$C43 -> 12.5 | MR5: =MR31+$D43 -> 12.5 | MS5: =MS31+$E43 -> 25 | MT5: =MT31+$F43 -> 25 | MU5: =MU31+$G43 -> 25 | MV5: =MV31+$H43 -> 25 | MW5: =MW31+$I43 -> 25 | MX5: =MX31+$J43 -> 25 | MY5: =MY31+$K43 -> 50 | MZ5: =MZ31+$L43 -> 25 | NA5: 0 | NB5: 0 | NC5: 0 | ND5: 0 | NE5: 0 | NF5: 0 | NG5: 0 | NH5: 0 | NI5: 0 | NJ5: 0 | NK5: 0 | NL5: =NL31+$B43 -> 12.5 | NM5: =NM31+$C43 -> 12.5 | NN5: =NN31+$D43 -> 12.5 | NO5: =NO31+$E43 -> 25 | NP5: =NP31+$F43 -> 25 | NQ5: =NQ31+$G43 -> 25 | NR5: =NR31+$H43 -> 25 | NS5: =NS31+$I43 -> 25 | NT5: =NT31+$J43 -> 25 | NU5: =NU31+$K43 -> 50 | NV5: =NV31+$L43 -> 25 | NW5: 0 | NX5: 0 | NY5: 0 | NZ5: 0 | OA5: 0 | OB5: 0 | OC5: 0 | OD5: 0 | OE5: 0 | OF5: 0 | OG5: 0 | OH5: =OH31+$B43 -> 12.5 | OI5: =OI31+$C43 -> 12.5 | OJ5: =OJ31+$D43 -> 12.5 | OK5: =OK31+$E43 -> 25 | OL5: =OL31+$F43 -> 25 | OM5: =OM31+$G43 -> 25 | ON5: =ON31+$H43 -> 25 | OO5: =OO31+$I43 -> 25 | OP5: =OP31+$J43 -> 25 | OQ5: =OQ31+$K43 -> 50 | OR5: =OR31+$L43 -> 25 | OS5: 0 | OT5: 0 | OU5: 0 | OV5: 0 | OW5: 0 | OX5: 0 | OY5: 0 | OZ5: 0 | PA5: 0 | PB5: 0 | PC5: 0 | PD5: =PD31+$B43 -> 12.5 | PE5: =PE31+$C43 -> 12.5 | PF5: =PF31+$D43 -> 12.5 | PG5: =PG31+$E43 -> 25 | PH5: =PH31+$F43 -> 25 | PI5: =PI31+$G43 -> 25 | PJ5: =PJ31+$H43 -> 25 | PK5: =PK31+$I43 -> 25 | PL5: =PL31+$J43 -> 25 | PM5: =PM31+$K43 -> 50 | PN5: =PN31+$L43 -> 25 | PO5: 0 | PP5: 0 | PQ5: 0 | PR5: 0 | PS5: 0 | PT5: 0 | PU5: 0 | PV5: 0 | PW5: 0 | PX5: 0 | PY5: 0 | PZ5: =PZ31+$B43 -> 12.5 | QA5: =QA31+$C43 -> 12.5 | QB5: =QB31+$D43 -> 12.5 | QC5: =QC31+$E43 -> 25 | QD5: =QD31+$F43 -> 25 | QE5: =QE31+$G43 -> 25 | QF5: =QF31+$H43 -> 25 | QG5: =QG31+$I43 -> 25 | QH5: =QH31+$J43 -> 25 | QI5: =QI31+$K43 -> 50 | QJ5: =QJ31+$L43 -> 25 | QK5: 0 | QL5: 0 | QM5: 0 | QN5: 0 | QO5: 0 | QP5: 0 | QQ5: 0 | QR5: 0 | QS5: 0 | QT5: 0 | QU5: 0 | QV5: =QV31+$B43 -> 12.5 | QW5: =QW31+$C43 -> 12.5 | QX5: =QX31+$D43 -> 12.5 | QY5: =QY31+$E43 -> 25 | QZ5: =QZ31+$F43 -> 25 | RA5: =RA31+$G43 -> 25 | RB5: =RB31+$H43 -> 25 | RC5: =RC31+$I43 -> 25 | RD5: =RD31+$J43 -> 25 | RE5: =RE31+$K43 -> 50 | RF5: =RF31+$L43 -> 25 | RG5: 0 | RH5: 0 | RI5: 0 | RJ5: 0 | RK5: 0 | RL5: 0 | RM5: 0 | RN5: 0 | RO5: 0 | RP5: 0 | RQ5: 0 | RR5: =RR31+$B43 -> 12.5 | RS5: =RS31+$C43 -> 12.5 | RT5: =RT31+$D43 -> 12.5 | RU5: =RU31+$E43 -> 25 | RV5: =RV31+$F43 -> 25 | RW5: =RW31+$G43 -> 25 | RX5: =RX31+$H43 -> 25 | RY5: =RY31+$I43 -> 25 | RZ5: =RZ31+$J43 -> 25 | SA5: =SA31+$K43 -> 50 | SB5: =SB31+$L43 -> 25 | SC5: 0 | SD5: 0 | SE5: 0 | SF5: 0 | SG5: 0 | SH5: 0 | SI5: 0 | SJ5: 0 | SK5: 0 | SL5: 0 | SM5: 0 | SN5: =SN31+$B43 -> 12.5 | SO5: =SO31+$C43 -> 12.5 | SP5: =SP31+$D43 -> 12.5 | SQ5: =SQ31+$E43 -> 25 | SR5: =SR31+$F43 -> 25 | SS5: =SS31+$G43 -> 25 | ST5: =ST31+$H43 -> 25 | SU5: =SU31+$I43 -> 25 | SV5: =SV31+$J43 -> 25 | SW5: =SW31+$K43 -> 50 | SX5: =SX31+$L43 -> 25 | SY5: 0 | SZ5: 0 | TA5: 0 | TB5: 0 | TC5: 0 | TD5: 0 | TE5: 0 | TF5: 0 | TG5: 0 | TH5: 0 | TI5: 0 | TJ5: =TJ31+$B43 -> 12.5 | TK5: =TK31+$C43 -> 12.5 | TL5: =TL31+$D43 -> 12.5 | TM5: =TM31+$E43 -> 25 | TN5: =TN31+$F43 -> 25 | TO5: =TO31+$G43 -> 25 | TP5: =TP31+$H43 -> 25 | TQ5: =TQ31+$I43 -> 25 | TR5: =TR31+$J43 -> 25 | TS5: =TS31+$K43 -> 50 | TT5: =TT31+$L43 -> 25 | TU5: 0 | TV5: 0 | TW5: 0 | TX5: 0 | TY5: 0 | TZ5: 0 | UA5: 0 | UB5: 0 | UC5: 0 | UD5: 0 | UE5: 0 | UF5: =UF31+$B43 -> 12.5 | UG5: =UG31+$C43 -> 12.5 | UH5: =UH31+$D43 -> 12.5 | UI5: =UI31+$E43 -> 25 | UJ5: =UJ31+$F43 -> 25 | UK5: =UK31+$G43 -> 25 | UL5: =UL31+$H43 -> 25 | UM5: =UM31+$I43 -> 25 | UN5: =UN31+$J43 -> 25 | UO5: =UO31+$K43 -> 50 | UP5: =UP31+$L43 -> 25 | UQ5: 0 | UR5: 0 | US5: 0 | UT5: 0 | UU5: 0 | UV5: 0 | UW5: 0 | UX5: 0 | UY5: 0 | UZ5: 0 | VA5: 0 | VB5: =VB31+$B43 -> 12.5 | VC5: =VC31+$C43 -> 12.5 | VD5: =VD31+$D43 -> 12.5 | VE5: =VE31+$E43 -> 25 | VF5: =VF31+$F43 -> 25 | VG5: =VG31+$G43 -> 25 | VH5: =VH31+$H43 -> 25 | VI5: =VI31+$I43 -> 25 | VJ5: =VJ31+$J43 -> 25 | VK5: =VK31+$K43 -> 50 | VL5: =VL31+$L43 -> 25 | VM5: 0 | VN5: 0 | VO5: 0 | VP5: 0 | VQ5: 0 | VR5: 0 | VS5: 0 | VT5: 0 | VU5: 0 | VV5: 0 | VW5: 0 | VX5: =VX31+$B43 -> 12.5 | VY5: =VY31+$C43 -> 12.5 | VZ5: =VZ31+$D43 -> 12.5 | WA5: =WA31+$E43 -> 25 | WB5: =WB31+$F43 -> 25 | WC5: =WC31+$G43 -> 25 | WD5: =WD31+$H43 -> 25 | WE5: =WE31+$I43 -> 25 | WF5: =WF31+$J43 -> 25 | WG5: =WG31+$K43 -> 50 | WH5: =WH31+$L43 -> 25 | WI5: 0 | WJ5: 0 | WK5: 0 | WL5: 0 | WM5: 0 | WN5: 0 | WO5: 0 | WP5: 0 | WQ5: 0 | WR5: 0 | WS5: 0 | WT5: =WT31+$B43 -> 12.5 | WU5: =WU31+$C43 -> 12.5 | WV5: =WV31+$D43 -> 12.5 | WW5: =WW31+$E43 -> 25 | WX5: =WX31+$F43 -> 25 | WY5: =WY31+$G43 -> 25 | WZ5: =WZ31+$H43 -> 25 | XA5: =XA31+$I43 -> 25 | XB5: =XB31+$J43 -> 25 | XC5: =XC31+$K43 -> 50 | XD5: =XD31+$L43 -> 25 | XE5: 0 | XF5: 0 | XG5: 0 | XH5: 0 | XI5: 0 | XJ5: 0 | XK5: 0 | XL5: 0 | XM5: 0 | XN5: 0 | XO5: 0 | XP5: =XP31+$B43 -> 12.5 | XQ5: =XQ31+$C43 -> 12.5 | XR5: =XR31+$D43 -> 12.5 | XS5: =XS31+$E43 -> 25 | XT5: =XT31+$F43 -> 25 | XU5: =XU31+$G43 -> 25 | XV5: =XV31+$H43 -> 25 | XW5: =XW31+$I43 -> 25 | XX5: =XX31+$J43 -> 25 | XY5: =XY31+$K43 -> 50 | XZ5: =XZ31+$L43 -> 25 | YA5: 0 | YB5: 0 | YC5: 0 | YD5: 0 | YE5: 0 | YF5: 0 | YG5: 0 | YH5: 0 | YI5: 0 | YJ5: 0 | YK5: 0 | YL5: =YL31+$B43 -> 12.5 | YM5: =YM31+$C43 -> 12.5 | YN5: =YN31+$D43 -> 12.5 | YO5: =YO31+$E43 -> 25 | YP5: =YP31+$F43 -> 25 | YQ5: =YQ31+$G43 -> 25 | YR5: =YR31+$H43 -> 25 | YS5: =YS31+$I43 -> 25 | YT5: =YT31+$J43 -> 25 | YU5: =YU31+$K43 -> 50 | YV5: =YV31+$L43 -> 25 | YW5: 0 | YX5: 0 | YY5: 0 | YZ5: 0 | ZA5: 0 | ZB5: 0 | ZC5: 0 | ZD5: 0 | ZE5: 0 | ZF5: 0 | ZG5: 0 | ZH5: =ZH31+$B43 -> 12.5 | ZI5: =ZI31+$C43 -> 12.5 | ZJ5: =ZJ31+$D43 -> 12.5 | ZK5: =ZK31+$E43 -> 25 | ZL5: =ZL31+$F43 -> 25 | ZM5: =ZM31+$G43 -> 25 | ZN5: =ZN31+$H43 -> 25 | ZO5: =ZO31+$I43 -> 25 | ZP5: =ZP31+$J43 -> 25 | ZQ5: =ZQ31+$K43 -> 50 | ZR5: =ZR31+$L43 -> 25 | ZS5: 0 | ZT5: 0 | ZU5: 0 | ZV5: 0 | ZW5: 0 | ZX5: 0 | ZY5: 0 | ZZ5: 0 | AAA5: 0 | AAB5: 0 | AAC5: 0
A6: 1 | B6: =B32+$B44 -> 12.5 | C6: =C32+$C44 -> 12.5 | D6: =D32+$D44 -> 12.5 | E6: =E32+$E44 -> 25 | F6: =F32+$F44 -> 25 | G6: =G32+$G44 -> 25 | H6: =H32+$H44 -> 25 | I6: =I32+$I44 -> 25 | J6: =J32+$J44 -> 25 | K6: =K32+$K44 -> 50 | L6: =L32+$L44 -> 25 | M6: 0 | N6: 0 | O6: 0 | P6: 0 | Q6: 0 | R6: 0 | S6: 0 | T6: 0 | U6: 0 | V6: 0 | W6: 0 | X6: =X32+$B44 -> 12.5 | Y6: =Y32+$C44 -> 12.5 | Z6: =Z32+$D44 -> 12.5 | AA6: =AA32+$E44 -> 25 | AB6: =AB32+$F44 -> 25 | AC6: =AC32+$G44 -> 25 | AD6: =AD32+$H44 -> 25 | AE6: =AE32+$I44 -> 25 | AF6: =AF32+$J44 -> 25 | AG6: =AG32+$K44 -> 50 | AH6: =AH32+$L44 -> 25 | AI6: 0 | AJ6: 0 | AK6: 0 | AL6: 0 | AM6: 0 | AN6: 0 | AO6: 0 | AP6: 0 | AQ6: 0 | AR6: 0 | AS6: 0 | AT6: =AT32+$B44 -> 12.5 | AU6: =AU32+$C44 -> 12.5 | AV6: =AV32+$D44 -> 12.5 | AW6: =AW32+$E44 -> 25 | AX6: =AX32+$F44 -> 25 | AY6: =AY32+$G44 -> 25 | AZ6: =AZ32+$H44 -> 25 | BA6: =BA32+$I44 -> 25 | BB6: =BB32+$J44 -> 25 | BC6: =BC32+$K44 -> 50 | BD6: =BD32+$L44 -> 25 | BE6: 0 | BF6: 0 | BG6: 0 | BH6: 0 | BI6: 0 | BJ6: 0 | BK6: 0 | BL6: 0 | BM6: 0 | BN6: 0 | BO6: 0 | BP6: =BP32+$B44 -> 12.5 | BQ6: =BQ32+$C44 -> 12.5 | BR6: =BR32+$D44 -> 12.5 | BS6: =BS32+$E44 -> 25 | BT6: =BT32+$F44 -> 25 | BU6: =BU32+$G44 -> 25 | BV6: =BV32+$H44 -> 25 | BW6: =BW32+$I44 -> 25 | BX6: =BX32+$J44 -> 25 | BY6: =BY32+$K44 -> 50 | BZ6: =BZ32+$L44 -> 25 | CA6: 0 | CB6: 0 | CC6: 0 | CD6: 0 | CE6: 0 | CF6: 0 | CG6: 0 | CH6: 0 | CI6: 0 | CJ6: 0 | CK6: 0 | CL6: =CL32+$B44 -> 12.5 | CM6: =CM32+$C44 -> 12.5 | CN6: =CN32+$D44 -> 12.5 | CO6: =CO32+$E44 -> 25 | CP6: =CP32+$F44 -> 25 | CQ6: =CQ32+$G44 -> 25 | CR6: =CR32+$H44 -> 25 | CS6: =CS32+$I44 -> 25 | CT6: =CT32+$J44 -> 25 | CU6: =CU32+$K44 -> 50 | CV6: =CV32+$L44 -> 25 | CW6: 0 | CX6: 0 | CY6: 0 | CZ6: 0 | DA6: 0 | DB6: 0 | DC6: 0 | DD6: 0 | DE6: 0 | DF6: 0 | DG6: 0 | DH6: =DH32+$B44 -> 12.5 | DI6: =DI32+$C44 -> 12.5 | DJ6: =DJ32+$D44 -> 12.5 | DK6: =DK32+$E44 -> 25 | DL6: =DL32+$F44 -> 25 | DM6: =DM32+$G44 -> 25 | DN6: =DN32+$H44 -> 25 | DO6: =DO32+$I44 -> 25 | DP6: =DP32+$J44 -> 25 | DQ6: =DQ32+$K44 -> 50 | DR6: =DR32+$L44 -> 25 | DS6: 0 | DT6: 0 | DU6: 0 | DV6: 0 | DW6: 0 | DX6: 0 | DY6: 0 | DZ6: 0 | EA6: 0 | EB6: 0 | EC6: 0 | ED6: =ED32+$B44 -> 12.5 | EE6: =EE32+$C44 -> 12.5 | EF6: =EF32+$D44 -> 12.5 | EG6: =EG32+$E44 -> 25 | EH6: =EH32+$F44 -> 25 | EI6: =EI32+$G44 -> 25 | EJ6: =EJ32+$H44 -> 25 | EK6: =EK32+$I44 -> 25 | EL6: =EL32+$J44 -> 25 | EM6: =EM32+$K44 -> 50 | EN6: =EN32+$L44 -> 25 | EO6: 0 | EP6: 0 | EQ6: 0 | ER6: 0 | ES6: 0 | ET6: 0 | EU6: 0 | EV6: 0 | EW6: 0 | EX6: 0 | EY6: 0 | EZ6: =EZ32+$B44 -> 12.5 | FA6: =FA32+$C44 -> 12.5 | FB6: =FB32+$D44 -> 12.5 | FC6: =FC32+$E44 -> 25 | FD6: =FD32+$F44 -> 25 | FE6: =FE32+$G44 -> 25 | FF6: =FF32+$H44 -> 25 | FG6: =FG32+$I44 -> 25 | FH6: =FH32+$J44 -> 25 | FI6: =FI32+$K44 -> 50 | FJ6: =FJ32+$L44 -> 25 | FK6: 0 | FL6: 0 | FM6: 0 | FN6: 0 | FO6: 0 | FP6: 0 | FQ6: 0 | FR6: 0 | FS6: 0 | FT6: 0 | FU6: 0 | FV6: =FV32+$B44 -> 12.5 | FW6: =FW32+$C44 -> 12.5 | FX6: =FX32+$D44 -> 12.5 | FY6: =FY32+$E44 -> 25 | FZ6: =FZ32+$F44 -> 25 | GA6: =GA32+$G44 -> 25 | GB6: =GB32+$H44 -> 25 | GC6: =GC32+$I44 -> 25 | GD6: =GD32+$J44 -> 25 | GE6: =GE32+$K44 -> 50 | GF6: =GF32+$L44 -> 25 | GG6: 0 | GH6: 0 | GI6: 0 | GJ6: 0 | GK6: 0 | GL6: 0 | GM6: 0 | GN6: 0 | GO6: 0 | GP6: 0 | GQ6: 0 | GR6: =GR32+$B44 -> 12.5 | GS6: =GS32+$C44 -> 12.5 | GT6: =GT32+$D44 -> 12.5 | GU6: =GU32+$E44 -> 25 | GV6: =GV32+$F44 -> 25 | GW6: =GW32+$G44 -> 25 | GX6: =GX32+$H44 -> 25 | GY6: =GY32+$I44 -> 25 | GZ6: =GZ32+$J44 -> 25 | HA6: =HA32+$K44 -> 50 | HB6: =HB32+$L44 -> 25 | HC6: 0 | HD6: 0 | HE6: 0 | HF6: 0 | HG6: 0 | HH6: 0 | HI6: 0 | HJ6: 0 | HK6: 0 | HL6: 0 | HM6: 0 | HN6: =HN32+$B44 -> 12.5 | HO6: =HO32+$C44 -> 12.5 | HP6: =HP32+$D44 -> 12.5 | HQ6: =HQ32+$E44 -> 25 | HR6: =HR32+$F44 -> 25 | HS6: =HS32+$G44 -> 25 | HT6: =HT32+$H44 -> 25 | HU6: =HU32+$I44 -> 25 | HV6: =HV32+$J44 -> 25 | HW6: =HW32+$K44 -> 50 | HX6: =HX32+$L44 -> 25 | HY6: 0 | HZ6: 0 | IA6: 0 | IB6: 0 | IC6: 0 | ID6: 0 | IE6: 0 | IF6: 0 | IG6: 0 | IH6: 0 | II6: 0 | IJ6: =IJ32+$B44 -> 12.5 | IK6: =IK32+$C44 -> 12.5 | IL6: =IL32+$D44 -> 12.5 | IM6: =IM32+$E44 -> 25 | IN6: =IN32+$F44 -> 25 | IO6: =IO32+$G44 -> 25 | IP6: =IP32+$H44 -> 25 | IQ6: =IQ32+$I44 -> 25 | IR6: =IR32+$J44 -> 25 | IS6: =IS32+$K44 -> 50 | IT6: =IT32+$L44 -> 25 | IU6: 0 | IV6: 0 | IW6: 0 | IX6: 0 | IY6: 0 | IZ6: 0 | JA6: 0 | JB6: 0 | JC6: 0 | JD6: 0 | JE6: 0 | JF6: =JF32+$B44 -> 12.5 | JG6: =JG32+$C44 -> 12.5 | JH6: =JH32+$D44 -> 12.5 | JI6: =JI32+$E44 -> 25 | JJ6: =JJ32+$F44 -> 25 | JK6: =JK32+$G44 -> 25 | JL6: =JL32+$H44 -> 25 | JM6: =JM32+$I44 -> 25 | JN6: =JN32+$J44 -> 25 | JO6: =JO32+$K44 -> 50 | JP6: =JP32+$L44 -> 25 | JQ6: 0 | JR6: 0 | JS6: 0 | JT6: 0 | JU6: 0 | JV6: 0 | JW6: 0 | JX6: 0 | JY6: 0 | JZ6: 0 | KA6: 0 | KB6: =KB32+$B44 -> 12.5 | KC6: =KC32+$C44 -> 12.5 | KD6: =KD32+$D44 -> 12.5 | KE6: =KE32+$E44 -> 25 | KF6: =KF32+$F44 -> 25 | KG6: =KG32+$G44 -> 25 | KH6: =KH32+$H44 -> 25 | KI6: =KI32+$I44 -> 25 | KJ6: =KJ32+$J44 -> 25 | KK6: =KK32+$K44 -> 50 | KL6: =KL32+$L44 -> 25 | KM6: 0 | KN6: 0 | KO6: 0 | KP6: 0 | KQ6: 0 | KR6: 0 | KS6: 0 | KT6: 0 | KU6: 0 | KV6: 0 | KW6: 0 | KX6: =KX32+$B44 -> 12.5 | KY6: =KY32+$C44 -> 12.5 | KZ6: =KZ32+$D44 -> 12.5 | LA6: =LA32+$E44 -> 25 | LB6: =LB32+$F44 -> 25 | LC6: =LC32+$G44 -> 25 | LD6: =LD32+$H44 -> 25 | LE6: =LE32+$I44 -> 25 | LF6: =LF32+$J44 -> 25 | LG6: =LG32+$K44 -> 50 | LH6: =LH32+$L44 -> 25 | LI6: 0 | LJ6: 0 | LK6: 0 | LL6: 0 | LM6: 0 | LN6: 0 | LO6: 0 | LP6: 0 | LQ6: 0 | LR6: 0 | LS6: 0 | LT6: =LT32+$B44 -> 12.5 | LU6: =LU32+$C44 -> 12.5 | LV6: =LV32+$D44 -> 12.5 | LW6: =LW32+$E44 -> 25 | LX6: =LX32+$F44 -> 25 | LY6: =LY32+$G44 -> 25 | LZ6: =LZ32+$H44 -> 25 | MA6: =MA32+$I44 -> 25 | MB6: =MB32+$J44 -> 25 | MC6: =MC32+$K44 -> 50 | MD6: =MD32+$L44 -> 25 | ME6: 0 | MF6: 0 | MG6: 0 | MH6: 0 | MI6: 0 | MJ6: 0 | MK6: 0 | ML6: 0 | MM6: 0 | MN6: 0 | MO6: 0 | MP6: =MP32+$B44 -> 12.5 | MQ6: =MQ32+$C44 -> 12.5 | MR6: =MR32+$D44 -> 12.5 | MS6: =MS32+$E44 -> 25 | MT6: =MT32+$F44 -> 25 | MU6: =MU32+$G44 -> 25 | MV6: =MV32+$H44 -> 25 | MW6: =MW32+$I44 -> 25 | MX6: =MX32+$J44 -> 25 | MY6: =MY32+$K44 -> 50 | MZ6: =MZ32+$L44 -> 25 | NA6: 0 | NB6: 0 | NC6: 0 | ND6: 0 | NE6: 0 | NF6: 0 | NG6: 0 | NH6: 0 | NI6: 0 | NJ6: 0 | NK6: 0 | NL6: =NL32+$B44 -> 12.5 | NM6: =NM32+$C44 -> 12.5 | NN6: =NN32+$D44 -> 12.5 | NO6: =NO32+$E44 -> 25 | NP6: =NP32+$F44 -> 25 | NQ6: =NQ32+$G44 -> 25 | NR6: =NR32+$H44 -> 25 | NS6: =NS32+$I44 -> 25 | NT6: =NT32+$J44 -> 25 | NU6: =NU32+$K44 -> 50 | NV6: =NV32+$L44 -> 25 | NW6: 0 | NX6: 0 | NY6: 0 | NZ6: 0 | OA6: 0 | OB6: 0 | OC6: 0 | OD6: 0 | OE6: 0 | OF6: 0 | OG6: 0 | OH6: =OH32+$B44 -> 12.5 | OI6: =OI32+$C44 -> 12.5 | OJ6: =OJ32+$D44 -> 12.5 | OK6: =OK32+$E44 -> 25 | OL6: =OL32+$F44 -> 25 | OM6: =OM32+$G44 -> 25 | ON6: =ON32+$H44 -> 25 | OO6: =OO32+$I44 -> 25 | OP6: =OP32+$J44 -> 25 | OQ6: =OQ32+$K44 -> 50 | OR6: =OR32+$L44 -> 25 | OS6: 0 | OT6: 0 | OU6: 0 | OV6: 0 | OW6: 0 | OX6: 0 | OY6: 0 | OZ6: 0 | PA6: 0 | PB6: 0 | PC6: 0 | PD6: =PD32+$B44 -> 12.5 | PE6: =PE32+$C44 -> 12.5 | PF6: =PF32+$D44 -> 12.5 | PG6: =PG32+$E44 -> 25 | PH6: =PH32+$F44 -> 25 | PI6: =PI32+$G44 -> 25 | PJ6: =PJ32+$H44 -> 25 | PK6: =PK32+$I44 -> 25 | PL6: =PL32+$J44 -> 25 | PM6: =PM32+$K44 -> 50 | PN6: =PN32+$L44 -> 25 | PO6: 0 | PP6: 0 | PQ6: 0 | PR6: 0 | PS6: 0 | PT6: 0 | PU6: 0 | PV6: 0 | PW6: 0 | PX6: 0 | PY6: 0 | PZ6: =PZ32+$B44 -> 12.5 | QA6: =QA32+$C44 -> 12.5 | QB6: =QB32+$D44 -> 12.5 | QC6: =QC32+$E44 -> 25 | QD6: =QD32+$F44 -> 25 | QE6: =QE32+$G44 -> 25 | QF6: =QF32+$H44 -> 25 | QG6: =QG32+$I44 -> 25 | QH6: =QH32+$J44 -> 25 | QI6: =QI32+$K44 -> 50 | QJ6: =QJ32+$L44 -> 25 | QK6: 0 | QL6: 0 | QM6: 0 | QN6: 0 | QO6: 0 | QP6: 0 | QQ6: 0 | QR6: 0 | QS6: 0 | QT6: 0 | QU6: 0 | QV6: =QV32+$B44 -> 12.5 | QW6: =QW32+$C44 -> 12.5 | QX6: =QX32+$D44 -> 12.5 | QY6: =QY32+$E44 -> 25 | QZ6: =QZ32+$F44 -> 25 | RA6: =RA32+$G44 -> 25 | RB6: =RB32+$H44 -> 25 | RC6: =RC32+$I44 -> 25 | RD6: =RD32+$J44 -> 25 | RE6: =RE32+$K44 -> 50 | RF6: =RF32+$L44 -> 25 | RG6: 0 | RH6: 0 | RI6: 0 | RJ6: 0 | RK6: 0 | RL6: 0 | RM6: 0 | RN6: 0 | RO6: 0 | RP6: 0 | RQ6: 0 | RR6: =RR32+$B44 -> 12.5 | RS6: =RS32+$C44 -> 12.5 | RT6: =RT32+$D44 -> 12.5 | RU6: =RU32+$E44 -> 25 | RV6: =RV32+$F44 -> 25 | RW6: =RW32+$G44 -> 25 | RX6: =RX32+$H44 -> 25 | RY6: =RY32+$I44 -> 25 | RZ6: =RZ32+$J44 -> 25 | SA6: =SA32+$K44 -> 50 | SB6: =SB32+$L44 -> 25 | SC6: 0 | SD6: 0 | SE6: 0 | SF6: 0 | SG6: 0 | SH6: 0 | SI6: 0 | SJ6: 0 | SK6: 0 | SL6: 0 | SM6: 0 | SN6: =SN32+$B44 -> 12.5 | SO6: =SO32+$C44 -> 12.5 | SP6: =SP32+$D44 -> 12.5 | SQ6: =SQ32+$E44 -> 25 | SR6: =SR32+$F44 -> 25 | SS6: =SS32+$G44 -> 25 | ST6: =ST32+$H44 -> 25 | SU6: =SU32+$I44 -> 25 | SV6: =SV32+$J44 -> 25 | SW6: =SW32+$K44 -> 50 | SX6: =SX32+$L44 -> 25 | SY6: 0 | SZ6: 0 | TA6: 0 | TB6: 0 | TC6: 0 | TD6: 0 | TE6: 0 | TF6: 0 | TG6: 0 | TH6: 0 | TI6: 0 | TJ6: =TJ32+$B44 -> 12.5 | TK6: =TK32+$C44 -> 12.5 | TL6: =TL32+$D44 -> 12.5 | TM6: =TM32+$E44 -> 25 | TN6: =TN32+$F44 -> 25 | TO6: =TO32+$G44 -> 25 | TP6: =TP32+$H44 -> 25 | TQ6: =TQ32+$I44 -> 25 | TR6: =TR32+$J44 -> 25 | TS6: =TS32+$K44 -> 50 | TT6: =TT32+$L44 -> 25 | TU6: 0 | TV6: 0 | TW6: 0 | TX6: 0 | TY6: 0 | TZ6: 0 | UA6: 0 | UB6: 0 | UC6: 0 | UD6: 0 | UE6: 0 | UF6: =UF32+$B44 -> 12.5 | UG6: =UG32+$C44 -> 12.5 | UH6: =UH32+$D44 -> 12.5 | UI6: =UI32+$E44 -> 25 | UJ6: =UJ32+$F44 -> 25 | UK6: =UK32+$G44 -> 25 | UL6: =UL32+$H44 -> 25 | UM6: =UM32+$I44 -> 25 | UN6: =UN32+$J44 -> 25 | UO6: =UO32+$K44 -> 50 | UP6: =UP32+$L44 -> 25 | UQ6: 0 | UR6: 0 | US6: 0 | UT6: 0 | UU6: 0 | UV6: 0 | UW6: 0 | UX6: 0 | UY6: 0 | UZ6: 0 | VA6: 0 | VB6: =VB32+$B44 -> 12.5 | VC6: =VC32+$C44 -> 12.5 | VD6: =VD32+$D44 -> 12.5 | VE6: =VE32+$E44 -> 25 | VF6: =VF32+$F44 -> 25 | VG6: =VG32+$G44 -> 25 | VH6: =VH32+$H44 -> 25 | VI6: =VI32+$I44 -> 25 | VJ6: =VJ32+$J44 -> 25 | VK6: =VK32+$K44 -> 50 | VL6: =VL32+$L44 -> 25 | VM6: 0 | VN6: 0 | VO6: 0 | VP6: 0 | VQ6: 0 | VR6: 0 | VS6: 0 | VT6: 0 | VU6: 0 | VV6: 0 | VW6: 0 | VX6: =VX32+$B44 -> 12.5 | VY6: =VY32+$C44 -> 12.5 | VZ6: =VZ32+$D44 -> 12.5 | WA6: =WA32+$E44 -> 25 | WB6: =WB32+$F44 -> 25 | WC6: =WC32+$G44 -> 25 | WD6: =WD32+$H44 -> 25 | WE6: =WE32+$I44 -> 25 | WF6: =WF32+$J44 -> 25 | WG6: =WG32+$K44 -> 50 | WH6: =WH32+$L44 -> 25 | WI6: 0 | WJ6: 0 | WK6: 0 | WL6: 0 | WM6: 0 | WN6: 0 | WO6: 0 | WP6: 0 | WQ6: 0 | WR6: 0 | WS6: 0 | WT6: =WT32+$B44 -> 12.5 | WU6: =WU32+$C44 -> 12.5 | WV6: =WV32+$D44 -> 12.5 | WW6: =WW32+$E44 -> 25 | WX6: =WX32+$F44 -> 25 | WY6: =WY32+$G44 -> 25 | WZ6: =WZ32+$H44 -> 25 | XA6: =XA32+$I44 -> 25 | XB6: =XB32+$J44 -> 25 | XC6: =XC32+$K44 -> 50 | XD6: =XD32+$L44 -> 25 | XE6: 0 | XF6: 0 | XG6: 0 | XH6: 0 | XI6: 0 | XJ6: 0 | XK6: 0 | XL6: 0 | XM6: 0 | XN6: 0 | XO6: 0 | XP6: =XP32+$B44 -> 12.5 | XQ6: =XQ32+$C44 -> 12.5 | XR6: =XR32+$D44 -> 12.5 | XS6: =XS32+$E44 -> 25 | XT6: =XT32+$F44 -> 25 | XU6: =XU32+$G44 -> 25 | XV6: =XV32+$H44 -> 25 | XW6: =XW32+$I44 -> 25 | XX6: =XX32+$J44 -> 25 | XY6: =XY32+$K44 -> 50 | XZ6: =XZ32+$L44 -> 25 | YA6: 0 | YB6: 0 | YC6: 0 | YD6: 0 | YE6: 0 | YF6: 0 | YG6: 0 | YH6: 0 | YI6: 0 | YJ6: 0 | YK6: 0 | YL6: =YL32+$B44 -> 12.5 | YM6: =YM32+$C44 -> 12.5 | YN6: =YN32+$D44 -> 12.5 | YO6: =YO32+$E44 -> 25 | YP6: =YP32+$F44 -> 25 | YQ6: =YQ32+$G44 -> 25 | YR6: =YR32+$H44 -> 25 | YS6: =YS32+$I44 -> 25 | YT6: =YT32+$J44 -> 25 | YU6: =YU32+$K44 -> 50 | YV6: =YV32+$L44 -> 25 | YW6: 0 | YX6: 0 | YY6: 0 | YZ6: 0 | ZA6: 0 | ZB6: 0 | ZC6: 0 | ZD6: 0 | ZE6: 0 | ZF6: 0 | ZG6: 0 | ZH6: =ZH32+$B44 -> 12.5 | ZI6: =ZI32+$C44 -> 12.5 | ZJ6: =ZJ32+$D44 -> 12.5 | ZK6: =ZK32+$E44 -> 25 | ZL6: =ZL32+$F44 -> 25 | ZM6: =ZM32+$G44 -> 25 | ZN6: =ZN32+$H44 -> 25 | ZO6: =ZO32+$I44 -> 25 | ZP6: =ZP32+$J44 -> 25 | ZQ6: =ZQ32+$K44 -> 50 | ZR6: =ZR32+$L44 -> 25 | ZS6: 0 | ZT6: 0 | ZU6: 0 | ZV6: 0 | ZW6: 0 | ZX6: 0 | ZY6: 0 | ZZ6: 0 | AAA6: 0 | AAB6: 0 | AAC6: 0
A7: 2 | B7: =B33+$B45 -> 12.5 | C7: =C33+$C45 -> 12.5 | D7: =D33+$D45 -> 12.5 | E7: =E33+$E45 -> 25 | F7: =F33+$F45 -> 25 | G7: =G33+$G45 -> 25 | H7: =H33+$H45 -> 25 | I7: =I33+$I45 -> 25 | J7: =J33+$J45 -> 25 | K7: =K33+$K45 -> 50 | L7: =L33+$L45 -> 25 | M7: 0 | N7: 0 | O7: 0 | P7: 0 | Q7: 0 | R7: 0 | S7: 0 | T7: 0 | U7: 0 | V7: 0 | W7: 0 | X7: =X33+$B45 -> 12.5 | Y7: =Y33+$C45 -> 12.5 | Z7: =Z33+$D45 -> 12.5 | AA7: =AA33+$E45 -> 25 | AB7: =AB33+$F45 -> 25 | AC7: =AC33+$G45 -> 25 | AD7: =AD33+$H45 -> 25 | AE7: =AE33+$I45 -> 25 | AF7: =AF33+$J45 -> 25 | AG7: =AG33+$K45 -> 50 | AH7: =AH33+$L45 -> 25 | AI7: 0 | AJ7: 0 | AK7: 0 | AL7: 0 | AM7: 0 | AN7: 0 | AO7: 0 | AP7: 0 | AQ7: 0 | AR7: 0 | AS7: 0 | AT7: =AT33+$B45 -> 12.5 | AU7: =AU33+$C45 -> 12.5 | AV7: =AV33+$D45 -> 12.5 | AW7: =AW33+$E45 -> 25 | AX7: =AX33+$F45 -> 25 | AY7: =AY33+$G45 -> 25 | AZ7: =AZ33+$H45 -> 25 | BA7: =BA33+$I45 -> 25 | BB7: =BB33+$J45 -> 25 | BC7: =BC33+$K45 -> 50 | BD7: =BD33+$L45 -> 25 | BE7: 0 | BF7: 0 | BG7: 0 | BH7: 0 | BI7: 0 | BJ7: 0 | BK7: 0 | BL7: 0 | BM7: 0 | BN7: 0 | BO7: 0 | BP7: =BP33+$B45 -> 12.5 | BQ7: =BQ33+$C45 -> 12.5 | BR7: =BR33+$D45 -> 12.5 | BS7: =BS33+$E45 -> 25 | BT7: =BT33+$F45 -> 25 | BU7: =BU33+$G45 -> 25 | BV7: =BV33+$H45 -> 25 | BW7: =BW33+$I45 -> 25 | BX7: =BX33+$J45 -> 25 | BY7: =BY33+$K45 -> 50 | BZ7: =BZ33+$L45 -> 25 | CA7: 0 | CB7: 0 | CC7: 0 | CD7: 0 | CE7: 0 | CF7: 0 | CG7: 0 | CH7: 0 | CI7: 0 | CJ7: 0 | CK7: 0 | CL7: =CL33+$B45 -> 12.5 | CM7: =CM33+$C45 -> 12.5 | CN7: =CN33+$D45 -> 12.5 | CO7: =CO33+$E45 -> 25 | CP7: =CP33+$F45 -> 25 | CQ7: =CQ33+$G45 -> 25 | CR7: =CR33+$H45 -> 25 | CS7: =CS33+$I45 -> 25 | CT7: =CT33+$J45 -> 25 | CU7: =CU33+$K45 -> 50 | CV7: =CV33+$L45 -> 25 | CW7: 0 | CX7: 0 | CY7: 0 | CZ7: 0 | DA7: 0 | DB7: 0 | DC7: 0 | DD7: 0 | DE7: 0 | DF7: 0 | DG7: 0 | DH7: =DH33+$B45 -> 12.5 | DI7: =DI33+$C45 -> 12.5 | DJ7: =DJ33+$D45 -> 12.5 | DK7: =DK33+$E45 -> 25 | DL7: =DL33+$F45 -> 25 | DM7: =DM33+$G45 -> 25 | DN7: =DN33+$H45 -> 25 | DO7: =DO33+$I45 -> 25 | DP7: =DP33+$J45 -> 25 | DQ7: =DQ33+$K45 -> 50 | DR7: =DR33+$L45 -> 25 | DS7: 0 | DT7: 0 | DU7: 0 | DV7: 0 | DW7: 0 | DX7: 0 | DY7: 0 | DZ7: 0 | EA7: 0 | EB7: 0 | EC7: 0 | ED7: =ED33+$B45 -> 12.5 | EE7: =EE33+$C45 -> 12.5 | EF7: =EF33+$D45 -> 12.5 | EG7: =EG33+$E45 -> 25 | EH7: =EH33+$F45 -> 25 | EI7: =EI33+$G45 -> 25 | EJ7: =EJ33+$H45 -> 25 | EK7: =EK33+$I45 -> 25 | EL7: =EL33+$J45 -> 25 | EM7: =EM33+$K45 -> 50 | EN7: =EN33+$L45 -> 25 | EO7: 0 | EP7: 0 | EQ7: 0 | ER7: 0 | ES7: 0 | ET7: 0 | EU7: 0 | EV7: 0 | EW7: 0 | EX7: 0 | EY7: 0 | EZ7: =EZ33+$B45 -> 12.5 | FA7: =FA33+$C45 -> 12.5 | FB7: =FB33+$D45 -> 12.5 | FC7: =FC33+$E45 -> 25 | FD7: =FD33+$F45 -> 25 | FE7: =FE33+$G45 -> 25 | FF7: =FF33+$H45 -> 25 | FG7: =FG33+$I45 -> 25 | FH7: =FH33+$J45 -> 25 | FI7: =FI33+$K45 -> 50 | FJ7: =FJ33+$L45 -> 25 | FK7: 0 | FL7: 0 | FM7: 0 | FN7: 0 | FO7: 0 | FP7: 0 | FQ7: 0 | FR7: 0 | FS7: 0 | FT7: 0 | FU7: 0 | FV7: =FV33+$B45 -> 12.5 | FW7: =FW33+$C45 -> 12.5 | FX7: =FX33+$D45 -> 12.5 | FY7: =FY33+$E45 -> 25 | FZ7: =FZ33+$F45 -> 25 | GA7: =GA33+$G45 -> 25 | GB7: =GB33+$H45 -> 25 | GC7: =GC33+$I45 -> 25 | GD7: =GD33+$J45 -> 25 | GE7: =GE33+$K45 -> 50 | GF7: =GF33+$L45 -> 25 | GG7: 0 | GH7: 0 | GI7: 0 | GJ7: 0 | GK7: 0 | GL7: 0 | GM7: 0 | GN7: 0 | GO7: 0 | GP7: 0 | GQ7: 0 | GR7: =GR33+$B45 -> 12.5 | GS7: =GS33+$C45 -> 12.5 | GT7: =GT33+$D45 -> 12.5 | GU7: =GU33+$E45 -> 25 | GV7: =GV33+$F45 -> 25 | GW7: =GW33+$G45 -> 25 | GX7: =GX33+$H45 -> 25 | GY7: =GY33+$I45 -> 25 | GZ7: =GZ33+$J45 -> 25 | HA7: =HA33+$K45 -> 50 | HB7: =HB33+$L45 -> 25 | HC7: 0 | HD7: 0 | HE7: 0 | HF7: 0 | HG7: 0 | HH7: 0 | HI7: 0 | HJ7: 0 | HK7: 0 | HL7: 0 | HM7: 0 | HN7: =HN33+$B45 -> 12.5 | HO7: =HO33+$C45 -> 12.5 | HP7: =HP33+$D45 -> 12.5 | HQ7: =HQ33+$E45 -> 25 | HR7: =HR33+$F45 -> 25 | HS7: =HS33+$G45 -> 25 | HT7: =HT33+$H45 -> 25 | HU7: =HU33+$I45 -> 25 | HV7: =HV33+$J45 -> 25 | HW7: =HW33+$K45 -> 50 | HX7: =HX33+$L45 -> 25 | HY7: 0 | HZ7: 0 | IA7: 0 | IB7: 0 | IC7: 0 | ID7: 0 | IE7: 0 | IF7: 0 | IG7: 0 | IH7: 0 | II7: 0 | IJ7: =IJ33+$B45 -> 12.5 | IK7: =IK33+$C45 -> 12.5 | IL7: =IL33+$D45 -> 12.5 | IM7: =IM33+$E45 -> 25 | IN7: =IN33+$F45 -> 25 | IO7: =IO33+$G45 -> 25 | IP7: =IP33+$H45 -> 25 | IQ7: =IQ33+$I45 -> 25 | IR7: =IR33+$J45 -> 25 | IS7: =IS33+$K45 -> 50 | IT7: =IT33+$L45 -> 25 | IU7: 0 | IV7: 0 | IW7: 0 | IX7: 0 | IY7: 0 | IZ7: 0 | JA7: 0 | JB7: 0 | JC7: 0 | JD7: 0 | JE7: 0 | JF7: =JF33+$B45 -> 12.5 | JG7: =JG33+$C45 -> 12.5 | JH7: =JH33+$D45 -> 12.5 | JI7: =JI33+$E45 -> 25 | JJ7: =JJ33+$F45 -> 25 | JK7: =JK33+$G45 -> 25 | JL7: =JL33+$H45 -> 25 | JM7: =JM33+$I45 -> 25 | JN7: =JN33+$J45 -> 25 | JO7: =JO33+$K45 -> 50 | JP7: =JP33+$L45 -> 25 | JQ7: 0 | JR7: 0 | JS7: 0 | JT7: 0 | JU7: 0 | JV7: 0 | JW7: 0 | JX7: 0 | JY7: 0 | JZ7: 0 | KA7: 0 | KB7: =KB33+$B45 -> 12.5 | KC7: =KC33+$C45 -> 12.5 | KD7: =KD33+$D45 -> 12.5 | KE7: =KE33+$E45 -> 25 | KF7: =KF33+$F45 -> 25 | KG7: =KG33+$G45 -> 25 | KH7: =KH33+$H45 -> 25 | KI7: =KI33+$I45 -> 25 | KJ7: =KJ33+$J45 -> 25 | KK7: =KK33+$K45 -> 50 | KL7: =KL33+$L45 -> 25 | KM7: 0 | KN7: 0 | KO7: 0 | KP7: 0 | KQ7: 0 | KR7: 0 | KS7: 0 | KT7: 0 | KU7: 0 | KV7: 0 | KW7: 0 | KX7: =KX33+$B45 -> 12.5 | KY7: =KY33+$C45 -> 12.5 | KZ7: =KZ33+$D45 -> 12.5 | LA7: =LA33+$E45 -> 25 | LB7: =LB33+$F45 -> 25 | LC7: =LC33+$G45 -> 25 | LD7: =LD33+$H45 -> 25 | LE7: =LE33+$I45 -> 25 | LF7: =LF33+$J45 -> 25 | LG7: =LG33+$K45 -> 50 | LH7: =LH33+$L45 -> 25 | LI7: 0 | LJ7: 0 | LK7: 0 | LL7: 0 | LM7: 0 | LN7: 0 | LO7: 0 | LP7: 0 | LQ7: 0 | LR7: 0 | LS7: 0 | LT7: =LT33+$B45 -> 12.5 | LU7: =LU33+$C45 -> 12.5 | LV7: =LV33+$D45 -> 12.5 | LW7: =LW33+$E45 -> 25 | LX7: =LX33+$F45 -> 25 | LY7: =LY33+$G45 -> 25 | LZ7: =LZ33+$H45 -> 25 | MA7: =MA33+$I45 -> 25 | MB7: =MB33+$J45 -> 25 | MC7: =MC33+$K45 -> 50 | MD7: =MD33+$L45 -> 25 | ME7: 0 | MF7: 0 | MG7: 0 | MH7: 0 | MI7: 0 | MJ7: 0 | MK7: 0 | ML7: 0 | MM7: 0 | MN7: 0 | MO7: 0 | MP7: =MP33+$B45 -> 12.5 | MQ7: =MQ33+$C45 -> 12.5 | MR7: =MR33+$D45 -> 12.5 | MS7: =MS33+$E45 -> 25 | MT7: =MT33+$F45 -> 25 | MU7: =MU33+$G45 -> 25 | MV7: =MV33+$H45 -> 25 | MW7: =MW33+$I45 -> 25 | MX7: =MX33+$J45 -> 25 | MY7: =MY33+$K45 -> 50 | MZ7: =MZ33+$L45 -> 25 | NA7: 0 | NB7: 0 | NC7: 0 | ND7: 0 | NE7: 0 | NF7: 0 | NG7: 0 | NH7: 0 | NI7: 0 | NJ7: 0 | NK7: 0 | NL7: =NL33+$B45 -> 12.5 | NM7: =NM33+$C45 -> 12.5 | NN7: =NN33+$D45 -> 12.5 | NO7: =NO33+$E45 -> 25 | NP7: =NP33+$F45 -> 25 | NQ7: =NQ33+$G45 -> 25 | NR7: =NR33+$H45 -> 25 | NS7: =NS33+$I45 -> 25 | NT7: =NT33+$J45 -> 25 | NU7: =NU33+$K45 -> 50 | NV7: =NV33+$L45 -> 25 | NW7: 0 | NX7: 0 | NY7: 0 | NZ7: 0 | OA7: 0 | OB7: 0 | OC7: 0 | OD7: 0 | OE7: 0 | OF7: 0 | OG7: 0 | OH7: =OH33+$B45 -> 12.5 | OI7: =OI33+$C45 -> 12.5 | OJ7: =OJ33+$D45 -> 12.5 | OK7: =OK33+$E45 -> 25 | OL7: =OL33+$F45 -> 25 | OM7: =OM33+$G45 -> 25 | ON7: =ON33+$H45 -> 25 | OO7: =OO33+$I45 -> 25 | OP7: =OP33+$J45 -> 25 | OQ7: =OQ33+$K45 -> 50 | OR7: =OR33+$L45 -> 25 | OS7: 0 | OT7: 0 | OU7: 0 | OV7: 0 | OW7: 0 | OX7: 0 | OY7: 0 | OZ7: 0 | PA7: 0 | PB7: 0 | PC7: 0 | PD7: =PD33+$B45 -> 12.5 | PE7: =PE33+$C45 -> 12.5 | PF7: =PF33+$D45 -> 12.5 | PG7: =PG33+$E45 -> 25 | PH7: =PH33+$F45 -> 25 | PI7: =PI33+$G45 -> 25 | PJ7: =PJ33+$H45 -> 25 | PK7: =PK33+$I45 -> 25 | PL7: =PL33+$J45 -> 25 | PM7: =PM33+$K45 -> 50 | PN7: =PN33+$L45 -> 25 | PO7: 0 | PP7: 0 | PQ7: 0 | PR7: 0 | PS7: 0 | PT7: 0 | PU7: 0 | PV7: 0 | PW7: 0 | PX7: 0 | PY7: 0 | PZ7: =PZ33+$B45 -> 12.5 | QA7: =QA33+$C45 -> 12.5 | QB7: =QB33+$D45 -> 12.5 | QC7: =QC33+$E45 -> 25 | QD7: =QD33+$F45 -> 25 | QE7: =QE33+$G45 -> 25 | QF7: =QF33+$H45 -> 25 | QG7: =QG33+$I45 -> 25 | QH7: =QH33+$J45 -> 25 | QI7: =QI33+$K45 -> 50 | QJ7: =QJ33+$L45 -> 25 | QK7: 0 | QL7: 0 | QM7: 0 | QN7: 0 | QO7: 0 | QP7: 0 | QQ7: 0 | QR7: 0 | QS7: 0 | QT7: 0 | QU7: 0 | QV7: =QV33+$B45 -> 12.5 | QW7: =QW33+$C45 -> 12.5 | QX7: =QX33+$D45 -> 12.5 | QY7: =QY33+$E45 -> 25 | QZ7: =QZ33+$F45 -> 25 | RA7: =RA33+$G45 -> 25 | RB7: =RB33+$H45 -> 25 | RC7: =RC33+$I45 -> 25 | RD7: =RD33+$J45 -> 25 | RE7: =RE33+$K45 -> 50 | RF7: =RF33+$L45 -> 25 | RG7: 0 | RH7: 0 | RI7: 0 | RJ7: 0 | RK7: 0 | RL7: 0 | RM7: 0 | RN7: 0 | RO7: 0 | RP7: 0 | RQ7: 0 | RR7: =RR33+$B45 -> 12.5 | RS7: =RS33+$C45 -> 12.5 | RT7: =RT33+$D45 -> 12.5 | RU7: =RU33+$E45 -> 25 | RV7: =RV33+$F45 -> 25 | RW7: =RW33+$G45 -> 25 | RX7: =RX33+$H45 -> 25 | RY7: =RY33+$I45 -> 25 | RZ7: =RZ33+$J45 -> 25 | SA7: =SA33+$K45 -> 50 | SB7: =SB33+$L45 -> 25 | SC7: 0 | SD7: 0 | SE7: 0 | SF7: 0 | SG7: 0 | SH7: 0 | SI7: 0 | SJ7: 0 | SK7: 0 | SL7: 0 | SM7: 0 | SN7: =SN33+$B45 -> 12.5 | SO7: =SO33+$C45 -> 12.5 | SP7: =SP33+$D45 -> 12.5 | SQ7: =SQ33+$E45 -> 25 | SR7: =SR33+$F45 -> 25 | SS7: =SS33+$G45 -> 25 | ST7: =ST33+$H45 -> 25 | SU7: =SU33+$I45 -> 25 | SV7: =SV33+$J45 -> 25 | SW7: =SW33+$K45 -> 50 | SX7: =SX33+$L45 -> 25 | SY7: 0 | SZ7: 0 | TA7: 0 | TB7: 0 | TC7: 0 | TD7: 0 | TE7: 0 | TF7: 0 | TG7: 0 | TH7: 0 | TI7: 0 | TJ7: =TJ33+$B45 -> 12.5 | TK7: =TK33+$C45 -> 12.5 | TL7: =TL33+$D45 -> 12.5 | TM7: =TM33+$E45 -> 25 | TN7: =TN33+$F45 -> 25 | TO7: =TO33+$G45 -> 25 | TP7: =TP33+$H45 -> 25 | TQ7: =TQ33+$I45 -> 25 | TR7: =TR33+$J45 -> 25 | TS7: =TS33+$K45 -> 50 | TT7: =TT33+$L45 -> 25 | TU7: 0 | TV7: 0 | TW7: 0 | TX7: 0 | TY7: 0 | TZ7: 0 | UA7: 0 | UB7: 0 | UC7: 0 | UD7: 0 | UE7: 0 | UF7: =UF33+$B45 -> 12.5 | UG7: =UG33+$C45 -> 12.5 | UH7: =UH33+$D45 -> 12.5 | UI7: =UI33+$E45 -> 25 | UJ7: =UJ33+$F45 -> 25 | UK7: =UK33+$G45 -> 25 | UL7: =UL33+$H45 -> 25 | UM7: =UM33+$I45 -> 25 | UN7: =UN33+$J45 -> 25 | UO7: =UO33+$K45 -> 50 | UP7: =UP33+$L45 -> 25 | UQ7: 0 | UR7: 0 | US7: 0 | UT7: 0 | UU7: 0 | UV7: 0 | UW7: 0 | UX7: 0 | UY7: 0 | UZ7: 0 | VA7: 0 | VB7: =VB33+$B45 -> 12.5 | VC7: =VC33+$C45 -> 12.5 | VD7: =VD33+$D45 -> 12.5 | VE7: =VE33+$E45 -> 25 | VF7: =VF33+$F45 -> 25 | VG7: =VG33+$G45 -> 25 | VH7: =VH33+$H45 -> 25 | VI7: =VI33+$I45 -> 25 | VJ7: =VJ33+$J45 -> 25 | VK7: =VK33+$K45 -> 50 | VL7: =VL33+$L45 -> 25 | VM7: 0 | VN7: 0 | VO7: 0 | VP7: 0 | VQ7: 0 | VR7: 0 | VS7: 0 | VT7: 0 | VU7: 0 | VV7: 0 | VW7: 0 | VX7: =VX33+$B45 -> 12.5 | VY7: =VY33+$C45 -> 12.5 | VZ7: =VZ33+$D45 -> 12.5 | WA7: =WA33+$E45 -> 25 | WB7: =WB33+$F45 -> 25 | WC7: =WC33+$G45 -> 25 | WD7: =WD33+$H45 -> 25 | WE7: =WE33+$I45 -> 25 | WF7: =WF33+$J45 -> 25 | WG7: =WG33+$K45 -> 50 | WH7: =WH33+$L45 -> 25 | WI7: 0 | WJ7: 0 | WK7: 0 | WL7: 0 | WM7: 0 | WN7: 0 | WO7: 0 | WP7: 0 | WQ7: 0 | WR7: 0 | WS7: 0 | WT7: =WT33+$B45 -> 12.5 | WU7: =WU33+$C45 -> 12.5 | WV7: =WV33+$D45 -> 12.5 | WW7: =WW33+$E45 -> 25 | WX7: =WX33+$F45 -> 25 | WY7: =WY33+$G45 -> 25 | WZ7: =WZ33+$H45 -> 25 | XA7: =XA33+$I45 -> 25 | XB7: =XB33+$J45 -> 25 | XC7: =XC33+$K45 -> 50 | XD7: =XD33+$L45 -> 25 | XE7: 0 | XF7: 0 | XG7: 0 | XH7: 0 | XI7: 0 | XJ7: 0 | XK7: 0 | XL7: 0 | XM7: 0 | XN7: 0 | XO7: 0 | XP7: =XP33+$B45 -> 12.5 | XQ7: =XQ33+$C45 -> 12.5 | XR7: =XR33+$D45 -> 12.5 | XS7: =XS33+$E45 -> 25 | XT7: =XT33+$F45 -> 25 | XU7: =XU33+$G45 -> 25 | XV7: =XV33+$H45 -> 25 | XW7: =XW33+$I45 -> 25 | XX7: =XX33+$J45 -> 25 | XY7: =XY33+$K45 -> 50 | XZ7: =XZ33+$L45 -> 25 | YA7: 0 | YB7: 0 | YC7: 0 | YD7: 0 | YE7: 0 | YF7: 0 | YG7: 0 | YH7: 0 | YI7: 0 | YJ7: 0 | YK7: 0 | YL7: =YL33+$B45 -> 12.5 | YM7: =YM33+$C45 -> 12.5 | YN7: =YN33+$D45 -> 12.5 | YO7: =YO33+$E45 -> 25 | YP7: =YP33+$F45 -> 25 | YQ7: =YQ33+$G45 -> 25 | YR7: =YR33+$H45 -> 25 | YS7: =YS33+$I45 -> 25 | YT7: =YT33+$J45 -> 25 | YU7: =YU33+$K45 -> 50 | YV7: =YV33+$L45 -> 25 | YW7: 0 | YX7: 0 | YY7: 0 | YZ7: 0 | ZA7: 0 | ZB7: 0 | ZC7: 0 | ZD7: 0 | ZE7: 0 | ZF7: 0 | ZG7: 0 | ZH7: =ZH33+$B45 -> 12.5 | ZI7: =ZI33+$C45 -> 12.5 | ZJ7: =ZJ33+$D45 -> 12.5 | ZK7: =ZK33+$E45 -> 25 | ZL7: =ZL33+$F45 -> 25 | ZM7: =ZM33+$G45 -> 25 | ZN7: =ZN33+$H45 -> 25 | ZO7: =ZO33+$I45 -> 25 | ZP7: =ZP33+$J45 -> 25 | ZQ7: =ZQ33+$K45 -> 50 | ZR7: =ZR33+$L45 -> 25 | ZS7: 0 | ZT7: 0 | ZU7: 0 | ZV7: 0 | ZW7: 0 | ZX7: 0 | ZY7: 0 | ZZ7: 0 | AAA7: 0 | AAB7: 0 | AAC7: 0
A8: 3 | B8: =B34+$B46 -> 12.5 | C8: =C34+$C46 -> 12.5 | D8: =D34+$D46 -> 12.5 | E8: =E34+$E46 -> 25 | F8: =F34+$F46 -> 25 | G8: =G34+$G46 -> 25 | H8: =H34+$H46 -> 25 | I8: =I34+$I46 -> 25 | J8: =J34+$J46 -> 25 | K8: =K34+$K46 -> 50 | L8: =L34+$L46 -> 25 | M8: 0 | N8: 0 | O8: 0 | P8: 0 | Q8: 0 | R8: 0 | S8: 0 | T8: 0 | U8: 0 | V8: 0 | W8: 0 | X8: =X34+$B46 -> 12.5 | Y8: =Y34+$C46 -> 12.5 | Z8: =Z34+$D46 -> 12.5 | AA8: =AA34+$E46 -> 25 | AB8: =AB34+$F46 -> 25 | AC8: =AC34+$G46 -> 25 | AD8: =AD34+$H46 -> 25 | AE8: =AE34+$I46 -> 25 | AF8: =AF34+$J46 -> 25 | AG8: =AG34+$K46 -> 50 | AH8: =AH34+$L46 -> 25 | AI8: 0 | AJ8: 0 | AK8: 0 | AL8: 0 | AM8: 0 | AN8: 0 | AO8: 0 | AP8: 0 | AQ8: 0 | AR8: 0 | AS8: 0 | AT8: =AT34+$B46 -> 12.5 | AU8: =AU34+$C46 -> 12.5 | AV8: =AV34+$D46 -> 12.5 | AW8: =AW34+$E46 -> 25 | AX8: =AX34+$F46 -> 25 | AY8: =AY34+$G46 -> 25 | AZ8: =AZ34+$H46 -> 25 | BA8: =BA34+$I46 -> 25 | BB8: =BB34+$J46 -> 25 | BC8: =BC34+$K46 -> 50 | BD8: =BD34+$L46 -> 25 | BE8: 0 | BF8: 0 | BG8: 0 | BH8: 0 | BI8: 0 | BJ8: 0 | BK8: 0 | BL8: 0 | BM8: 0 | BN8: 0 | BO8: 0 | BP8: =BP34+$B46 -> 12.5 | BQ8: =BQ34+$C46 -> 12.5 | BR8: =BR34+$D46 -> 12.5 | BS8: =BS34+$E46 -> 25 | BT8: =BT34+$F46 -> 25 | BU8: =BU34+$G46 -> 25 | BV8: =BV34+$H46 -> 25 | BW8: =BW34+$I46 -> 25 | BX8: =BX34+$J46 -> 25 | BY8: =BY34+$K46 -> 50 | BZ8: =BZ34+$L46 -> 25 | CA8: 0 | CB8: 0 | CC8: 0 | CD8: 0 | CE8: 0 | CF8: 0 | CG8: 0 | CH8: 0 | CI8: 0 | CJ8: 0 | CK8: 0 | CL8: =CL34+$B46 -> 12.5 | CM8: =CM34+$C46 -> 12.5 | CN8: =CN34+$D46 -> 12.5 | CO8: =CO34+$E46 -> 25 | CP8: =CP34+$F46 -> 25 | CQ8: =CQ34+$G46 -> 25 | CR8: =CR34+$H46 -> 25 | CS8: =CS34+$I46 -> 25 | CT8: =CT34+$J46 -> 25 | CU8: =CU34+$K46 -> 50 | CV8: =CV34+$L46 -> 25 | CW8: 0 | CX8: 0 | CY8: 0 | CZ8: 0 | DA8: 0 | DB8: 0 | DC8: 0 | DD8: 0 | DE8: 0 | DF8: 0 | DG8: 0 | DH8: =DH34+$B46 -> 12.5 | DI8: =DI34+$C46 -> 12.5 | DJ8: =DJ34+$D46 -> 12.5 | DK8: =DK34+$E46 -> 25 | DL8: =DL34+$F46 -> 25 | DM8: =DM34+$G46 -> 25 | DN8: =DN34+$H46 -> 25 | DO8: =DO34+$I46 -> 25 | DP8: =DP34+$J46 -> 25 | DQ8: =DQ34+$K46 -> 50 | DR8: =DR34+$L46 -> 25 | DS8: 0 | DT8: 0 | DU8: 0 | DV8: 0 | DW8: 0 | DX8: 0 | DY8: 0 | DZ8: 0 | EA8: 0 | EB8: 0 | EC8: 0 | ED8: =ED34+$B46 -> 12.5 | EE8: =EE34+$C46 -> 12.5 | EF8: =EF34+$D46 -> 12.5 | EG8: =EG34+$E46 -> 25 | EH8: =EH34+$F46 -> 25 | EI8: =EI34+$G46 -> 25 | EJ8: =EJ34+$H46 -> 25 | EK8: =EK34+$I46 -> 25 | EL8: =EL34+$J46 -> 25 | EM8: =EM34+$K46 -> 50 | EN8: =EN34+$L46 -> 25 | EO8: 0 | EP8: 0 | EQ8: 0 | ER8: 0 | ES8: 0 | ET8: 0 | EU8: 0 | EV8: 0 | EW8: 0 | EX8: 0 | EY8: 0 | EZ8: =EZ34+$B46 -> 12.5 | FA8: =FA34+$C46 -> 12.5 | FB8: =FB34+$D46 -> 12.5 | FC8: =FC34+$E46 -> 25 | FD8: =FD34+$F46 -> 25 | FE8: =FE34+$G46 -> 25 | FF8: =FF34+$H46 -> 25 | FG8: =FG34+$I46 -> 25 | FH8: =FH34+$J46 -> 25 | FI8: =FI34+$K46 -> 50 | FJ8: =FJ34+$L46 -> 25 | FK8: 0 | FL8: 0 | FM8: 0 | FN8: 0 | FO8: 0 | FP8: 0 | FQ8: 0 | FR8: 0 | FS8: 0 | FT8: 0 | FU8: 0 | FV8: =FV34+$B46 -> 12.5 | FW8: =FW34+$C46 -> 12.5 | FX8: =FX34+$D46 -> 12.5 | FY8: =FY34+$E46 -> 25 | FZ8: =FZ34+$F46 -> 25 | GA8: =GA34+$G46 -> 25 | GB8: =GB34+$H46 -> 25 | GC8: =GC34+$I46 -> 25 | GD8: =GD34+$J46 -> 25 | GE8: =GE34+$K46 -> 50 | GF8: =GF34+$L46 -> 25 | GG8: 0 | GH8: 0 | GI8: 0 | GJ8: 0 | GK8: 0 | GL8: 0 | GM8: 0 | GN8: 0 | GO8: 0 | GP8: 0 | GQ8: 0 | GR8: =GR34+$B46 -> 12.5 | GS8: =GS34+$C46 -> 12.5 | GT8: =GT34+$D46 -> 12.5 | GU8: =GU34+$E46 -> 25 | GV8: =GV34+$F46 -> 25 | GW8: =GW34+$G46 -> 25 | GX8: =GX34+$H46 -> 25 | GY8: =GY34+$I46 -> 25 | GZ8: =GZ34+$J46 -> 25 | HA8: =HA34+$K46 -> 50 | HB8: =HB34+$L46 -> 25 | HC8: 0 | HD8: 0 | HE8: 0 | HF8: 0 | HG8: 0 | HH8: 0 | HI8: 0 | HJ8: 0 | HK8: 0 | HL8: 0 | HM8: 0 | HN8: =HN34+$B46 -> 12.5 | HO8: =HO34+$C46 -> 12.5 | HP8: =HP34+$D46 -> 12.5 | HQ8: =HQ34+$E46 -> 25 | HR8: =HR34+$F46 -> 25 | HS8: =HS34+$G46 -> 25 | HT8: =HT34+$H46 -> 25 | HU8: =HU34+$I46 -> 25 | HV8: =HV34+$J46 -> 25 | HW8: =HW34+$K46 -> 50 | HX8: =HX34+$L46 -> 25 | HY8: 0 | HZ8: 0 | IA8: 0 | IB8: 0 | IC8: 0 | ID8: 0 | IE8: 0 | IF8: 0 | IG8: 0 | IH8: 0 | II8: 0 | IJ8: =IJ34+$B46 -> 12.5 | IK8: =IK34+$C46 -> 12.5 | IL8: =IL34+$D46 -> 12.5 | IM8: =IM34+$E46 -> 25 | IN8: =IN34+$F46 -> 25 | IO8: =IO34+$G46 -> 25 | IP8: =IP34+$H46 -> 25 | IQ8: =IQ34+$I46 -> 25 | IR8: =IR34+$J46 -> 25 | IS8: =IS34+$K46 -> 50 | IT8: =IT34+$L46 -> 25 | IU8: 0 | IV8: 0 | IW8: 0 | IX8: 0 | IY8: 0 | IZ8: 0 | JA8: 0 | JB8: 0 | JC8: 0 | JD8: 0 | JE8: 0 | JF8: =JF34+$B46 -> 12.5 | JG8: =JG34+$C46 -> 12.5 | JH8: =JH34+$D46 -> 12.5 | JI8: =JI34+$E46 -> 25 | JJ8: =JJ34+$F46 -> 25 | JK8: =JK34+$G46 -> 25 | JL8: =JL34+$H46 -> 25 | JM8: =JM34+$I46 -> 25 | JN8: =JN34+$J46 -> 25 | JO8: =JO34+$K46 -> 50 | JP8: =JP34+$L46 -> 25 | JQ8: 0 | JR8: 0 | JS8: 0 | JT8: 0 | JU8: 0 | JV8: 0 | JW8: 0 | JX8: 0 | JY8: 0 | JZ8: 0 | KA8: 0 | KB8: =KB34+$B46 -> 12.5 | KC8: =KC34+$C46 -> 12.5 | KD8: =KD34+$D46 -> 12.5 | KE8: =KE34+$E46 -> 25 | KF8: =KF34+$F46 -> 25 | KG8: =KG34+$G46 -> 25 | KH8: =KH34+$H46 -> 25 | KI8: =KI34+$I46 -> 25 | KJ8: =KJ34+$J46 -> 25 | KK8: =KK34+$K46 -> 50 | KL8: =KL34+$L46 -> 25 | KM8: 0 | KN8: 0 | KO8: 0 | KP8: 0 | KQ8: 0 | KR8: 0 | KS8: 0 | KT8: 0 | KU8: 0 | KV8: 0 | KW8: 0 | KX8: =KX34+$B46 -> 12.5 | KY8: =KY34+$C46 -> 12.5 | KZ8: =KZ34+$D46 -> 12.5 | LA8: =LA34+$E46 -> 25 | LB8: =LB34+$F46 -> 25 | LC8: =LC34+$G46 -> 25 | LD8: =LD34+$H46 -> 25 | LE8: =LE34+$I46 -> 25 | LF8: =LF34+$J46 -> 25 | LG8: =LG34+$K46 -> 50 | LH8: =LH34+$L46 -> 25 | LI8: 0 | LJ8: 0 | LK8: 0 | LL8: 0 | LM8: 0 | LN8: 0 | LO8: 0 | LP8: 0 | LQ8: 0 | LR8: 0 | LS8: 0 | LT8: =LT34+$B46 -> 12.5 | LU8: =LU34+$C46 -> 12.5 | LV8: =LV34+$D46 -> 12.5 | LW8: =LW34+$E46 -> 25 | LX8: =LX34+$F46 -> 25 | LY8: =LY34+$G46 -> 25 | LZ8: =LZ34+$H46 -> 25 | MA8: =MA34+$I46 -> 25 | MB8: =MB34+$J46 -> 25 | MC8: =MC34+$K46 -> 50 | MD8: =MD34+$L46 -> 25 | ME8: 0 | MF8: 0 | MG8: 0 | MH8: 0 | MI8: 0 | MJ8: 0 | MK8: 0 | ML8: 0 | MM8: 0 | MN8: 0 | MO8: 0 | MP8: =MP34+$B46 -> 12.5 | MQ8: =MQ34+$C46 -> 12.5 | MR8: =MR34+$D46 -> 12.5 | MS8: =MS34+$E46 -> 25 | MT8: =MT34+$F46 -> 25 | MU8: =MU34+$G46 -> 25 | MV8: =MV34+$H46 -> 25 | MW8: =MW34+$I46 -> 25 | MX8: =MX34+$J46 -> 25 | MY8: =MY34+$K46 -> 50 | MZ8: =MZ34+$L46 -> 25 | NA8: 0 | NB8: 0 | NC8: 0 | ND8: 0 | NE8: 0 | NF8: 0 | NG8: 0 | NH8: 0 | NI8: 0 | NJ8: 0 | NK8: 0 | NL8: =NL34+$B46 -> 12.5 | NM8: =NM34+$C46 -> 12.5 | NN8: =NN34+$D46 -> 12.5 | NO8: =NO34+$E46 -> 25 | NP8: =NP34+$F46 -> 25 | NQ8: =NQ34+$G46 -> 25 | NR8: =NR34+$H46 -> 25 | NS8: =NS34+$I46 -> 25 | NT8: =NT34+$J46 -> 25 | NU8: =NU34+$K46 -> 50 | NV8: =NV34+$L46 -> 25 | NW8: 0 | NX8: 0 | NY8: 0 | NZ8: 0 | OA8: 0 | OB8: 0 | OC8: 0 | OD8: 0 | OE8: 0 | OF8: 0 | OG8: 0 | OH8: =OH34+$B46 -> 12.5 | OI8: =OI34+$C46 -> 12.5 | OJ8: =OJ34+$D46 -> 12.5 | OK8: =OK34+$E46 -> 25 | OL8: =OL34+$F46 -> 25 | OM8: =OM34+$G46 -> 25 | ON8: =ON34+$H46 -> 25 | OO8: =OO34+$I46 -> 25 | OP8: =OP34+$J46 -> 25 | OQ8: =OQ34+$K46 -> 50 | OR8: =OR34+$L46 -> 25 | OS8: 0 | OT8: 0 | OU8: 0 | OV8: 0 | OW8: 0 | OX8: 0 | OY8: 0 | OZ8: 0 | PA8: 0 | PB8: 0 | PC8: 0 | PD8: =PD34+$B46 -> 12.5 | PE8: =PE34+$C46 -> 12.5 | PF8: =PF34+$D46 -> 12.5 | PG8: =PG34+$E46 -> 25 | PH8: =PH34+$F46 -> 25 | PI8: =PI34+$G46 -> 25 | PJ8: =PJ34+$H46 -> 25 | PK8: =PK34+$I46 -> 25 | PL8: =PL34+$J46 -> 25 | PM8: =PM34+$K46 -> 50 | PN8: =PN34+$L46 -> 25 | PO8: 0 | PP8: 0 | PQ8: 0 | PR8: 0 | PS8: 0 | PT8: 0 | PU8: 0 | PV8: 0 | PW8: 0 | PX8: 0 | PY8: 0 | PZ8: =PZ34+$B46 -> 12.5 | QA8: =QA34+$C46 -> 12.5 | QB8: =QB34+$D46 -> 12.5 | QC8: =QC34+$E46 -> 25 | QD8: =QD34+$F46 -> 25 | QE8: =QE34+$G46 -> 25 | QF8: =QF34+$H46 -> 25 | QG8: =QG34+$I46 -> 25 | QH8: =QH34+$J46 -> 25 | QI8: =QI34+$K46 -> 50 | QJ8: =QJ34+$L46 -> 25 | QK8: 0 | QL8: 0 | QM8: 0 | QN8: 0 | QO8: 0 | QP8: 0 | QQ8: 0 | QR8: 0 | QS8: 0 | QT8: 0 | QU8: 0 | QV8: =QV34+$B46 -> 12.5 | QW8: =QW34+$C46 -> 12.5 | QX8: =QX34+$D46 -> 12.5 | QY8: =QY34+$E46 -> 25 | QZ8: =QZ34+$F46 -> 25 | RA8: =RA34+$G46 -> 25 | RB8: =RB34+$H46 -> 25 | RC8: =RC34+$I46 -> 25 | RD8: =RD34+$J46 -> 25 | RE8: =RE34+$K46 -> 50 | RF8: =RF34+$L46 -> 25 | RG8: 0 | RH8: 0 | RI8: 0 | RJ8: 0 | RK8: 0 | RL8: 0 | RM8: 0 | RN8: 0 | RO8: 0 | RP8: 0 | RQ8: 0 | RR8: =RR34+$B46 -> 12.5 | RS8: =RS34+$C46 -> 12.5 | RT8: =RT34+$D46 -> 12.5 | RU8: =RU34+$E46 -> 25 | RV8: =RV34+$F46 -> 25 | RW8: =RW34+$G46 -> 25 | RX8: =RX34+$H46 -> 25 | RY8: =RY34+$I46 -> 25 | RZ8: =RZ34+$J46 -> 25 | SA8: =SA34+$K46 -> 50 | SB8: =SB34+$L46 -> 25 | SC8: 0 | SD8: 0 | SE8: 0 | SF8: 0 | SG8: 0 | SH8: 0 | SI8: 0 | SJ8: 0 | SK8: 0 | SL8: 0 | SM8: 0 | SN8: =SN34+$B46 -> 12.5 | SO8: =SO34+$C46 -> 12.5 | SP8: =SP34+$D46 -> 12.5 | SQ8: =SQ34+$E46 -> 25 | SR8: =SR34+$F46 -> 25 | SS8: =SS34+$G46 -> 25 | ST8: =ST34+$H46 -> 25 | SU8: =SU34+$I46 -> 25 | SV8: =SV34+$J46 -> 25 | SW8: =SW34+$K46 -> 50 | SX8: =SX34+$L46 -> 25 | SY8: 0 | SZ8: 0 | TA8: 0 | TB8: 0 | TC8: 0 | TD8: 0 | TE8: 0 | TF8: 0 | TG8: 0 | TH8: 0 | TI8: 0 | TJ8: =TJ34+$B46 -> 12.5 | TK8: =TK34+$C46 -> 12.5 | TL8: =TL34+$D46 -> 12.5 | TM8: =TM34+$E46 -> 25 | TN8: =TN34+$F46 -> 25 | TO8: =TO34+$G46 -> 25 | TP8: =TP34+$H46 -> 25 | TQ8: =TQ34+$I46 -> 25 | TR8: =TR34+$J46 -> 25 | TS8: =TS34+$K46 -> 50 | TT8: =TT34+$L46 -> 25 | TU8: 0 | TV8: 0 | TW8: 0 | TX8: 0 | TY8: 0 | TZ8: 0 | UA8: 0 | UB8: 0 | UC8: 0 | UD8: 0 | UE8: 0 | UF8: =UF34+$B46 -> 12.5 | UG8: =UG34+$C46 -> 12.5 | UH8: =UH34+$D46 -> 12.5 | UI8: =UI34+$E46 -> 25 | UJ8: =UJ34+$F46 -> 25 | UK8: =UK34+$G46 -> 25 | UL8: =UL34+$H46 -> 25 | UM8: =UM34+$I46 -> 25 | UN8: =UN34+$J46 -> 25 | UO8: =UO34+$K46 -> 50 | UP8: =UP34+$L46 -> 25 | UQ8: 0 | UR8: 0 | US8: 0 | UT8: 0 | UU8: 0 | UV8: 0 | UW8: 0 | UX8: 0 | UY8: 0 | UZ8: 0 | VA8: 0 | VB8: =VB34+$B46 -> 12.5 | VC8: =VC34+$C46 -> 12.5 | VD8: =VD34+$D46 -> 12.5 | VE8: =VE34+$E46 -> 25 | VF8: =VF34+$F46 -> 25 | VG8: =VG34+$G46 -> 25 | VH8: =VH34+$H46 -> 25 | VI8: =VI34+$I46 -> 25 | VJ8: =VJ34+$J46 -> 25 | VK8: =VK34+$K46 -> 50 | VL8: =VL34+$L46 -> 25 | VM8: 0 | VN8: 0 | VO8: 0 | VP8: 0 | VQ8: 0 | VR8: 0 | VS8: 0 | VT8: 0 | VU8: 0 | VV8: 0 | VW8: 0 | VX8: =VX34+$B46 -> 12.5 | VY8: =VY34+$C46 -> 12.5 | VZ8: =VZ34+$D46 -> 12.5 | WA8: =WA34+$E46 -> 25 | WB8: =WB34+$F46 -> 25 | WC8: =WC34+$G46 -> 25 | WD8: =WD34+$H46 -> 25 | WE8: =WE34+$I46 -> 25 | WF8: =WF34+$J46 -> 25 | WG8: =WG34+$K46 -> 50 | WH8: =WH34+$L46 -> 25 | WI8: 0 | WJ8: 0 | WK8: 0 | WL8: 0 | WM8: 0 | WN8: 0 | WO8: 0 | WP8: 0 | WQ8: 0 | WR8: 0 | WS8: 0 | WT8: =WT34+$B46 -> 12.5 | WU8: =WU34+$C46 -> 12.5 | WV8: =WV34+$D46 -> 12.5 | WW8: =WW34+$E46 -> 25 | WX8: =WX34+$F46 -> 25 | WY8: =WY34+$G46 -> 25 | WZ8: =WZ34+$H46 -> 25 | XA8: =XA34+$I46 -> 25 | XB8: =XB34+$J46 -> 25 | XC8: =XC34+$K46 -> 50 | XD8: =XD34+$L46 -> 25 | XE8: 0 | XF8: 0 | XG8: 0 | XH8: 0 | XI8: 0 | XJ8: 0 | XK8: 0 | XL8: 0 | XM8: 0 | XN8: 0 | XO8: 0 | XP8: =XP34+$B46 -> 12.5 | XQ8: =XQ34+$C46 -> 12.5 | XR8: =XR34+$D46 -> 12.5 | XS8: =XS34+$E46 -> 25 | XT8: =XT34+$F46 -> 25 | XU8: =XU34+$G46 -> 25 | XV8: =XV34+$H46 -> 25 | XW8: =XW34+$I46 -> 25 | XX8: =XX34+$J46 -> 25 | XY8: =XY34+$K46 -> 50 | XZ8: =XZ34+$L46 -> 25 | YA8: 0 | YB8: 0 | YC8: 0 | YD8: 0 | YE8: 0 | YF8: 0 | YG8: 0 | YH8: 0 | YI8: 0 | YJ8: 0 | YK8: 0 | YL8: =YL34+$B46 -> 12.5 | YM8: =YM34+$C46 -> 12.5 | YN8: =YN34+$D46 -> 12.5 | YO8: =YO34+$E46 -> 25 | YP8: =YP34+$F46 -> 25 | YQ8: =YQ34+$G46 -> 25 | YR8: =YR34+$H46 -> 25 | YS8: =YS34+$I46 -> 25 | YT8: =YT34+$J46 -> 25 | YU8: =YU34+$K46 -> 50 | YV8: =YV34+$L46 -> 25 | YW8: 0 | YX8: 0 | YY8: 0 | YZ8: 0 | ZA8: 0 | ZB8: 0 | ZC8: 0 | ZD8: 0 | ZE8: 0 | ZF8: 0 | ZG8: 0 | ZH8: =ZH34+$B46 -> 12.5 | ZI8: =ZI34+$C46 -> 12.5 | ZJ8: =ZJ34+$D46 -> 12.5 | ZK8: =ZK34+$E46 -> 25 | ZL8: =ZL34+$F46 -> 25 | ZM8: =ZM34+$G46 -> 25 | ZN8: =ZN34+$H46 -> 25 | ZO8: =ZO34+$I46 -> 25 | ZP8: =ZP34+$J46 -> 25 | ZQ8: =ZQ34+$K46 -> 50 | ZR8: =ZR34+$L46 -> 25 | ZS8: 0 | ZT8: 0 | ZU8: 0 | ZV8: 0 | ZW8: 0 | ZX8: 0 | ZY8: 0 | ZZ8: 0 | AAA8: 0 | AAB8: 0 | AAC8: 0
A9: 4 | B9: =B35+$B47 -> 12.5 | C9: =C35+$C47 -> 12.5 | D9: =D35+$D47 -> 12.5 | E9: =E35+$E47 -> 33.125 | F9: =F35+$F47 -> 33.125 | G9: =G35+$G47 -> 33.125 | H9: =H35+$H47 -> 33.125 | I9: =I35+$I47 -> 35 | J9: =J35+$J47 -> 35 | K9: =K35+$K47 -> 56.25 | L9: =L35+$L47 -> 25 | M9: 0 | N9: 0 | O9: 0 | P9: 0 | Q9: 0 | R9: 0 | S9: 0 | T9: 0 | U9: 0 | V9: 0 | W9: 0 | X9: =X35+$B47 -> 12.5 | Y9: =Y35+$C47 -> 12.5 | Z9: =Z35+$D47 -> 12.5 | AA9: =AA35+$E47 -> 33.125 | AB9: =AB35+$F47 -> 33.125 | AC9: =AC35+$G47 -> 33.125 | AD9: =AD35+$H47 -> 33.125 | AE9: =AE35+$I47 -> 15 | AF9: =AF35+$J47 -> 35 | AG9: =AG35+$K47 -> 56.25 | AH9: =AH35+$L47 -> 25 | AI9: 0 | AJ9: 0 | AK9: 0 | AL9: 0 | AM9: 0 | AN9: 0 | AO9: 0 | AP9: 0 | AQ9: 0 | AR9: 0 | AS9: 0 | AT9: =AT35+$B47 -> 12.5 | AU9: =AU35+$C47 -> 12.5 | AV9: =AV35+$D47 -> 12.5 | AW9: =AW35+$E47 -> 33.125 | AX9: =AX35+$F47 -> 23.125 | AY9: =AY35+$G47 -> 33.125 | AZ9: =AZ35+$H47 -> 23.125 | BA9: =BA35+$I47 -> 35 | BB9: =BB35+$J47 -> 35 | BC9: =BC35+$K47 -> 56.25 | BD9: =BD35+$L47 -> 25 | BE9: 0 | BF9: 0 | BG9: 0 | BH9: 0 | BI9: 0 | BJ9: 0 | BK9: 0 | BL9: 0 | BM9: 0 | BN9: 0 | BO9: 0 | BP9: =BP35+$B47 -> 12.5 | BQ9: =BQ35+$C47 -> 12.5 | BR9: =BR35+$D47 -> 12.5 | BS9: =BS35+$E47 -> 33.125 | BT9: =BT35+$F47 -> 23.125 | BU9: =BU35+$G47 -> 33.125 | BV9: =BV35+$H47 -> 23.125 | BW9: =BW35+$I47 -> 15 | BX9: =BX35+$J47 -> 35 | BY9: =BY35+$K47 -> 56.25 | BZ9: =BZ35+$L47 -> 25 | CA9: 0 | CB9: 0 | CC9: 0 | CD9: 0 | CE9: 0 | CF9: 0 | CG9: 0 | CH9: 0 | CI9: 0 | CJ9: 0 | CK9: 0 | CL9: =CL35+$B47 -> 12.5 | CM9: =CM35+$C47 -> 12.5 | CN9: =CN35+$D47 -> 12.5 | CO9: =CO35+$E47 -> 23.125 | CP9: =CP35+$F47 -> 33.125 | CQ9: =CQ35+$G47 -> 33.125 | CR9: =CR35+$H47 -> 33.125 | CS9: =CS35+$I47 -> 35 | CT9: =CT35+$J47 -> 35 | CU9: =CU35+$K47 -> 56.25 | CV9: =CV35+$L47 -> 25 | CW9: 0 | CX9: 0 | CY9: 0 | CZ9: 0 | DA9: 0 | DB9: 0 | DC9: 0 | DD9: 0 | DE9: 0 | DF9: 0 | DG9: 0 | DH9: =DH35+$B47 -> 12.5 | DI9: =DI35+$C47 -> 12.5 | DJ9: =DJ35+$D47 -> 12.5 | DK9: =DK35+$E47 -> 23.125 | DL9: =DL35+$F47 -> 33.125 | DM9: =DM35+$G47 -> 33.125 | DN9: =DN35+$H47 -> 33.125 | DO9: =DO35+$I47 -> 15 | DP9: =DP35+$J47 -> 35 | DQ9: =DQ35+$K47 -> 56.25 | DR9: =DR35+$L47 -> 25 | DS9: 0 | DT9: 0 | DU9: 0 | DV9: 0 | DW9: 0 | DX9: 0 | DY9: 0 | DZ9: 0 | EA9: 0 | EB9: 0 | EC9: 0 | ED9: =ED35+$B47 -> 12.5 | EE9: =EE35+$C47 -> 12.5 | EF9: =EF35+$D47 -> 12.5 | EG9: =EG35+$E47 -> 23.125 | EH9: =EH35+$F47 -> 23.125 | EI9: =EI35+$G47 -> 33.125 | EJ9: =EJ35+$H47 -> 23.125 | EK9: =EK35+$I47 -> 35 | EL9: =EL35+$J47 -> 35 | EM9: =EM35+$K47 -> 56.25 | EN9: =EN35+$L47 -> 25 | EO9: 0 | EP9: 0 | EQ9: 0 | ER9: 0 | ES9: 0 | ET9: 0 | EU9: 0 | EV9: 0 | EW9: 0 | EX9: 0 | EY9: 0 | EZ9: =EZ35+$B47 -> 12.5 | FA9: =FA35+$C47 -> 12.5 | FB9: =FB35+$D47 -> 12.5 | FC9: =FC35+$E47 -> 23.125 | FD9: =FD35+$F47 -> 23.125 | FE9: =FE35+$G47 -> 33.125 | FF9: =FF35+$H47 -> 23.125 | FG9: =FG35+$I47 -> 15 | FH9: =FH35+$J47 -> 35 | FI9: =FI35+$K47 -> 56.25 | FJ9: =FJ35+$L47 -> 25 | FK9: 0 | FL9: 0 | FM9: 0 | FN9: 0 | FO9: 0 | FP9: 0 | FQ9: 0 | FR9: 0 | FS9: 0 | FT9: 0 | FU9: 0 | FV9: =FV35+$B47 -> 12.5 | FW9: =FW35+$C47 -> 12.5 | FX9: =FX35+$D47 -> 12.5 | FY9: =FY35+$E47 -> 33.125 | FZ9: =FZ35+$F47 -> 33.125 | GA9: =GA35+$G47 -> 23.125 | GB9: =GB35+$H47 -> 33.125 | GC9: =GC35+$I47 -> 35 | GD9: =GD35+$J47 -> 35 | GE9: =GE35+$K47 -> 56.25 | GF9: =GF35+$L47 -> 25 | GG9: 0 | GH9: 0 | GI9: 0 | GJ9: 0 | GK9: 0 | GL9: 0 | GM9: 0 | GN9: 0 | GO9: 0 | GP9: 0 | GQ9: 0 | GR9: =GR35+$B47 -> 12.5 | GS9: =GS35+$C47 -> 12.5 | GT9: =GT35+$D47 -> 12.5 | GU9: =GU35+$E47 -> 33.125 | GV9: =GV35+$F47 -> 33.125 | GW9: =GW35+$G47 -> 23.125 | GX9: =GX35+$H47 -> 33.125 | GY9: =GY35+$I47 -> 15 | GZ9: =GZ35+$J47 -> 35 | HA9: =HA35+$K47 -> 56.25 | HB9: =HB35+$L47 -> 25 | HC9: 0 | HD9: 0 | HE9: 0 | HF9: 0 | HG9: 0 | HH9: 0 | HI9: 0 | HJ9: 0 | HK9: 0 | HL9: 0 | HM9: 0 | HN9: =HN35+$B47 -> 12.5 | HO9: =HO35+$C47 -> 12.5 | HP9: =HP35+$D47 -> 12.5 | HQ9: =HQ35+$E47 -> 33.125 | HR9: =HR35+$F47 -> 23.125 | HS9: =HS35+$G47 -> 23.125 | HT9: =HT35+$H47 -> 23.125 | HU9: =HU35+$I47 -> 35 | HV9: =HV35+$J47 -> 35 | HW9: =HW35+$K47 -> 56.25 | HX9: =HX35+$L47 -> 25 | HY9: 0 | HZ9: 0 | IA9: 0 | IB9: 0 | IC9: 0 | ID9: 0 | IE9: 0 | IF9: 0 | IG9: 0 | IH9: 0 | II9: 0 | IJ9: =IJ35+$B47 -> 12.5 | IK9: =IK35+$C47 -> 12.5 | IL9: =IL35+$D47 -> 12.5 | IM9: =IM35+$E47 -> 33.125 | IN9: =IN35+$F47 -> 23.125 | IO9: =IO35+$G47 -> 23.125 | IP9: =IP35+$H47 -> 23.125 | IQ9: =IQ35+$I47 -> 15 | IR9: =IR35+$J47 -> 35 | IS9: =IS35+$K47 -> 56.25 | IT9: =IT35+$L47 -> 25 | IU9: 0 | IV9: 0 | IW9: 0 | IX9: 0 | IY9: 0 | IZ9: 0 | JA9: 0 | JB9: 0 | JC9: 0 | JD9: 0 | JE9: 0 | JF9: =JF35+$B47 -> 12.5 | JG9: =JG35+$C47 -> 12.5 | JH9: =JH35+$D47 -> 12.5 | JI9: =JI35+$E47 -> 23.125 | JJ9: =JJ35+$F47 -> 33.125 | JK9: =JK35+$G47 -> 23.125 | JL9: =JL35+$H47 -> 33.125 | JM9: =JM35+$I47 -> 35 | JN9: =JN35+$J47 -> 35 | JO9: =JO35+$K47 -> 56.25 | JP9: =JP35+$L47 -> 25 | JQ9: 0 | JR9: 0 | JS9: 0 | JT9: 0 | JU9: 0 | JV9: 0 | JW9: 0 | JX9: 0 | JY9: 0 | JZ9: 0 | KA9: 0 | KB9: =KB35+$B47 -> 12.5 | KC9: =KC35+$C47 -> 12.5 | KD9: =KD35+$D47 -> 12.5 | KE9: =KE35+$E47 -> 23.125 | KF9: =KF35+$F47 -> 33.125 | KG9: =KG35+$G47 -> 23.125 | KH9: =KH35+$H47 -> 33.125 | KI9: =KI35+$I47 -> 15 | KJ9: =KJ35+$J47 -> 35 | KK9: =KK35+$K47 -> 56.25 | KL9: =KL35+$L47 -> 25 | KM9: 0 | KN9: 0 | KO9: 0 | KP9: 0 | KQ9: 0 | KR9: 0 | KS9: 0 | KT9: 0 | KU9: 0 | KV9: 0 | KW9: 0 | KX9: =KX35+$B47 -> 12.5 | KY9: =KY35+$C47 -> 12.5 | KZ9: =KZ35+$D47 -> 12.5 | LA9: =LA35+$E47 -> 23.125 | LB9: =LB35+$F47 -> 23.125 | LC9: =LC35+$G47 -> 23.125 | LD9: =LD35+$H47 -> 23.125 | LE9: =LE35+$I47 -> 35 | LF9: =LF35+$J47 -> 35 | LG9: =LG35+$K47 -> 56.25 | LH9: =LH35+$L47 -> 25 | LI9: 0 | LJ9: 0 | LK9: 0 | LL9: 0 | LM9: 0 | LN9: 0 | LO9: 0 | LP9: 0 | LQ9: 0 | LR9: 0 | LS9: 0 | LT9: =LT35+$B47 -> 12.5 | LU9: =LU35+$C47 -> 12.5 | LV9: =LV35+$D47 -> 12.5 | LW9: =LW35+$E47 -> 23.125 | LX9: =LX35+$F47 -> 23.125 | LY9: =LY35+$G47 -> 23.125 | LZ9: =LZ35+$H47 -> 23.125 | MA9: =MA35+$I47 -> 15 | MB9: =MB35+$J47 -> 35 | MC9: =MC35+$K47 -> 56.25 | MD9: =MD35+$L47 -> 25 | ME9: 0 | MF9: 0 | MG9: 0 | MH9: 0 | MI9: 0 | MJ9: 0 | MK9: 0 | ML9: 0 | MM9: 0 | MN9: 0 | MO9: 0 | MP9: =MP35+$B47 -> 12.5 | MQ9: =MQ35+$C47 -> 12.5 | MR9: =MR35+$D47 -> 12.5 | MS9: =MS35+$E47 -> 33.125 | MT9: =MT35+$F47 -> 33.125 | MU9: =MU35+$G47 -> 33.125 | MV9: =MV35+$H47 -> 33.125 | MW9: =MW35+$I47 -> 35 | MX9: =MX35+$J47 -> 15 | MY9: =MY35+$K47 -> 56.25 | MZ9: =MZ35+$L47 -> 25 | NA9: 0 | NB9: 0 | NC9: 0 | ND9: 0 | NE9: 0 | NF9: 0 | NG9: 0 | NH9: 0 | NI9: 0 | NJ9: 0 | NK9: 0 | NL9: =NL35+$B47 -> 12.5 | NM9: =NM35+$C47 -> 12.5 | NN9: =NN35+$D47 -> 12.5 | NO9: =NO35+$E47 -> 33.125 | NP9: =NP35+$F47 -> 33.125 | NQ9: =NQ35+$G47 -> 33.125 | NR9: =NR35+$H47 -> 33.125 | NS9: =NS35+$I47 -> 15 | NT9: =NT35+$J47 -> 15 | NU9: =NU35+$K47 -> 56.25 | NV9: =NV35+$L47 -> 25 | NW9: 0 | NX9: 0 | NY9: 0 | NZ9: 0 | OA9: 0 | OB9: 0 | OC9: 0 | OD9: 0 | OE9: 0 | OF9: 0 | OG9: 0 | OH9: =OH35+$B47 -> 12.5 | OI9: =OI35+$C47 -> 12.5 | OJ9: =OJ35+$D47 -> 12.5 | OK9: =OK35+$E47 -> 33.125 | OL9: =OL35+$F47 -> 23.125 | OM9: =OM35+$G47 -> 33.125 | ON9: =ON35+$H47 -> 23.125 | OO9: =OO35+$I47 -> 35 | OP9: =OP35+$J47 -> 15 | OQ9: =OQ35+$K47 -> 56.25 | OR9: =OR35+$L47 -> 25 | OS9: 0 | OT9: 0 | OU9: 0 | OV9: 0 | OW9: 0 | OX9: 0 | OY9: 0 | OZ9: 0 | PA9: 0 | PB9: 0 | PC9: 0 | PD9: =PD35+$B47 -> 12.5 | PE9: =PE35+$C47 -> 12.5 | PF9: =PF35+$D47 -> 12.5 | PG9: =PG35+$E47 -> 33.125 | PH9: =PH35+$F47 -> 23.125 | PI9: =PI35+$G47 -> 33.125 | PJ9: =PJ35+$H47 -> 23.125 | PK9: =PK35+$I47 -> 15 | PL9: =PL35+$J47 -> 15 | PM9: =PM35+$K47 -> 56.25 | PN9: =PN35+$L47 -> 25 | PO9: 0 | PP9: 0 | PQ9: 0 | PR9: 0 | PS9: 0 | PT9: 0 | PU9: 0 | PV9: 0 | PW9: 0 | PX9: 0 | PY9: 0 | PZ9: =PZ35+$B47 -> 12.5 | QA9: =QA35+$C47 -> 12.5 | QB9: =QB35+$D47 -> 12.5 | QC9: =QC35+$E47 -> 23.125 | QD9: =QD35+$F47 -> 33.125 | QE9: =QE35+$G47 -> 33.125 | QF9: =QF35+$H47 -> 33.125 | QG9: =QG35+$I47 -> 35 | QH9: =QH35+$J47 -> 15 | QI9: =QI35+$K47 -> 56.25 | QJ9: =QJ35+$L47 -> 25 | QK9: 0 | QL9: 0 | QM9: 0 | QN9: 0 | QO9: 0 | QP9: 0 | QQ9: 0 | QR9: 0 | QS9: 0 | QT9: 0 | QU9: 0 | QV9: =QV35+$B47 -> 12.5 | QW9: =QW35+$C47 -> 12.5 | QX9: =QX35+$D47 -> 12.5 | QY9: =QY35+$E47 -> 23.125 | QZ9: =QZ35+$F47 -> 33.125 | RA9: =RA35+$G47 -> 33.125 | RB9: =RB35+$H47 -> 33.125 | RC9: =RC35+$I47 -> 15 | RD9: =RD35+$J47 -> 15 | RE9: =RE35+$K47 -> 56.25 | RF9: =RF35+$L47 -> 25 | RG9: 0 | RH9: 0 | RI9: 0 | RJ9: 0 | RK9: 0 | RL9: 0 | RM9: 0 | RN9: 0 | RO9: 0 | RP9: 0 | RQ9: 0 | RR9: =RR35+$B47 -> 12.5 | RS9: =RS35+$C47 -> 12.5 | RT9: =RT35+$D47 -> 12.5 | RU9: =RU35+$E47 -> 23.125 | RV9: =RV35+$F47 -> 23.125 | RW9: =RW35+$G47 -> 33.125 | RX9: =RX35+$H47 -> 23.125 | RY9: =RY35+$I47 -> 35 | RZ9: =RZ35+$J47 -> 15 | SA9: =SA35+$K47 -> 56.25 | SB9: =SB35+$L47 -> 25 | SC9: 0 | SD9: 0 | SE9: 0 | SF9: 0 | SG9: 0 | SH9: 0 | SI9: 0 | SJ9: 0 | SK9: 0 | SL9: 0 | SM9: 0 | SN9: =SN35+$B47 -> 12.5 | SO9: =SO35+$C47 -> 12.5 | SP9: =SP35+$D47 -> 12.5 | SQ9: =SQ35+$E47 -> 23.125 | SR9: =SR35+$F47 -> 23.125 | SS9: =SS35+$G47 -> 33.125 | ST9: =ST35+$H47 -> 23.125 | SU9: =SU35+$I47 -> 15 | SV9: =SV35+$J47 -> 15 | SW9: =SW35+$K47 -> 56.25 | SX9: =SX35+$L47 -> 25 | SY9: 0 | SZ9: 0 | TA9: 0 | TB9: 0 | TC9: 0 | TD9: 0 | TE9: 0 | TF9: 0 | TG9: 0 | TH9: 0 | TI9: 0 | TJ9: =TJ35+$B47 -> 12.5 | TK9: =TK35+$C47 -> 12.5 | TL9: =TL35+$D47 -> 12.5 | TM9: =TM35+$E47 -> 33.125 | TN9: =TN35+$F47 -> 33.125 | TO9: =TO35+$G47 -> 23.125 | TP9: =TP35+$H47 -> 33.125 | TQ9: =TQ35+$I47 -> 35 | TR9: =TR35+$J47 -> 15 | TS9: =TS35+$K47 -> 56.25 | TT9: =TT35+$L47 -> 25 | TU9: 0 | TV9: 0 | TW9: 0 | TX9: 0 | TY9: 0 | TZ9: 0 | UA9: 0 | UB9: 0 | UC9: 0 | UD9: 0 | UE9: 0 | UF9: =UF35+$B47 -> 12.5 | UG9: =UG35+$C47 -> 12.5 | UH9: =UH35+$D47 -> 12.5 | UI9: =UI35+$E47 -> 33.125 | UJ9: =UJ35+$F47 -> 33.125 | UK9: =UK35+$G47 -> 23.125 | UL9: =UL35+$H47 -> 33.125 | UM9: =UM35+$I47 -> 15 | UN9: =UN35+$J47 -> 15 | UO9: =UO35+$K47 -> 56.25 | UP9: =UP35+$L47 -> 25 | UQ9: 0 | UR9: 0 | US9: 0 | UT9: 0 | UU9: 0 | UV9: 0 | UW9: 0 | UX9: 0 | UY9: 0 | UZ9: 0 | VA9: 0 | VB9: =VB35+$B47 -> 12.5 | VC9: =VC35+$C47 -> 12.5 | VD9: =VD35+$D47 -> 12.5 | VE9: =VE35+$E47 -> 33.125 | VF9: =VF35+$F47 -> 23.125 | VG9: =VG35+$G47 -> 23.125 | VH9: =VH35+$H47 -> 23.125 | VI9: =VI35+$I47 -> 35 | VJ9: =VJ35+$J47 -> 15 | VK9: =VK35+$K47 -> 56.25 | VL9: =VL35+$L47 -> 25 | VM9: 0 | VN9: 0 | VO9: 0 | VP9: 0 | VQ9: 0 | VR9: 0 | VS9: 0 | VT9: 0 | VU9: 0 | VV9: 0 | VW9: 0 | VX9: =VX35+$B47 -> 12.5 | VY9: =VY35+$C47 -> 12.5 | VZ9: =VZ35+$D47 -> 12.5 | WA9: =WA35+$E47 -> 33.125 | WB9: =WB35+$F47 -> 23.125 | WC9: =WC35+$G47 -> 23.125 | WD9: =WD35+$H47 -> 23.125 | WE9: =WE35+$I47 -> 15 | WF9: =WF35+$J47 -> 15 | WG9: =WG35+$K47 -> 56.25 | WH9: =WH35+$L47 -> 25 | WI9: 0 | WJ9: 0 | WK9: 0 | WL9: 0 | WM9: 0 | WN9: 0 | WO9: 0 | WP9: 0 | WQ9: 0 | WR9: 0 | WS9: 0 | WT9: =WT35+$B47 -> 12.5 | WU9: =WU35+$C47 -> 12.5 | WV9: =WV35+$D47 -> 12.5 | WW9: =WW35+$E47 -> 23.125 | WX9: =WX35+$F47 -> 33.125 | WY9: =WY35+$G47 -> 23.125 | WZ9: =WZ35+$H47 -> 33.125 | XA9: =XA35+$I47 -> 35 | XB9: =XB35+$J47 -> 15 | XC9: =XC35+$K47 -> 56.25 | XD9: =XD35+$L47 -> 25 | XE9: 0 | XF9: 0 | XG9: 0 | XH9: 0 | XI9: 0 | XJ9: 0 | XK9: 0 | XL9: 0 | XM9: 0 | XN9: 0 | XO9: 0 | XP9: =XP35+$B47 -> 12.5 | XQ9: =XQ35+$C47 -> 12.5 | XR9: =XR35+$D47 -> 12.5 | XS9: =XS35+$E47 -> 23.125 | XT9: =XT35+$F47 -> 33.125 | XU9: =XU35+$G47 -> 23.125 | XV9: =XV35+$H47 -> 33.125 | XW9: =XW35+$I47 -> 15 | XX9: =XX35+$J47 -> 15 | XY9: =XY35+$K47 -> 56.25 | XZ9: =XZ35+$L47 -> 25 | YA9: 0 | YB9: 0 | YC9: 0 | YD9: 0 | YE9: 0 | YF9: 0 | YG9: 0 | YH9: 0 | YI9: 0 | YJ9: 0 | YK9: 0 | YL9: =YL35+$B47 -> 12.5 | YM9: =YM35+$C47 -> 12.5 | YN9: =YN35+$D47 -> 12.5 | YO9: =YO35+$E47 -> 23.125 | YP9: =YP35+$F47 -> 23.125 | YQ9: =YQ35+$G47 -> 23.125 | YR9: =YR35+$H47 -> 23.125 | YS9: =YS35+$I47 -> 35 | YT9: =YT35+$J47 -> 15 | YU9: =YU35+$K47 -> 56.25 | YV9: =YV35+$L47 -> 25 | YW9: 0 | YX9: 0 | YY9: 0 | YZ9: 0 | ZA9: 0 | ZB9: 0 | ZC9: 0 | ZD9: 0 | ZE9: 0 | ZF9: 0 | ZG9: 0 | ZH9: =ZH35+$B47 -> 12.5 | ZI9: =ZI35+$C47 -> 12.5 | ZJ9: =ZJ35+$D47 -> 12.5 | ZK9: =ZK35+$E47 -> 23.125 | ZL9: =ZL35+$F47 -> 23.125 | ZM9: =ZM35+$G47 -> 23.125 | ZN9: =ZN35+$H47 -> 23.125 | ZO9: =ZO35+$I47 -> 15 | ZP9: =ZP35+$J47 -> 15 | ZQ9: =ZQ35+$K47 -> 56.25 | ZR9: =ZR35+$L47 -> 25 | ZS9: 0 | ZT9: 0 | ZU9: 0 | ZV9: 0 | ZW9: 0 | ZX9: 0 | ZY9: 0 | ZZ9: 0 | AAA9: 0 | AAB9: 0 | AAC9: 0
A10: 5 | B10: =B36+$B48 -> 12.5 | C10: =C36+$C48 -> 12.5 | D10: =D36+$D48 -> 12.5 | E10: =E36+$E48 -> 25 | F10: =F36+$F48 -> 25 | G10: =G36+$G48 -> 25 | H10: =H36+$H48 -> 25 | I10: =I36+$I48 -> 25 | J10: =J36+$J48 -> 25 | K10: =K36+$K48 -> 43.75 | L10: =L36+$L48 -> 25 | M10: 0 | N10: 0 | O10: 0 | P10: 0 | Q10: 0 | R10: 0 | S10: 0 | T10: 0 | U10: 0 | V10: 0 | W10: 0 | X10: =X36+$B48 -> 12.5 | Y10: =Y36+$C48 -> 12.5 | Z10: =Z36+$D48 -> 12.5 | AA10: =AA36+$E48 -> 25 | AB10: =AB36+$F48 -> 25 | AC10: =AC36+$G48 -> 25 | AD10: =AD36+$H48 -> 25 | AE10: =AE36+$I48 -> 25 | AF10: =AF36+$J48 -> 25 | AG10: =AG36+$K48 -> 43.75 | AH10: =AH36+$L48 -> 25 | AI10: 0 | AJ10: 0 | AK10: 0 | AL10: 0 | AM10: 0 | AN10: 0 | AO10: 0 | AP10: 0 | AQ10: 0 | AR10: 0 | AS10: 0 | AT10: =AT36+$B48 -> 12.5 | AU10: =AU36+$C48 -> 12.5 | AV10: =AV36+$D48 -> 12.5 | AW10: =AW36+$E48 -> 25 | AX10: =AX36+$F48 -> 25 | AY10: =AY36+$G48 -> 25 | AZ10: =AZ36+$H48 -> 25 | BA10: =BA36+$I48 -> 25 | BB10: =BB36+$J48 -> 25 | BC10: =BC36+$K48 -> 43.75 | BD10: =BD36+$L48 -> 25 | BE10: 0 | BF10: 0 | BG10: 0 | BH10: 0 | BI10: 0 | BJ10: 0 | BK10: 0 | BL10: 0 | BM10: 0 | BN10: 0 | BO10: 0 | BP10: =BP36+$B48 -> 12.5 | BQ10: =BQ36+$C48 -> 12.5 | BR10: =BR36+$D48 -> 12.5 | BS10: =BS36+$E48 -> 25 | BT10: =BT36+$F48 -> 25 | BU10: =BU36+$G48 -> 25 | BV10: =BV36+$H48 -> 25 | BW10: =BW36+$I48 -> 25 | BX10: =BX36+$J48 -> 25 | BY10: =BY36+$K48 -> 43.75 | BZ10: =BZ36+$L48 -> 25 | CA10: 0 | CB10: 0 | CC10: 0 | CD10: 0 | CE10: 0 | CF10: 0 | CG10: 0 | CH10: 0 | CI10: 0 | CJ10: 0 | CK10: 0 | CL10: =CL36+$B48 -> 12.5 | CM10: =CM36+$C48 -> 12.5 | CN10: =CN36+$D48 -> 12.5 | CO10: =CO36+$E48 -> 25 | CP10: =CP36+$F48 -> 25 | CQ10: =CQ36+$G48 -> 25 | CR10: =CR36+$H48 -> 25 | CS10: =CS36+$I48 -> 25 | CT10: =CT36+$J48 -> 25 | CU10: =CU36+$K48 -> 43.75 | CV10: =CV36+$L48 -> 25 | CW10: 0 | CX10: 0 | CY10: 0 | CZ10: 0 | DA10: 0 | DB10: 0 | DC10: 0 | DD10: 0 | DE10: 0 | DF10: 0 | DG10: 0 | DH10: =DH36+$B48 -> 12.5 | DI10: =DI36+$C48 -> 12.5 | DJ10: =DJ36+$D48 -> 12.5 | DK10: =DK36+$E48 -> 25 | DL10: =DL36+$F48 -> 25 | DM10: =DM36+$G48 -> 25 | DN10: =DN36+$H48 -> 25 | DO10: =DO36+$I48 -> 25 | DP10: =DP36+$J48 -> 25 | DQ10: =DQ36+$K48 -> 43.75 | DR10: =DR36+$L48 -> 25 | DS10: 0 | DT10: 0 | DU10: 0 | DV10: 0 | DW10: 0 | DX10: 0 | DY10: 0 | DZ10: 0 | EA10: 0 | EB10: 0 | EC10: 0 | ED10: =ED36+$B48 -> 12.5 | EE10: =EE36+$C48 -> 12.5 | EF10: =EF36+$D48 -> 12.5 | EG10: =EG36+$E48 -> 25 | EH10: =EH36+$F48 -> 25 | EI10: =EI36+$G48 -> 25 | EJ10: =EJ36+$H48 -> 25 | EK10: =EK36+$I48 -> 25 | EL10: =EL36+$J48 -> 25 | EM10: =EM36+$K48 -> 43.75 | EN10: =EN36+$L48 -> 25 | EO10: 0 | EP10: 0 | EQ10: 0 | ER10: 0 | ES10: 0 | ET10: 0 | EU10: 0 | EV10: 0 | EW10: 0 | EX10: 0 | EY10: 0 | EZ10: =EZ36+$B48 -> 12.5 | FA10: =FA36+$C48 -> 12.5 | FB10: =FB36+$D48 -> 12.5 | FC10: =FC36+$E48 -> 25 | FD10: =FD36+$F48 -> 25 | FE10: =FE36+$G48 -> 25 | FF10: =FF36+$H48 -> 25 | FG10: =FG36+$I48 -> 25 | FH10: =FH36+$J48 -> 25 | FI10: =FI36+$K48 -> 43.75 | FJ10: =FJ36+$L48 -> 25 | FK10: 0 | FL10: 0 | FM10: 0 | FN10: 0 | FO10: 0 | FP10: 0 | FQ10: 0 | FR10: 0 | FS10: 0 | FT10: 0 | FU10: 0 | FV10: =FV36+$B48 -> 12.5 | FW10: =FW36+$C48 -> 12.5 | FX10: =FX36+$D48 -> 12.5 | FY10: =FY36+$E48 -> 25 | FZ10: =FZ36+$F48 -> 25 | GA10: =GA36+$G48 -> 25 | GB10: =GB36+$H48 -> 25 | GC10: =GC36+$I48 -> 25 | GD10: =GD36+$J48 -> 25 | GE10: =GE36+$K48 -> 43.75 | GF10: =GF36+$L48 -> 25 | GG10: 0 | GH10: 0 | GI10: 0 | GJ10: 0 | GK10: 0 | GL10: 0 | GM10: 0 | GN10: 0 | GO10: 0 | GP10: 0 | GQ10: 0 | GR10: =GR36+$B48 -> 12.5 | GS10: =GS36+$C48 -> 12.5 | GT10: =GT36+$D48 -> 12.5 | GU10: =GU36+$E48 -> 25 | GV10: =GV36+$F48 -> 25 | GW10: =GW36+$G48 -> 25 | GX10: =GX36+$H48 -> 25 | GY10: =GY36+$I48 -> 25 | GZ10: =GZ36+$J48 -> 25 | HA10: =HA36+$K48 -> 43.75 | HB10: =HB36+$L48 -> 25 | HC10: 0 | HD10: 0 | HE10: 0 | HF10: 0 | HG10: 0 | HH10: 0 | HI10: 0 | HJ10: 0 | HK10: 0 | HL10: 0 | HM10: 0 | HN10: =HN36+$B48 -> 12.5 | HO10: =HO36+$C48 -> 12.5 | HP10: =HP36+$D48 -> 12.5 | HQ10: =HQ36+$E48 -> 25 | HR10: =HR36+$F48 -> 25 | HS10: =HS36+$G48 -> 25 | HT10: =HT36+$H48 -> 25 | HU10: =HU36+$I48 -> 25 | HV10: =HV36+$J48 -> 25 | HW10: =HW36+$K48 -> 43.75 | HX10: =HX36+$L48 -> 25 | HY10: 0 | HZ10: 0 | IA10: 0 | IB10: 0 | IC10: 0 | ID10: 0 | IE10: 0 | IF10: 0 | IG10: 0 | IH10: 0 | II10: 0 | IJ10: =IJ36+$B48 -> 12.5 | IK10: =IK36+$C48 -> 12.5 | IL10: =IL36+$D48 -> 12.5 | IM10: =IM36+$E48 -> 25 | IN10: =IN36+$F48 -> 25 | IO10: =IO36+$G48 -> 25 | IP10: =IP36+$H48 -> 25 | IQ10: =IQ36+$I48 -> 25 | IR10: =IR36+$J48 -> 25 | IS10: =IS36+$K48 -> 43.75 | IT10: =IT36+$L48 -> 25 | IU10: 0 | IV10: 0 | IW10: 0 | IX10: 0 | IY10: 0 | IZ10: 0 | JA10: 0 | JB10: 0 | JC10: 0 | JD10: 0 | JE10: 0 | JF10: =JF36+$B48 -> 12.5 | JG10: =JG36+$C48 -> 12.5 | JH10: =JH36+$D48 -> 12.5 | JI10: =JI36+$E48 -> 25 | JJ10: =JJ36+$F48 -> 25 | JK10: =JK36+$G48 -> 25 | JL10: =JL36+$H48 -> 25 | JM10: =JM36+$I48 -> 25 | JN10: =JN36+$J48 -> 25 | JO10: =JO36+$K48 -> 43.75 | JP10: =JP36+$L48 -> 25 | JQ10: 0 | JR10: 0 | JS10: 0 | JT10: 0 | JU10: 0 | JV10: 0 | JW10: 0 | JX10: 0 | JY10: 0 | JZ10: 0 | KA10: 0 | KB10: =KB36+$B48 -> 12.5 | KC10: =KC36+$C48 -> 12.5 | KD10: =KD36+$D48 -> 12.5 | KE10: =KE36+$E48 -> 25 | KF10: =KF36+$F48 -> 25 | KG10: =KG36+$G48 -> 25 | KH10: =KH36+$H48 -> 25 | KI10: =KI36+$I48 -> 25 | KJ10: =KJ36+$J48 -> 25 | KK10: =KK36+$K48 -> 43.75 | KL10: =KL36+$L48 -> 25 | KM10: 0 | KN10: 0 | KO10: 0 | KP10: 0 | KQ10: 0 | KR10: 0 | KS10: 0 | KT10: 0 | KU10: 0 | KV10: 0 | KW10: 0 | KX10: =KX36+$B48 -> 12.5 | KY10: =KY36+$C48 -> 12.5 | KZ10: =KZ36+$D48 -> 12.5 | LA10: =LA36+$E48 -> 25 | LB10: =LB36+$F48 -> 25 | LC10: =LC36+$G48 -> 25 | LD10: =LD36+$H48 -> 25 | LE10: =LE36+$I48 -> 25 | LF10: =LF36+$J48 -> 25 | LG10: =LG36+$K48 -> 43.75 | LH10: =LH36+$L48 -> 25 | LI10: 0 | LJ10: 0 | LK10: 0 | LL10: 0 | LM10: 0 | LN10: 0 | LO10: 0 | LP10: 0 | LQ10: 0 | LR10: 0 | LS10: 0 | LT10: =LT36+$B48 -> 12.5 | LU10: =LU36+$C48 -> 12.5 | LV10: =LV36+$D48 -> 12.5 | LW10: =LW36+$E48 -> 25 | LX10: =LX36+$F48 -> 25 | LY10: =LY36+$G48 -> 25 | LZ10: =LZ36+$H48 -> 25 | MA10: =MA36+$I48 -> 25 | MB10: =MB36+$J48 -> 25 | MC10: =MC36+$K48 -> 43.75 | MD10: =MD36+$L48 -> 25 | ME10: 0 | MF10: 0 | MG10: 0 | MH10: 0 | MI10: 0 | MJ10: 0 | MK10: 0 | ML10: 0 | MM10: 0 | MN10: 0 | MO10: 0 | MP10: =MP36+$B48 -> 12.5 | MQ10: =MQ36+$C48 -> 12.5 | MR10: =MR36+$D48 -> 12.5 | MS10: =MS36+$E48 -> 25 | MT10: =MT36+$F48 -> 25 | MU10: =MU36+$G48 -> 25 | MV10: =MV36+$H48 -> 25 | MW10: =MW36+$I48 -> 25 | MX10: =MX36+$J48 -> 25 | MY10: =MY36+$K48 -> 43.75 | MZ10: =MZ36+$L48 -> 25 | NA10: 0 | NB10: 0 | NC10: 0 | ND10: 0 | NE10: 0 | NF10: 0 | NG10: 0 | NH10: 0 | NI10: 0 | NJ10: 0 | NK10: 0 | NL10: =NL36+$B48 -> 12.5 | NM10: =NM36+$C48 -> 12.5 | NN10: =NN36+$D48 -> 12.5 | NO10: =NO36+$E48 -> 25 | NP10: =NP36+$F48 -> 25 | NQ10: =NQ36+$G48 -> 25 | NR10: =NR36+$H48 -> 25 | NS10: =NS36+$I48 -> 25 | NT10: =NT36+$J48 -> 25 | NU10: =NU36+$K48 -> 43.75 | NV10: =NV36+$L48 -> 25 | NW10: 0 | NX10: 0 | NY10: 0 | NZ10: 0 | OA10: 0 | OB10: 0 | OC10: 0 | OD10: 0 | OE10: 0 | OF10: 0 | OG10: 0 | OH10: =OH36+$B48 -> 12.5 | OI10: =OI36+$C48 -> 12.5 | OJ10: =OJ36+$D48 -> 12.5 | OK10: =OK36+$E48 -> 25 | OL10: =OL36+$F48 -> 25 | OM10: =OM36+$G48 -> 25 | ON10: =ON36+$H48 -> 25 | OO10: =OO36+$I48 -> 25 | OP10: =OP36+$J48 -> 25 | OQ10: =OQ36+$K48 -> 43.75 | OR10: =OR36+$L48 -> 25 | OS10: 0 | OT10: 0 | OU10: 0 | OV10: 0 | OW10: 0 | OX10: 0 | OY10: 0 | OZ10: 0 | PA10: 0 | PB10: 0 | PC10: 0 | PD10: =PD36+$B48 -> 12.5 | PE10: =PE36+$C48 -> 12.5 | PF10: =PF36+$D48 -> 12.5 | PG10: =PG36+$E48 -> 25 | PH10: =PH36+$F48 -> 25 | PI10: =PI36+$G48 -> 25 | PJ10: =PJ36+$H48 -> 25 | PK10: =PK36+$I48 -> 25 | PL10: =PL36+$J48 -> 25 | PM10: =PM36+$K48 -> 43.75 | PN10: =PN36+$L48 -> 25 | PO10: 0 | PP10: 0 | PQ10: 0 | PR10: 0 | PS10: 0 | PT10: 0 | PU10: 0 | PV10: 0 | PW10: 0 | PX10: 0 | PY10: 0 | PZ10: =PZ36+$B48 -> 12.5 | QA10: =QA36+$C48 -> 12.5 | QB10: =QB36+$D48 -> 12.5 | QC10: =QC36+$E48 -> 25 | QD10: =QD36+$F48 -> 25 | QE10: =QE36+$G48 -> 25 | QF10: =QF36+$H48 -> 25 | QG10: =QG36+$I48 -> 25 | QH10: =QH36+$J48 -> 25 | QI10: =QI36+$K48 -> 43.75 | QJ10: =QJ36+$L48 -> 25 | QK10: 0 | QL10: 0 | QM10: 0 | QN10: 0 | QO10: 0 | QP10: 0 | QQ10: 0 | QR10: 0 | QS10: 0 | QT10: 0 | QU10: 0 | QV10: =QV36+$B48 -> 12.5 | QW10: =QW36+$C48 -> 12.5 | QX10: =QX36+$D48 -> 12.5 | QY10: =QY36+$E48 -> 25 | QZ10: =QZ36+$F48 -> 25 | RA10: =RA36+$G48 -> 25 | RB10: =RB36+$H48 -> 25 | RC10: =RC36+$I48 -> 25 | RD10: =RD36+$J48 -> 25 | RE10: =RE36+$K48 -> 43.75 | RF10: =RF36+$L48 -> 25 | RG10: 0 | RH10: 0 | RI10: 0 | RJ10: 0 | RK10: 0 | RL10: 0 | RM10: 0 | RN10: 0 | RO10: 0 | RP10: 0 | RQ10: 0 | RR10: =RR36+$B48 -> 12.5 | RS10: =RS36+$C48 -> 12.5 | RT10: =RT36+$D48 -> 12.5 | RU10: =RU36+$E48 -> 25 | RV10: =RV36+$F48 -> 25 | RW10: =RW36+$G48 -> 25 | RX10: =RX36+$H48 -> 25 | RY10: =RY36+$I48 -> 25 | RZ10: =RZ36+$J48 -> 25 | SA10: =SA36+$K48 -> 43.75 | SB10: =SB36+$L48 -> 25 | SC10: 0 | SD10: 0 | SE10: 0 | SF10: 0 | SG10: 0 | SH10: 0 | SI10: 0 | SJ10: 0 | SK10: 0 | SL10: 0 | SM10: 0 | SN10: =SN36+$B48 -> 12.5 | SO10: =SO36+$C48 -> 12.5 | SP10: =SP36+$D48 -> 12.5 | SQ10: =SQ36+$E48 -> 25 | SR10: =SR36+$F48 -> 25 | SS10: =SS36+$G48 -> 25 | ST10: =ST36+$H48 -> 25 | SU10: =SU36+$I48 -> 25 | SV10: =SV36+$J48 -> 25 | SW10: =SW36+$K48 -> 43.75 | SX10: =SX36+$L48 -> 25 | SY10: 0 | SZ10: 0 | TA10: 0 | TB10: 0 | TC10: 0 | TD10: 0 | TE10: 0 | TF10: 0 | TG10: 0 | TH10: 0 | TI10: 0 | TJ10: =TJ36+$B48 -> 12.5 | TK10: =TK36+$C48 -> 12.5 | TL10: =TL36+$D48 -> 12.5 | TM10: =TM36+$E48 -> 25 | TN10: =TN36+$F48 -> 25 | TO10: =TO36+$G48 -> 25 | TP10: =TP36+$H48 -> 25 | TQ10: =TQ36+$I48 -> 25 | TR10: =TR36+$J48 -> 25 | TS10: =TS36+$K48 -> 43.75 | TT10: =TT36+$L48 -> 25 | TU10: 0 | TV10: 0 | TW10: 0 | TX10: 0 | TY10: 0 | TZ10: 0 | UA10: 0 | UB10: 0 | UC10: 0 | UD10: 0 | UE10: 0 | UF10: =UF36+$B48 -> 12.5 | UG10: =UG36+$C48 -> 12.5 | UH10: =UH36+$D48 -> 12.5 | UI10: =UI36+$E48 -> 25 | UJ10: =UJ36+$F48 -> 25 | UK10: =UK36+$G48 -> 25 | UL10: =UL36+$H48 -> 25 | UM10: =UM36+$I48 -> 25 | UN10: =UN36+$J48 -> 25 | UO10: =UO36+$K48 -> 43.75 | UP10: =UP36+$L48 -> 25 | UQ10: 0 | UR10: 0 | US10: 0 | UT10: 0 | UU10: 0 | UV10: 0 | UW10: 0 | UX10: 0 | UY10: 0 | UZ10: 0 | VA10: 0 | VB10: =VB36+$B48 -> 12.5 | VC10: =VC36+$C48 -> 12.5 | VD10: =VD36+$D48 -> 12.5 | VE10: =VE36+$E48 -> 25 | VF10: =VF36+$F48 -> 25 | VG10: =VG36+$G48 -> 25 | VH10: =VH36+$H48 -> 25 | VI10: =VI36+$I48 -> 25 | VJ10: =VJ36+$J48 -> 25 | VK10: =VK36+$K48 -> 43.75 | VL10: =VL36+$L48 -> 25 | VM10: 0 | VN10: 0 | VO10: 0 | VP10: 0 | VQ10: 0 | VR10: 0 | VS10: 0 | VT10: 0 | VU10: 0 | VV10: 0 | VW10: 0 | VX10: =VX36+$B48 -> 12.5 | VY10: =VY36+$C48 -> 12.5 | VZ10: =VZ36+$D48 -> 12.5 | WA10: =WA36+$E48 -> 25 | WB10: =WB36+$F48 -> 25 | WC10: =WC36+$G48 -> 25 | WD10: =WD36+$H48 -> 25 | WE10: =WE36+$I48 -> 25 | WF10: =WF36+$J48 -> 25 | WG10: =WG36+$K48 -> 43.75 | WH10: =WH36+$L48 -> 25 | WI10: 0 | WJ10: 0 | WK10: 0 | WL10: 0 | WM10: 0 | WN10: 0 | WO10: 0 | WP10: 0 | WQ10: 0 | WR10: 0 | WS10: 0 | WT10: =WT36+$B48 -> 12.5 | WU10: =WU36+$C48 -> 12.5 | WV10: =WV36+$D48 -> 12.5 | WW10: =WW36+$E48 -> 25 | WX10: =WX36+$F48 -> 25 | WY10: =WY36+$G48 -> 25 | WZ10: =WZ36+$H48 -> 25 | XA10: =XA36+$I48 -> 25 | XB10: =XB36+$J48 -> 25 | XC10: =XC36+$K48 -> 43.75 | XD10: =XD36+$L48 -> 25 | XE10: 0 | XF10: 0 | XG10: 0 | XH10: 0 | XI10: 0 | XJ10: 0 | XK10: 0 | XL10: 0 | XM10: 0 | XN10: 0 | XO10: 0 | XP10: =XP36+$B48 -> 12.5 | XQ10: =XQ36+$C48 -> 12.5 | XR10: =XR36+$D48 -> 12.5 | XS10: =XS36+$E48 -> 25 | XT10: =XT36+$F48 -> 25 | XU10: =XU36+$G48 -> 25 | XV10: =XV36+$H48 -> 25 | XW10: =XW36+$I48 -> 25 | XX10: =XX36+$J48 -> 25 | XY10: =XY36+$K48 -> 43.75 | XZ10: =XZ36+$L48 -> 25 | YA10: 0 | YB10: 0 | YC10: 0 | YD10: 0 | YE10: 0 | YF10: 0 | YG10: 0 | YH10: 0 | YI10: 0 | YJ10: 0 | YK10: 0 | YL10: =YL36+$B48 -> 12.5 | YM10: =YM36+$C48 -> 12.5 | YN10: =YN36+$D48 -> 12.5 | YO10: =YO36+$E48 -> 25 | YP10: =YP36+$F48 -> 25 | YQ10: =YQ36+$G48 -> 25 | YR10: =YR36+$H48 -> 25 | YS10: =YS36+$I48 -> 25 | YT10: =YT36+$J48 -> 25 | YU10: =YU36+$K48 -> 43.75 | YV10: =YV36+$L48 -> 25 | YW10: 0 | YX10: 0 | YY10: 0 | YZ10: 0 | ZA10: 0 | ZB10: 0 | ZC10: 0 | ZD10: 0 | ZE10: 0 | ZF10: 0 | ZG10: 0 | ZH10: =ZH36+$B48 -> 12.5 | ZI10: =ZI36+$C48 -> 12.5 | ZJ10: =ZJ36+$D48 -> 12.5 | ZK10: =ZK36+$E48 -> 25 | ZL10: =ZL36+$F48 -> 25 | ZM10: =ZM36+$G48 -> 25 | ZN10: =ZN36+$H48 -> 25 | ZO10: =ZO36+$I48 -> 25 | ZP10: =ZP36+$J48 -> 25 | ZQ10: =ZQ36+$K48 -> 43.75 | ZR10: =ZR36+$L48 -> 25 | ZS10: 0 | ZT10: 0 | ZU10: 0 | ZV10: 0 | ZW10: 0 | ZX10: 0 | ZY10: 0 | ZZ10: 0 | AAA10: 0 | AAB10: 0 | AAC10: 0
A11: 6 | B11: =B37+$B49 -> 12.5 | C11: =C37+$C49 -> 12.5 | D11: =D37+$D49 -> 12.5 | E11: =E37+$E49 -> 25 | F11: =F37+$F49 -> 25 | G11: =G37+$G49 -> 25 | H11: =H37+$H49 -> 25 | I11: =I37+$I49 -> 25 | J11: =J37+$J49 -> 25 | K11: =K37+$K49 -> 43.75 | L11: =L37+$L49 -> 25 | M11: 0 | N11: 0 | O11: 0 | P11: 0 | Q11: 0 | R11: 0 | S11: 0 | T11: 0 | U11: 0 | V11: 0 | W11: 0 | X11: =X37+$B49 -> 12.5 | Y11: =Y37+$C49 -> 12.5 | Z11: =Z37+$D49 -> 12.5 | AA11: =AA37+$E49 -> 25 | AB11: =AB37+$F49 -> 25 | AC11: =AC37+$G49 -> 25 | AD11: =AD37+$H49 -> 25 | AE11: =AE37+$I49 -> 25 | AF11: =AF37+$J49 -> 25 | AG11: =AG37+$K49 -> 43.75 | AH11: =AH37+$L49 -> 25 | AI11: 0 | AJ11: 0 | AK11: 0 | AL11: 0 | AM11: 0 | AN11: 0 | AO11: 0 | AP11: 0 | AQ11: 0 | AR11: 0 | AS11: 0 | AT11: =AT37+$B49 -> 12.5 | AU11: =AU37+$C49 -> 12.5 | AV11: =AV37+$D49 -> 12.5 | AW11: =AW37+$E49 -> 25 | AX11: =AX37+$F49 -> 25 | AY11: =AY37+$G49 -> 25 | AZ11: =AZ37+$H49 -> 25 | BA11: =BA37+$I49 -> 25 | BB11: =BB37+$J49 -> 25 | BC11: =BC37+$K49 -> 43.75 | BD11: =BD37+$L49 -> 25 | BE11: 0 | BF11: 0 | BG11: 0 | BH11: 0 | BI11: 0 | BJ11: 0 | BK11: 0 | BL11: 0 | BM11: 0 | BN11: 0 | BO11: 0 | BP11: =BP37+$B49 -> 12.5 | BQ11: =BQ37+$C49 -> 12.5 | BR11: =BR37+$D49 -> 12.5 | BS11: =BS37+$E49 -> 25 | BT11: =BT37+$F49 -> 25 | BU11: =BU37+$G49 -> 25 | BV11: =BV37+$H49 -> 25 | BW11: =BW37+$I49 -> 25 | BX11: =BX37+$J49 -> 25 | BY11: =BY37+$K49 -> 43.75 | BZ11: =BZ37+$L49 -> 25 | CA11: 0 | CB11: 0 | CC11: 0 | CD11: 0 | CE11: 0 | CF11: 0 | CG11: 0 | CH11: 0 | CI11: 0 | CJ11: 0 | CK11: 0 | CL11: =CL37+$B49 -> 12.5 | CM11: =CM37+$C49 -> 12.5 | CN11: =CN37+$D49 -> 12.5 | CO11: =CO37+$E49 -> 25 | CP11: =CP37+$F49 -> 25 | CQ11: =CQ37+$G49 -> 25 | CR11: =CR37+$H49 -> 25 | CS11: =CS37+$I49 -> 25 | CT11: =CT37+$J49 -> 25 | CU11: =CU37+$K49 -> 43.75 | CV11: =CV37+$L49 -> 25 | CW11: 0 | CX11: 0 | CY11: 0 | CZ11: 0 | DA11: 0 | DB11: 0 | DC11: 0 | DD11: 0 | DE11: 0 | DF11: 0 | DG11: 0 | DH11: =DH37+$B49 -> 12.5 | DI11: =DI37+$C49 -> 12.5 | DJ11: =DJ37+$D49 -> 12.5 | DK11: =DK37+$E49 -> 25 | DL11: =DL37+$F49 -> 25 | DM11: =DM37+$G49 -> 25 | DN11: =DN37+$H49 -> 25 | DO11: =DO37+$I49 -> 25 | DP11: =DP37+$J49 -> 25 | DQ11: =DQ37+$K49 -> 43.75 | DR11: =DR37+$L49 -> 25 | DS11: 0 | DT11: 0 | DU11: 0 | DV11: 0 | DW11: 0 | DX11: 0 | DY11: 0 | DZ11: 0 | EA11: 0 | EB11: 0 | EC11: 0 | ED11: =ED37+$B49 -> 12.5 | EE11: =EE37+$C49 -> 12.5 | EF11: =EF37+$D49 -> 12.5 | EG11: =EG37+$E49 -> 25 | EH11: =EH37+$F49 -> 25 | EI11: =EI37+$G49 -> 25 | EJ11: =EJ37+$H49 -> 25 | EK11: =EK37+$I49 -> 25 | EL11: =EL37+$J49 -> 25 | EM11: =EM37+$K49 -> 43.75 | EN11: =EN37+$L49 -> 25 | EO11: 0 | EP11: 0 | EQ11: 0 | ER11: 0 | ES11: 0 | ET11: 0 | EU11: 0 | EV11: 0 | EW11: 0 | EX11: 0 | EY11: 0 | EZ11: =EZ37+$B49 -> 12.5 | FA11: =FA37+$C49 -> 12.5 | FB11: =FB37+$D49 -> 12.5 | FC11: =FC37+$E49 -> 25 | FD11: =FD37+$F49 -> 25 | FE11: =FE37+$G49 -> 25 | FF11: =FF37+$H49 -> 25 | FG11: =FG37+$I49 -> 25 | FH11: =FH37+$J49 -> 25 | FI11: =FI37+$K49 -> 43.75 | FJ11: =FJ37+$L49 -> 25 | FK11: 0 | FL11: 0 | FM11: 0 | FN11: 0 | FO11: 0 | FP11: 0 | FQ11: 0 | FR11: 0 | FS11: 0 | FT11: 0 | FU11: 0 | FV11: =FV37+$B49 -> 12.5 | FW11: =FW37+$C49 -> 12.5 | FX11: =FX37+$D49 -> 12.5 | FY11: =FY37+$E49 -> 25 | FZ11: =FZ37+$F49 -> 25 | GA11: =GA37+$G49 -> 25 | GB11: =GB37+$H49 -> 25 | GC11: =GC37+$I49 -> 25 | GD11: =GD37+$J49 -> 25 | GE11: =GE37+$K49 -> 43.75 | GF11: =GF37+$L49 -> 25 | GG11: 0 | GH11: 0 | GI11: 0 | GJ11: 0 | GK11: 0 | GL11: 0 | GM11: 0 | GN11: 0 | GO11: 0 | GP11: 0 | GQ11: 0 | GR11: =GR37+$B49 -> 12.5 | GS11: =GS37+$C49 -> 12.5 | GT11: =GT37+$D49 -> 12.5 | GU11: =GU37+$E49 -> 25 | GV11: =GV37+$F49 -> 25 | GW11: =GW37+$G49 -> 25 | GX11: =GX37+$H49 -> 25 | GY11: =GY37+$I49 -> 25 | GZ11: =GZ37+$J49 -> 25 | HA11: =HA37+$K49 -> 43.75 | HB11: =HB37+$L49 -> 25 | HC11: 0 | HD11: 0 | HE11: 0 | HF11: 0 | HG11: 0 | HH11: 0 | HI11: 0 | HJ11: 0 | HK11: 0 | HL11: 0 | HM11: 0 | HN11: =HN37+$B49 -> 12.5 | HO11: =HO37+$C49 -> 12.5 | HP11: =HP37+$D49 -> 12.5 | HQ11: =HQ37+$E49 -> 25 | HR11: =HR37+$F49 -> 25 | HS11: =HS37+$G49 -> 25 | HT11: =HT37+$H49 -> 25 | HU11: =HU37+$I49 -> 25 | HV11: =HV37+$J49 -> 25 | HW11: =HW37+$K49 -> 43.75 | HX11: =HX37+$L49 -> 25 | HY11: 0 | HZ11: 0 | IA11: 0 | IB11: 0 | IC11: 0 | ID11: 0 | IE11: 0 | IF11: 0 | IG11: 0 | IH11: 0 | II11: 0 | IJ11: =IJ37+$B49 -> 12.5 | IK11: =IK37+$C49 -> 12.5 | IL11: =IL37+$D49 -> 12.5 | IM11: =IM37+$E49 -> 25 | IN11: =IN37+$F49 -> 25 | IO11: =IO37+$G49 -> 25 | IP11: =IP37+$H49 -> 25 | IQ11: =IQ37+$I49 -> 25 | IR11: =IR37+$J49 -> 25 | IS11: =IS37+$K49 -> 43.75 | IT11: =IT37+$L49 -> 25 | IU11: 0 | IV11: 0 | IW11: 0 | IX11: 0 | IY11: 0 | IZ11: 0 | JA11: 0 | JB11: 0 | JC11: 0 | JD11: 0 | JE11: 0 | JF11: =JF37+$B49 -> 12.5 | JG11: =JG37+$C49 -> 12.5 | JH11: =JH37+$D49 -> 12.5 | JI11: =JI37+$E49 -> 25 | JJ11: =JJ37+$F49 -> 25 | JK11: =JK37+$G49 -> 25 | JL11: =JL37+$H49 -> 25 | JM11: =JM37+$I49 -> 25 | JN11: =JN37+$J49 -> 25 | JO11: =JO37+$K49 -> 43.75 | JP11: =JP37+$L49 -> 25 | JQ11: 0 | JR11: 0 | JS11: 0 | JT11: 0 | JU11: 0 | JV11: 0 | JW11: 0 | JX11: 0 | JY11: 0 | JZ11: 0 | KA11: 0 | KB11: =KB37+$B49 -> 12.5 | KC11: =KC37+$C49 -> 12.5 | KD11: =KD37+$D49 -> 12.5 | KE11: =KE37+$E49 -> 25 | KF11: =KF37+$F49 -> 25 | KG11: =KG37+$G49 -> 25 | KH11: =KH37+$H49 -> 25 | KI11: =KI37+$I49 -> 25 | KJ11: =KJ37+$J49 -> 25 | KK11: =KK37+$K49 -> 43.75 | KL11: =KL37+$L49 -> 25 | KM11: 0 | KN11: 0 | KO11: 0 | KP11: 0 | KQ11: 0 | KR11: 0 | KS11: 0 | KT11: 0 | KU11: 0 | KV11: 0 | KW11: 0 | KX11: =KX37+$B49 -> 12.5 | KY11: =KY37+$C49 -> 12.5 | KZ11: =KZ37+$D49 -> 12.5 | LA11: =LA37+$E49 -> 25 | LB11: =LB37+$F49 -> 25 | LC11: =LC37+$G49 -> 25 | LD11: =LD37+$H49 -> 25 | LE11: =LE37+$I49 -> 25 | LF11: =LF37+$J49 -> 25 | LG11: =LG37+$K49 -> 43.75 | LH11: =LH37+$L49 -> 25 | LI11: 0 | LJ11: 0 | LK11: 0 | LL11: 0 | LM11: 0 | LN11: 0 | LO11: 0 | LP11: 0 | LQ11: 0 | LR11: 0 | LS11: 0 | LT11: =LT37+$B49 -> 12.5 | LU11: =LU37+$C49 -> 12.5 | LV11: =LV37+$D49 -> 12.5 | LW11: =LW37+$E49 -> 25 | LX11: =LX37+$F49 -> 25 | LY11: =LY37+$G49 -> 25 | LZ11: =LZ37+$H49 -> 25 | MA11: =MA37+$I49 -> 25 | MB11: =MB37+$J49 -> 25 | MC11: =MC37+$K49 -> 43.75 | MD11: =MD37+$L49 -> 25 | ME11: 0 | MF11: 0 | MG11: 0 | MH11: 0 | MI11: 0 | MJ11: 0 | MK11: 0 | ML11: 0 | MM11: 0 | MN11: 0 | MO11: 0 | MP11: =MP37+$B49 -> 12.5 | MQ11: =MQ37+$C49 -> 12.5 | MR11: =MR37+$D49 -> 12.5 | MS11: =MS37+$E49 -> 25 | MT11: =MT37+$F49 -> 25 | MU11: =MU37+$G49 -> 25 | MV11: =MV37+$H49 -> 25 | MW11: =MW37+$I49 -> 25 | MX11: =MX37+$J49 -> 25 | MY11: =MY37+$K49 -> 43.75 | MZ11: =MZ37+$L49 -> 25 | NA11: 0 | NB11: 0 | NC11: 0 | ND11: 0 | NE11: 0 | NF11: 0 | NG11: 0 | NH11: 0 | NI11: 0 | NJ11: 0 | NK11: 0 | NL11: =NL37+$B49 -> 12.5 | NM11: =NM37+$C49 -> 12.5 | NN11: =NN37+$D49 -> 12.5 | NO11: =NO37+$E49 -> 25 | NP11: =NP37+$F49 -> 25 | NQ11: =NQ37+$G49 -> 25 | NR11: =NR37+$H49 -> 25 | NS11: =NS37+$I49 -> 25 | NT11: =NT37+$J49 -> 25 | NU11: =NU37+$K49 -> 43.75 | NV11: =NV37+$L49 -> 25 | NW11: 0 | NX11: 0 | NY11: 0 | NZ11: 0 | OA11: 0 | OB11: 0 | OC11: 0 | OD11: 0 | OE11: 0 | OF11: 0 | OG11: 0 | OH11: =OH37+$B49 -> 12.5 | OI11: =OI37+$C49 -> 12.5 | OJ11: =OJ37+$D49 -> 12.5 | OK11: =OK37+$E49 -> 25 | OL11: =OL37+$F49 -> 25 | OM11: =OM37+$G49 -> 25 | ON11: =ON37+$H49 -> 25 | OO11: =OO37+$I49 -> 25 | OP11: =OP37+$J49 -> 25 | OQ11: =OQ37+$K49 -> 43.75 | OR11: =OR37+$L49 -> 25 | OS11: 0 | OT11: 0 | OU11: 0 | OV11: 0 | OW11: 0 | OX11: 0 | OY11: 0 | OZ11: 0 | PA11: 0 | PB11: 0 | PC11: 0 | PD11: =PD37+$B49 -> 12.5 | PE11: =PE37+$C49 -> 12.5 | PF11: =PF37+$D49 -> 12.5 | PG11: =PG37+$E49 -> 25 | PH11: =PH37+$F49 -> 25 | PI11: =PI37+$G49 -> 25 | PJ11: =PJ37+$H49 -> 25 | PK11: =PK37+$I49 -> 25 | PL11: =PL37+$J49 -> 25 | PM11: =PM37+$K49 -> 43.75 | PN11: =PN37+$L49 -> 25 | PO11: 0 | PP11: 0 | PQ11: 0 | PR11: 0 | PS11: 0 | PT11: 0 | PU11: 0 | PV11: 0 | PW11: 0 | PX11: 0 | PY11: 0 | PZ11: =PZ37+$B49 -> 12.5 | QA11: =QA37+$C49 -> 12.5 | QB11: =QB37+$D49 -> 12.5 | QC11: =QC37+$E49 -> 25 | QD11: =QD37+$F49 -> 25 | QE11: =QE37+$G49 -> 25 | QF11: =QF37+$H49 -> 25 | QG11: =QG37+$I49 -> 25 | QH11: =QH37+$J49 -> 25 | QI11: =QI37+$K49 -> 43.75 | QJ11: =QJ37+$L49 -> 25 | QK11: 0 | QL11: 0 | QM11: 0 | QN11: 0 | QO11: 0 | QP11: 0 | QQ11: 0 | QR11: 0 | QS11: 0 | QT11: 0 | QU11: 0 | QV11: =QV37+$B49 -> 12.5 | QW11: =QW37+$C49 -> 12.5 | QX11: =QX37+$D49 -> 12.5 | QY11: =QY37+$E49 -> 25 | QZ11: =QZ37+$F49 -> 25 | RA11: =RA37+$G49 -> 25 | RB11: =RB37+$H49 -> 25 | RC11: =RC37+$I49 -> 25 | RD11: =RD37+$J49 -> 25 | RE11: =RE37+$K49 -> 43.75 | RF11: =RF37+$L49 -> 25 | RG11: 0 | RH11: 0 | RI11: 0 | RJ11: 0 | RK11: 0 | RL11: 0 | RM11: 0 | RN11: 0 | RO11: 0 | RP11: 0 | RQ11: 0 | RR11: =RR37+$B49 -> 12.5 | RS11: =RS37+$C49 -> 12.5 | RT11: =RT37+$D49 -> 12.5 | RU11: =RU37+$E49 -> 25 | RV11: =RV37+$F49 -> 25 | RW11: =RW37+$G49 -> 25 | RX11: =RX37+$H49 -> 25 | RY11: =RY37+$I49 -> 25 | RZ11: =RZ37+$J49 -> 25 | SA11: =SA37+$K49 -> 43.75 | SB11: =SB37+$L49 -> 25 | SC11: 0 | SD11: 0 | SE11: 0 | SF11: 0 | SG11: 0 | SH11: 0 | SI11: 0 | SJ11: 0 | SK11: 0 | SL11: 0 | SM11: 0 | SN11: =SN37+$B49 -> 12.5 | SO11: =SO37+$C49 -> 12.5 | SP11: =SP37+$D49 -> 12.5 | SQ11: =SQ37+$E49 -> 25 | SR11: =SR37+$F49 -> 25 | SS11: =SS37+$G49 -> 25 | ST11: =ST37+$H49 -> 25 | SU11: =SU37+$I49 -> 25 | SV11: =SV37+$J49 -> 25 | SW11: =SW37+$K49 -> 43.75 | SX11: =SX37+$L49 -> 25 | SY11: 0 | SZ11: 0 | TA11: 0 | TB11: 0 | TC11: 0 | TD11: 0 | TE11: 0 | TF11: 0 | TG11: 0 | TH11: 0 | TI11: 0 | TJ11: =TJ37+$B49 -> 12.5 | TK11: =TK37+$C49 -> 12.5 | TL11: =TL37+$D49 -> 12.5 | TM11: =TM37+$E49 -> 25 | TN11: =TN37+$F49 -> 25 | TO11: =TO37+$G49 -> 25 | TP11: =TP37+$H49 -> 25 | TQ11: =TQ37+$I49 -> 25 | TR11: =TR37+$J49 -> 25 | TS11: =TS37+$K49 -> 43.75 | TT11: =TT37+$L49 -> 25 | TU11: 0 | TV11: 0 | TW11: 0 | TX11: 0 | TY11: 0 | TZ11: 0 | UA11: 0 | UB11: 0 | UC11: 0 | UD11: 0 | UE11: 0 | UF11: =UF37+$B49 -> 12.5 | UG11: =UG37+$C49 -> 12.5 | UH11: =UH37+$D49 -> 12.5 | UI11: =UI37+$E49 -> 25 | UJ11: =UJ37+$F49 -> 25 | UK11: =UK37+$G49 -> 25 | UL11: =UL37+$H49 -> 25 | UM11: =UM37+$I49 -> 25 | UN11: =UN37+$J49 -> 25 | UO11: =UO37+$K49 -> 43.75 | UP11: =UP37+$L49 -> 25 | UQ11: 0 | UR11: 0 | US11: 0 | UT11: 0 | UU11: 0 | UV11: 0 | UW11: 0 | UX11: 0 | UY11: 0 | UZ11: 0 | VA11: 0 | VB11: =VB37+$B49 -> 12.5 | VC11: =VC37+$C49 -> 12.5 | VD11: =VD37+$D49 -> 12.5 | VE11: =VE37+$E49 -> 25 | VF11: =VF37+$F49 -> 25 | VG11: =VG37+$G49 -> 25 | VH11: =VH37+$H49 -> 25 | VI11: =VI37+$I49 -> 25 | VJ11: =VJ37+$J49 -> 25 | VK11: =VK37+$K49 -> 43.75 | VL11: =VL37+$L49 -> 25 | VM11: 0 | VN11: 0 | VO11: 0 | VP11: 0 | VQ11: 0 | VR11: 0 | VS11: 0 | VT11: 0 | VU11: 0 | VV11: 0 | VW11: 0 | VX11: =VX37+$B49 -> 12.5 | VY11: =VY37+$C49 -> 12.5 | VZ11: =VZ37+$D49 -> 12.5 | WA11: =WA37+$E49 -> 25 | WB11: =WB37+$F49 -> 25 | WC11: =WC37+$G49 -> 25 | WD11: =WD37+$H49 -> 25 | WE11: =WE37+$I49 -> 25 | WF11: =WF37+$J49 -> 25 | WG11: =WG37+$K49 -> 43.75 | WH11: =WH37+$L49 -> 25 | WI11: 0 | WJ11: 0 | WK11: 0 | WL11: 0 | WM11: 0 | WN11: 0 | WO11: 0 | WP11: 0 | WQ11: 0 | WR11: 0 | WS11: 0 | WT11: =WT37+$B49 -> 12.5 | WU11: =WU37+$C49 -> 12.5 | WV11: =WV37+$D49 -> 12.5 | WW11: =WW37+$E49 -> 25 | WX11: =WX37+$F49 -> 25 | WY11: =WY37+$G49 -> 25 | WZ11: =WZ37+$H49 -> 25 | XA11: =XA37+$I49 -> 25 | XB11: =XB37+$J49 -> 25 | XC11: =XC37+$K49 -> 43.75 | XD11: =XD37+$L49 -> 25 | XE11: 0 | XF11: 0 | XG11: 0 | XH11: 0 | XI11: 0 | XJ11: 0 | XK11: 0 | XL11: 0 | XM11: 0 | XN11: 0 | XO11: 0 | XP11: =XP37+$B49 -> 12.5 | XQ11: =XQ37+$C49 -> 12.5 | XR11: =XR37+$D49 -> 12.5 | XS11: =XS37+$E49 -> 25 | XT11: =XT37+$F49 -> 25 | XU11: =XU37+$G49 -> 25 | XV11: =XV37+$H49 -> 25 | XW11: =XW37+$I49 -> 25 | XX11: =XX37+$J49 -> 25 | XY11: =XY37+$K49 -> 43.75 | XZ11: =XZ37+$L49 -> 25 | YA11: 0 | YB11: 0 | YC11: 0 | YD11: 0 | YE11: 0 | YF11: 0 | YG11: 0 | YH11: 0 | YI11: 0 | YJ11: 0 | YK11: 0 | YL11: =YL37+$B49 -> 12.5 | YM11: =YM37+$C49 -> 12.5 | YN11: =YN37+$D49 -> 12.5 | YO11: =YO37+$E49 -> 25 | YP11: =YP37+$F49 -> 25 | YQ11: =YQ37+$G49 -> 25 | YR11: =YR37+$H49 -> 25 | YS11: =YS37+$I49 -> 25 | YT11: =YT37+$J49 -> 25 | YU11: =YU37+$K49 -> 43.75 | YV11: =YV37+$L49 -> 25 | YW11: 0 | YX11: 0 | YY11: 0 | YZ11: 0 | ZA11: 0 | ZB11: 0 | ZC11: 0 | ZD11: 0 | ZE11: 0 | ZF11: 0 | ZG11: 0 | ZH11: =ZH37+$B49 -> 12.5 | ZI11: =ZI37+$C49 -> 12.5 | ZJ11: =ZJ37+$D49 -> 12.5 | ZK11: =ZK37+$E49 -> 25 | ZL11: =ZL37+$F49 -> 25 | ZM11: =ZM37+$G49 -> 25 | ZN11: =ZN37+$H49 -> 25 | ZO11: =ZO37+$I49 -> 25 | ZP11: =ZP37+$J49 -> 25 | ZQ11: =ZQ37+$K49 -> 43.75 | ZR11: =ZR37+$L49 -> 25 | ZS11: 0 | ZT11: 0 | ZU11: 0 | ZV11: 0 | ZW11: 0 | ZX11: 0 | ZY11: 0 | ZZ11: 0 | AAA11: 0 | AAB11: 0 | AAC11: 0
A12: 7 | B12: =B38+$B50 -> 12.5 | C12: =C38+$C50 -> 12.5 | D12: =D38+$D50 -> 12.5 | E12: =E38+$E50 -> 33.125 | F12: =F38+$F50 -> 33.125 | G12: =G38+$G50 -> 33.125 | H12: =H38+$H50 -> 33.125 | I12: =I38+$I50 -> 35 | J12: =J38+$J50 -> 35 | K12: =K38+$K50 -> 50 | L12: =L38+$L50 -> 25 | M12: 0 | N12: 0 | O12: 0 | P12: 0 | Q12: 0 | R12: 0 | S12: 0 | T12: 0 | U12: 0 | V12: 0 | W12: 0 | X12: =X38+$B50 -> 12.5 | Y12: =Y38+$C50 -> 12.5 | Z12: =Z38+$D50 -> 12.5 | AA12: =AA38+$E50 -> 33.125 | AB12: =AB38+$F50 -> 33.125 | AC12: =AC38+$G50 -> 33.125 | AD12: =AD38+$H50 -> 33.125 | AE12: =AE38+$I50 -> 15 | AF12: =AF38+$J50 -> 35 | AG12: =AG38+$K50 -> 50 | AH12: =AH38+$L50 -> 25 | AI12: 0 | AJ12: 0 | AK12: 0 | AL12: 0 | AM12: 0 | AN12: 0 | AO12: 0 | AP12: 0 | AQ12: 0 | AR12: 0 | AS12: 0 | AT12: =AT38+$B50 -> 12.5 | AU12: =AU38+$C50 -> 12.5 | AV12: =AV38+$D50 -> 12.5 | AW12: =AW38+$E50 -> 33.125 | AX12: =AX38+$F50 -> 23.125 | AY12: =AY38+$G50 -> 33.125 | AZ12: =AZ38+$H50 -> 23.125 | BA12: =BA38+$I50 -> 35 | BB12: =BB38+$J50 -> 35 | BC12: =BC38+$K50 -> 50 | BD12: =BD38+$L50 -> 25 | BE12: 0 | BF12: 0 | BG12: 0 | BH12: 0 | BI12: 0 | BJ12: 0 | BK12: 0 | BL12: 0 | BM12: 0 | BN12: 0 | BO12: 0 | BP12: =BP38+$B50 -> 12.5 | BQ12: =BQ38+$C50 -> 12.5 | BR12: =BR38+$D50 -> 12.5 | BS12: =BS38+$E50 -> 33.125 | BT12: =BT38+$F50 -> 23.125 | BU12: =BU38+$G50 -> 33.125 | BV12: =BV38+$H50 -> 23.125 | BW12: =BW38+$I50 -> 15 | BX12: =BX38+$J50 -> 35 | BY12: =BY38+$K50 -> 50 | BZ12: =BZ38+$L50 -> 25 | CA12: 0 | CB12: 0 | CC12: 0 | CD12: 0 | CE12: 0 | CF12: 0 | CG12: 0 | CH12: 0 | CI12: 0 | CJ12: 0 | CK12: 0 | CL12: =CL38+$B50 -> 12.5 | CM12: =CM38+$C50 -> 12.5 | CN12: =CN38+$D50 -> 12.5 | CO12: =CO38+$E50 -> 23.125 | CP12: =CP38+$F50 -> 33.125 | CQ12: =CQ38+$G50 -> 33.125 | CR12: =CR38+$H50 -> 33.125 | CS12: =CS38+$I50 -> 35 | CT12: =CT38+$J50 -> 35 | CU12: =CU38+$K50 -> 50 | CV12: =CV38+$L50 -> 25 | CW12: 0 | CX12: 0 | CY12: 0 | CZ12: 0 | DA12: 0 | DB12: 0 | DC12: 0 | DD12: 0 | DE12: 0 | DF12: 0 | DG12: 0 | DH12: =DH38+$B50 -> 12.5 | DI12: =DI38+$C50 -> 12.5 | DJ12: =DJ38+$D50 -> 12.5 | DK12: =DK38+$E50 -> 23.125 | DL12: =DL38+$F50 -> 33.125 | DM12: =DM38+$G50 -> 33.125 | DN12: =DN38+$H50 -> 33.125 | DO12: =DO38+$I50 -> 15 | DP12: =DP38+$J50 -> 35 | DQ12: =DQ38+$K50 -> 50 | DR12: =DR38+$L50 -> 25 | DS12: 0 | DT12: 0 | DU12: 0 | DV12: 0 | DW12: 0 | DX12: 0 | DY12: 0 | DZ12: 0 | EA12: 0 | EB12: 0 | EC12: 0 | ED12: =ED38+$B50 -> 12.5 | EE12: =EE38+$C50 -> 12.5 | EF12: =EF38+$D50 -> 12.5 | EG12: =EG38+$E50 -> 23.125 | EH12: =EH38+$F50 -> 23.125 | EI12: =EI38+$G50 -> 33.125 | EJ12: =EJ38+$H50 -> 23.125 | EK12: =EK38+$I50 -> 35 | EL12: =EL38+$J50 -> 35 | EM12: =EM38+$K50 -> 50 | EN12: =EN38+$L50 -> 25 | EO12: 0 | EP12: 0 | EQ12: 0 | ER12: 0 | ES12: 0 | ET12: 0 | EU12: 0 | EV12: 0 | EW12: 0 | EX12: 0 | EY12: 0 | EZ12: =EZ38+$B50 -> 12.5 | FA12: =FA38+$C50 -> 12.5 | FB12: =FB38+$D50 -> 12.5 | FC12: =FC38+$E50 -> 23.125 | FD12: =FD38+$F50 -> 23.125 | FE12: =FE38+$G50 -> 33.125 | FF12: =FF38+$H50 -> 23.125 | FG12: =FG38+$I50 -> 15 | FH12: =FH38+$J50 -> 35 | FI12: =FI38+$K50 -> 50 | FJ12: =FJ38+$L50 -> 25 | FK12: 0 | FL12: 0 | FM12: 0 | FN12: 0 | FO12: 0 | FP12: 0 | FQ12: 0 | FR12: 0 | FS12: 0 | FT12: 0 | FU12: 0 | FV12: =FV38+$B50 -> 12.5 | FW12: =FW38+$C50 -> 12.5 | FX12: =FX38+$D50 -> 12.5 | FY12: =FY38+$E50 -> 33.125 | FZ12: =FZ38+$F50 -> 33.125 | GA12: =GA38+$G50 -> 23.125 | GB12: =GB38+$H50 -> 33.125 | GC12: =GC38+$I50 -> 35 | GD12: =GD38+$J50 -> 35 | GE12: =GE38+$K50 -> 50 | GF12: =GF38+$L50 -> 25 | GG12: 0 | GH12: 0 | GI12: 0 | GJ12: 0 | GK12: 0 | GL12: 0 | GM12: 0 | GN12: 0 | GO12: 0 | GP12: 0 | GQ12: 0 | GR12: =GR38+$B50 -> 12.5 | GS12: =GS38+$C50 -> 12.5 | GT12: =GT38+$D50 -> 12.5 | GU12: =GU38+$E50 -> 33.125 | GV12: =GV38+$F50 -> 33.125 | GW12: =GW38+$G50 -> 23.125 | GX12: =GX38+$H50 -> 33.125 | GY12: =GY38+$I50 -> 15 | GZ12: =GZ38+$J50 -> 35 | HA12: =HA38+$K50 -> 50 | HB12: =HB38+$L50 -> 25 | HC12: 0 | HD12: 0 | HE12: 0 | HF12: 0 | HG12: 0 | HH12: 0 | HI12: 0 | HJ12: 0 | HK12: 0 | HL12: 0 | HM12: 0 | HN12: =HN38+$B50 -> 12.5 | HO12: =HO38+$C50 -> 12.5 | HP12: =HP38+$D50 -> 12.5 | HQ12: =HQ38+$E50 -> 33.125 | HR12: =HR38+$F50 -> 23.125 | HS12: =HS38+$G50 -> 23.125 | HT12: =HT38+$H50 -> 23.125 | HU12: =HU38+$I50 -> 35 | HV12: =HV38+$J50 -> 35 | HW12: =HW38+$K50 -> 50 | HX12: =HX38+$L50 -> 25 | HY12: 0 | HZ12: 0 | IA12: 0 | IB12: 0 | IC12: 0 | ID12: 0 | IE12: 0 | IF12: 0 | IG12: 0 | IH12: 0 | II12: 0 | IJ12: =IJ38+$B50 -> 12.5 | IK12: =IK38+$C50 -> 12.5 | IL12: =IL38+$D50 -> 12.5 | IM12: =IM38+$E50 -> 33.125 | IN12: =IN38+$F50 -> 23.125 | IO12: =IO38+$G50 -> 23.125 | IP12: =IP38+$H50 -> 23.125 | IQ12: =IQ38+$I50 -> 15 | IR12: =IR38+$J50 -> 35 | IS12: =IS38+$K50 -> 50 | IT12: =IT38+$L50 -> 25 | IU12: 0 | IV12: 0 | IW12: 0 | IX12: 0 | IY12: 0 | IZ12: 0 | JA12: 0 | JB12: 0 | JC12: 0 | JD12: 0 | JE12: 0 | JF12: =JF38+$B50 -> 12.5 | JG12: =JG38+$C50 -> 12.5 | JH12: =JH38+$D50 -> 12.5 | JI12: =JI38+$E50 -> 23.125 | JJ12: =JJ38+$F50 -> 33.125 | JK12: =JK38+$G50 -> 23.125 | JL12: =JL38+$H50 -> 33.125 | JM12: =JM38+$I50 -> 35 | JN12: =JN38+$J50 -> 35 | JO12: =JO38+$K50 -> 50 | JP12: =JP38+$L50 -> 25 | JQ12: 0 | JR12: 0 | JS12: 0 | JT12: 0 | JU12: 0 | JV12: 0 | JW12: 0 | JX12: 0 | JY12: 0 | JZ12: 0 | KA12: 0 | KB12: =KB38+$B50 -> 12.5 | KC12: =KC38+$C50 -> 12.5 | KD12: =KD38+$D50 -> 12.5 | KE12: =KE38+$E50 -> 23.125 | KF12: =KF38+$F50 -> 33.125 | KG12: =KG38+$G50 -> 23.125 | KH12: =KH38+$H50 -> 33.125 | KI12: =KI38+$I50 -> 15 | KJ12: =KJ38+$J50 -> 35 | KK12: =KK38+$K50 -> 50 | KL12: =KL38+$L50 -> 25 | KM12: 0 | KN12: 0 | KO12: 0 | KP12: 0 | KQ12: 0 | KR12: 0 | KS12: 0 | KT12: 0 | KU12: 0 | KV12: 0 | KW12: 0 | KX12: =KX38+$B50 -> 12.5 | KY12: =KY38+$C50 -> 12.5 | KZ12: =KZ38+$D50 -> 12.5 | LA12: =LA38+$E50 -> 23.125 | LB12: =LB38+$F50 -> 23.125 | LC12: =LC38+$G50 -> 23.125 | LD12: =LD38+$H50 -> 23.125 | LE12: =LE38+$I50 -> 35 | LF12: =LF38+$J50 -> 35 | LG12: =LG38+$K50 -> 50 | LH12: =LH38+$L50 -> 25 | LI12: 0 | LJ12: 0 | LK12: 0 | LL12: 0 | LM12: 0 | LN12: 0 | LO12: 0 | LP12: 0 | LQ12: 0 | LR12: 0 | LS12: 0 | LT12: =LT38+$B50 -> 12.5 | LU12: =LU38+$C50 -> 12.5 | LV12: =LV38+$D50 -> 12.5 | LW12: =LW38+$E50 -> 23.125 | LX12: =LX38+$F50 -> 23.125 | LY12: =LY38+$G50 -> 23.125 | LZ12: =LZ38+$H50 -> 23.125 | MA12: =MA38+$I50 -> 15 | MB12: =MB38+$J50 -> 35 | MC12: =MC38+$K50 -> 50 | MD12: =MD38+$L50 -> 25 | ME12: 0 | MF12: 0 | MG12: 0 | MH12: 0 | MI12: 0 | MJ12: 0 | MK12: 0 | ML12: 0 | MM12: 0 | MN12: 0 | MO12: 0 | MP12: =MP38+$B50 -> 12.5 | MQ12: =MQ38+$C50 -> 12.5 | MR12: =MR38+$D50 -> 12.5 | MS12: =MS38+$E50 -> 33.125 | MT12: =MT38+$F50 -> 33.125 | MU12: =MU38+$G50 -> 33.125 | MV12: =MV38+$H50 -> 33.125 | MW12: =MW38+$I50 -> 35 | MX12: =MX38+$J50 -> 15 | MY12: =MY38+$K50 -> 50 | MZ12: =MZ38+$L50 -> 25 | NA12: 0 | NB12: 0 | NC12: 0 | ND12: 0 | NE12: 0 | NF12: 0 | NG12: 0 | NH12: 0 | NI12: 0 | NJ12: 0 | NK12: 0 | NL12: =NL38+$B50 -> 12.5 | NM12: =NM38+$C50 -> 12.5 | NN12: =NN38+$D50 -> 12.5 | NO12: =NO38+$E50 -> 33.125 | NP12: =NP38+$F50 -> 33.125 | NQ12: =NQ38+$G50 -> 33.125 | NR12: =NR38+$H50 -> 33.125 | NS12: =NS38+$I50 -> 15 | NT12: =NT38+$J50 -> 15 | NU12: =NU38+$K50 -> 50 | NV12: =NV38+$L50 -> 25 | NW12: 0 | NX12: 0 | NY12: 0 | NZ12: 0 | OA12: 0 | OB12: 0 | OC12: 0 | OD12: 0 | OE12: 0 | OF12: 0 | OG12: 0 | OH12: =OH38+$B50 -> 12.5 | OI12: =OI38+$C50 -> 12.5 | OJ12: =OJ38+$D50 -> 12.5 | OK12: =OK38+$E50 -> 33.125 | OL12: =OL38+$F50 -> 23.125 | OM12: =OM38+$G50 -> 33.125 | ON12: =ON38+$H50 -> 23.125 | OO12: =OO38+$I50 -> 35 | OP12: =OP38+$J50 -> 15 | OQ12: =OQ38+$K50 -> 50 | OR12: =OR38+$L50 -> 25 | OS12: 0 | OT12: 0 | OU12: 0 | OV12: 0 | OW12: 0 | OX12: 0 | OY12: 0 | OZ12: 0 | PA12: 0 | PB12: 0 | PC12: 0 | PD12: =PD38+$B50 -> 12.5 | PE12: =PE38+$C50 -> 12.5 | PF12: =PF38+$D50 -> 12.5 | PG12: =PG38+$E50 -> 33.125 | PH12: =PH38+$F50 -> 23.125 | PI12: =PI38+$G50 -> 33.125 | PJ12: =PJ38+$H50 -> 23.125 | PK12: =PK38+$I50 -> 15 | PL12: =PL38+$J50 -> 15 | PM12: =PM38+$K50 -> 50 | PN12: =PN38+$L50 -> 25 | PO12: 0 | PP12: 0 | PQ12: 0 | PR12: 0 | PS12: 0 | PT12: 0 | PU12: 0 | PV12: 0 | PW12: 0 | PX12: 0 | PY12: 0 | PZ12: =PZ38+$B50 -> 12.5 | QA12: =QA38+$C50 -> 12.5 | QB12: =QB38+$D50 -> 12.5 | QC12: =QC38+$E50 -> 23.125 | QD12: =QD38+$F50 -> 33.125 | QE12: =QE38+$G50 -> 33.125 | QF12: =QF38+$H50 -> 33.125 | QG12: =QG38+$I50 -> 35 | QH12: =QH38+$J50 -> 15 | QI12: =QI38+$K50 -> 50 | QJ12: =QJ38+$L50 -> 25 | QK12: 0 | QL12: 0 | QM12: 0 | QN12: 0 | QO12: 0 | QP12: 0 | QQ12: 0 | QR12: 0 | QS12: 0 | QT12: 0 | QU12: 0 | QV12: =QV38+$B50 -> 12.5 | QW12: =QW38+$C50 -> 12.5 | QX12: =QX38+$D50 -> 12.5 | QY12: =QY38+$E50 -> 23.125 | QZ12: =QZ38+$F50 -> 33.125 | RA12: =RA38+$G50 -> 33.125 | RB12: =RB38+$H50 -> 33.125 | RC12: =RC38+$I50 -> 15 | RD12: =RD38+$J50 -> 15 | RE12: =RE38+$K50 -> 50 | RF12: =RF38+$L50 -> 25 | RG12: 0 | RH12: 0 | RI12: 0 | RJ12: 0 | RK12: 0 | RL12: 0 | RM12: 0 | RN12: 0 | RO12: 0 | RP12: 0 | RQ12: 0 | RR12: =RR38+$B50 -> 12.5 | RS12: =RS38+$C50 -> 12.5 | RT12: =RT38+$D50 -> 12.5 | RU12: =RU38+$E50 -> 23.125 | RV12: =RV38+$F50 -> 23.125 | RW12: =RW38+$G50 -> 33.125 | RX12: =RX38+$H50 -> 23.125 | RY12: =RY38+$I50 -> 35 | RZ12: =RZ38+$J50 -> 15 | SA12: =SA38+$K50 -> 50 | SB12: =SB38+$L50 -> 25 | SC12: 0 | SD12: 0 | SE12: 0 | SF12: 0 | SG12: 0 | SH12: 0 | SI12: 0 | SJ12: 0 | SK12: 0 | SL12: 0 | SM12: 0 | SN12: =SN38+$B50 -> 12.5 | SO12: =SO38+$C50 -> 12.5 | SP12: =SP38+$D50 -> 12.5 | SQ12: =SQ38+$E50 -> 23.125 | SR12: =SR38+$F50 -> 23.125 | SS12: =SS38+$G50 -> 33.125 | ST12: =ST38+$H50 -> 23.125 | SU12: =SU38+$I50 -> 15 | SV12: =SV38+$J50 -> 15 | SW12: =SW38+$K50 -> 50 | SX12: =SX38+$L50 -> 25 | SY12: 0 | SZ12: 0 | TA12: 0 | TB12: 0 | TC12: 0 | TD12: 0 | TE12: 0 | TF12: 0 | TG12: 0 | TH12: 0 | TI12: 0 | TJ12: =TJ38+$B50 -> 12.5 | TK12: =TK38+$C50 -> 12.5 | TL12: =TL38+$D50 -> 12.5 | TM12: =TM38+$E50 -> 33.125 | TN12: =TN38+$F50 -> 33.125 | TO12: =TO38+$G50 -> 23.125 | TP12: =TP38+$H50 -> 33.125 | TQ12: =TQ38+$I50 -> 35 | TR12: =TR38+$J50 -> 15 | TS12: =TS38+$K50 -> 50 | TT12: =TT38+$L50 -> 25 | TU12: 0 | TV12: 0 | TW12: 0 | TX12: 0 | TY12: 0 | TZ12: 0 | UA12: 0 | UB12: 0 | UC12: 0 | UD12: 0 | UE12: 0 | UF12: =UF38+$B50 -> 12.5 | UG12: =UG38+$C50 -> 12.5 | UH12: =UH38+$D50 -> 12.5 | UI12: =UI38+$E50 -> 33.125 | UJ12: =UJ38+$F50 -> 33.125 | UK12: =UK38+$G50 -> 23.125 | UL12: =UL38+$H50 -> 33.125 | UM12: =UM38+$I50 -> 15 | UN12: =UN38+$J50 -> 15 | UO12: =UO38+$K50 -> 50 | UP12: =UP38+$L50 -> 25 | UQ12: 0 | UR12: 0 | US12: 0 | UT12: 0 | UU12: 0 | UV12: 0 | UW12: 0 | UX12: 0 | UY12: 0 | UZ12: 0 | VA12: 0 | VB12: =VB38+$B50 -> 12.5 | VC12: =VC38+$C50 -> 12.5 | VD12: =VD38+$D50 -> 12.5 | VE12: =VE38+$E50 -> 33.125 | VF12: =VF38+$F50 -> 23.125 | VG12: =VG38+$G50 -> 23.125 | VH12: =VH38+$H50 -> 23.125 | VI12: =VI38+$I50 -> 35 | VJ12: =VJ38+$J50 -> 15 | VK12: =VK38+$K50 -> 50 | VL12: =VL38+$L50 -> 25 | VM12: 0 | VN12: 0 | VO12: 0 | VP12: 0 | VQ12: 0 | VR12: 0 | VS12: 0 | VT12: 0 | VU12: 0 | VV12: 0 | VW12: 0 | VX12: =VX38+$B50 -> 12.5 | VY12: =VY38+$C50 -> 12.5 | VZ12: =VZ38+$D50 -> 12.5 | WA12: =WA38+$E50 -> 33.125 | WB12: =WB38+$F50 -> 23.125 | WC12: =WC38+$G50 -> 23.125 | WD12: =WD38+$H50 -> 23.125 | WE12: =WE38+$I50 -> 15 | WF12: =WF38+$J50 -> 15 | WG12: =WG38+$K50 -> 50 | WH12: =WH38+$L50 -> 25 | WI12: 0 | WJ12: 0 | WK12: 0 | WL12: 0 | WM12: 0 | WN12: 0 | WO12: 0 | WP12: 0 | WQ12: 0 | WR12: 0 | WS12: 0 | WT12: =WT38+$B50 -> 12.5 | WU12: =WU38+$C50 -> 12.5 | WV12: =WV38+$D50 -> 12.5 | WW12: =WW38+$E50 -> 23.125 | WX12: =WX38+$F50 -> 33.125 | WY12: =WY38+$G50 -> 23.125 | WZ12: =WZ38+$H50 -> 33.125 | XA12: =XA38+$I50 -> 35 | XB12: =XB38+$J50 -> 15 | XC12: =XC38+$K50 -> 50 | XD12: =XD38+$L50 -> 25 | XE12: 0 | XF12: 0 | XG12: 0 | XH12: 0 | XI12: 0 | XJ12: 0 | XK12: 0 | XL12: 0 | XM12: 0 | XN12: 0 | XO12: 0 | XP12: =XP38+$B50 -> 12.5 | XQ12: =XQ38+$C50 -> 12.5 | XR12: =XR38+$D50 -> 12.5 | XS12: =XS38+$E50 -> 23.125 | XT12: =XT38+$F50 -> 33.125 | XU12: =XU38+$G50 -> 23.125 | XV12: =XV38+$H50 -> 33.125 | XW12: =XW38+$I50 -> 15 | XX12: =XX38+$J50 -> 15 | XY12: =XY38+$K50 -> 50 | XZ12: =XZ38+$L50 -> 25 | YA12: 0 | YB12: 0 | YC12: 0 | YD12: 0 | YE12: 0 | YF12: 0 | YG12: 0 | YH12: 0 | YI12: 0 | YJ12: 0 | YK12: 0 | YL12: =YL38+$B50 -> 12.5 | YM12: =YM38+$C50 -> 12.5 | YN12: =YN38+$D50 -> 12.5 | YO12: =YO38+$E50 -> 23.125 | YP12: =YP38+$F50 -> 23.125 | YQ12: =YQ38+$G50 -> 23.125 | YR12: =YR38+$H50 -> 23.125 | YS12: =YS38+$I50 -> 35 | YT12: =YT38+$J50 -> 15 | YU12: =YU38+$K50 -> 50 | YV12: =YV38+$L50 -> 25 | YW12: 0 | YX12: 0 | YY12: 0 | YZ12: 0 | ZA12: 0 | ZB12: 0 | ZC12: 0 | ZD12: 0 | ZE12: 0 | ZF12: 0 | ZG12: 0 | ZH12: =ZH38+$B50 -> 12.5 | ZI12: =ZI38+$C50 -> 12.5 | ZJ12: =ZJ38+$D50 -> 12.5 | ZK12: =ZK38+$E50 -> 23.125 | ZL12: =ZL38+$F50 -> 23.125 | ZM12: =ZM38+$G50 -> 23.125 | ZN12: =ZN38+$H50 -> 23.125 | ZO12: =ZO38+$I50 -> 15 | ZP12: =ZP38+$J50 -> 15 | ZQ12: =ZQ38+$K50 -> 50 | ZR12: =ZR38+$L50 -> 25 | ZS12: 0 | ZT12: 0 | ZU12: 0 | ZV12: 0 | ZW12: 0 | ZX12: 0 | ZY12: 0 | ZZ12: 0 | AAA12: 0 | AAB12: 0 | AAC12: 0
A13: 8
A14: 9
A15: 10
A16: 11
A17: 12
A18: 13
A19: 14
A20: 15
A21: 16
A22: 17
A23: 18
A24: 19
... A28: 23
B30: Delta | X30: Delta | AT30: Delta | BP30: Delta | CL30: Delta | DH30: Delta | ED30: Delta | EZ30: Delta | FV30: Delta | GR30: Delta | HN30: Delta | IJ30: Delta | JF30: Delta | KB30: Delta | KX30: Delta | LT30: Delta | MP30: Delta | NL30: Delta | OH30: Delta | PD30: Delta | PZ30: Delta | QV30: Delta | RR30: Delta | SN30: Delta | TJ30: Delta | UF30: Delta | VB30: Delta | VX30: Delta | WT30: Delta | XP30: Delta | YL30: Delta | ZH30: Delta
A31: 0 | B31: 0 | C31: 0 | D31: 0 | E31: 0 | F31: 0 | G31: 0 | H31: 0 | I31: 0 | J31: 0 | K31: 0 | L31: 0 | X31: 0 | Y31: 0 | Z31: 0 | AA31: 0 | AB31: 0 | AC31: 0 | AD31: 0 | AE31: 0 | AF31: 0 | AG31: 0 | AH31: 0 | AT31: 0 | AU31: 0 | AV31: 0 | AW31: 0 | AX31: 0 | AY31: 0 | AZ31: 0 | BA31: 0 | BB31: 0 | BC31: 0 | BD31: 0 | BP31: 0 | BQ31: 0 | BR31: 0 | BS31: 0 | BT31: 0 | BU31: 0 | BV31: 0 | BW31: 0 | BX31: 0 | BY31: 0 | BZ31: 0 | CL31: 0 | CM31: 0 | CN31: 0 | CO31: 0 | CP31: 0 | CQ31: 0 | CR31: 0 | CS31: 0 | CT31: 0 | CU31: 0 | CV31: 0 | DH31: 0 | DI31: 0 | DJ31: 0 | DK31: 0 | DL31: 0 | DM31: 0 | DN31: 0 | DO31: 0 | DP31: 0 | DQ31: 0 | DR31: 0 | ED31: 0 | EE31: 0 | EF31: 0 | EG31: 0 | EH31: 0 | EI31: 0 | EJ31: 0 | EK31: 0 | EL31: 0 | EM31: 0 | EN31: 0 | EZ31: 0 | FA31: 0 | FB31: 0 | FC31: 0 | FD31: 0 | FE31: 0 | FF31: 0 | FG31: 0 | FH31: 0 | FI31: 0 | FJ31: 0 | FV31: 0 | FW31: 0 | FX31: 0 | FY31: 0 | FZ31: 0 | GA31: 0 | GB31: 0 | GC31: 0 | GD31: 0 | GE31: 0 | GF31: 0 | GR31: 0 | GS31: 0 | GT31: 0 | GU31: 0 | GV31: 0 | GW31: 0 | GX31: 0 | GY31: 0 | GZ31: 0 | HA31: 0 | HB31: 0 | HN31: 0 | HO31: 0 | HP31: 0 | HQ31: 0 | HR31: 0 | HS31: 0 | HT31: 0 | HU31: 0 | HV31: 0 | HW31: 0 | HX31: 0 | IJ31: 0 | IK31: 0 | IL31: 0 | IM31: 0 | IN31: 0 | IO31: 0 | IP31: 0 | IQ31: 0 | IR31: 0 | IS31: 0 | IT31: 0 | JF31: 0 | JG31: 0 | JH31: 0 | JI31: 0 | JJ31: 0 | JK31: 0 | JL31: 0 | JM31: 0 | JN31: 0 | JO31: 0 | JP31: 0 | KB31: 0 | KC31: 0 | KD31: 0 | KE31: 0 | KF31: 0 | KG31: 0 | KH31: 0 | KI31: 0 | KJ31: 0 | KK31: 0 | KL31: 0 | KX31: 0 | KY31: 0 | KZ31: 0 | LA31: 0 | LB31: 0 | LC31: 0 | LD31: 0 | LE31: 0 | LF31: 0 | LG31: 0 | LH31: 0 | LT31: 0 | LU31: 0 | LV31: 0 | LW31: 0 | LX31: 0 | LY31: 0 | LZ31: 0 | MA31: 0 | MB31: 0 | MC31: 0 | MD31: 0 | MP31: 0 | MQ31: 0 | MR31: 0 | MS31: 0 | MT31: 0 | MU31: 0 | MV31: 0 | MW31: 0 | MX31: 0 | MY31: 0 | MZ31: 0 | NL31: 0 | NM31: 0 | NN31: 0 | NO31: 0 | NP31: 0 | NQ31: 0 | NR31: 0 | NS31: 0 | NT31: 0 | NU31: 0 | NV31: 0 | OH31: 0 | OI31: 0 | OJ31: 0 | OK31: 0 | OL31: 0 | OM31: 0 | ON31: 0 | OO31: 0 | OP31: 0 | OQ31: 0 | OR31: 0 | PD31: 0 | PE31: 0 | PF31: 0 | PG31: 0 | PH31: 0 | PI31: 0 | PJ31: 0 | PK31: 0 | PL31: 0 | PM31: 0 | PN31: 0 | PZ31: 0 | QA31: 0 | QB31: 0 | QC31: 0 | QD31: 0 | QE31: 0 | QF31: 0 | QG31: 0 | QH31: 0 | QI31: 0 | QJ31: 0 | QV31: 0 | QW31: 0 | QX31: 0 | QY31: 0 | QZ31: 0 | RA31: 0 | RB31: 0 | RC31: 0 | RD31: 0 | RE31: 0 | RF31: 0 | RR31: 0 | RS31: 0 | RT31: 0 | RU31: 0 | RV31: 0 | RW31: 0 | RX31: 0 | RY31: 0 | RZ31: 0 | SA31: 0 | SB31: 0 | SN31: 0 | SO31: 0 | SP31: 0 | SQ31: 0 | SR31: 0 | SS31: 0 | ST31: 0 | SU31: 0 | SV31: 0 | SW31: 0 | SX31: 0 | TJ31: 0 | TK31: 0 | TL31: 0 | TM31: 0 | TN31: 0 | TO31: 0 | TP31: 0 | TQ31: 0 | TR31: 0 | TS31: 0 | TT31: 0 | UF31: 0 | UG31: 0 | UH31: 0 | UI31: 0 | UJ31: 0 | UK31: 0 | UL31: 0 | UM31: 0 | UN31: 0 | UO31: 0 | UP31: 0 | VB31: 0 | VC31: 0 | VD31: 0 | VE31: 0 | VF31: 0 | VG31: 0 | VH31: 0 | VI31: 0 | VJ31: 0 | VK31: 0 | VL31: 0 | VX31: 0 | VY31: 0 | VZ31: 0 | WA31: 0 | WB31: 0 | WC31: 0 | WD31: 0 | WE31: 0 | WF31: 0 | WG31: 0 | WH31: 0 | WT31: 0 | WU31: 0 | WV31: 0 | WW31: 0 | WX31: 0 | WY31: 0 | WZ31: 0 | XA31: 0 | XB31: 0 | XC31: 0 | XD31: 0 | XP31: 0 | XQ31: 0 | XR31: 0 | XS31: 0 | XT31: 0 | XU31: 0 | XV31: 0 | XW31: 0 | XX31: 0 | XY31: 0 | XZ31: 0 | YL31: 0 | YM31: 0 | YN31: 0 | YO31: 0 | YP31: 0 | YQ31: 0 | YR31: 0 | YS31: 0 | YT31: 0 | YU31: 0 | YV31: 0 | ZH31: 0 | ZI31: 0 | ZJ31: 0 | ZK31: 0 | ZL31: 0 | ZM31: 0 | ZN31: 0 | ZO31: 0 | ZP31: 0 | ZQ31: 0 | ZR31: 0
A32: 1 | B32: 0 | C32: 0 | D32: 0 | E32: 0 | F32: 0 | G32: 0 | H32: 0 | I32: 0 | J32: 0 | K32: 0 | L32: 0 | X32: 0 | Y32: 0 | Z32: 0 | AA32: 0 | AB32: 0 | AC32: 0 | AD32: 0 | AE32: 0 | AF32: 0 | AG32: 0 | AH32: 0 | AT32: 0 | AU32: 0 | AV32: 0 | AW32: 0 | AX32: 0 | AY32: 0 | AZ32: 0 | BA32: 0 | BB32: 0 | BC32: 0 | BD32: 0 | BP32: 0 | BQ32: 0 | BR32: 0 | BS32: 0 | BT32: 0 | BU32: 0 | BV32: 0 | BW32: 0 | BX32: 0 | BY32: 0 | BZ32: 0 | CL32: 0 | CM32: 0 | CN32: 0 | CO32: 0 | CP32: 0 | CQ32: 0 | CR32: 0 | CS32: 0 | CT32: 0 | CU32: 0 | CV32: 0 | DH32: 0 | DI32: 0 | DJ32: 0 | DK32: 0 | DL32: 0 | DM32: 0 | DN32: 0 | DO32: 0 | DP32: 0 | DQ32: 0 | DR32: 0 | ED32: 0 | EE32: 0 | EF32: 0 | EG32: 0 | EH32: 0 | EI32: 0 | EJ32: 0 | EK32: 0 | EL32: 0 | EM32: 0 | EN32: 0 | EZ32: 0 | FA32: 0 | FB32: 0 | FC32: 0 | FD32: 0 | FE32: 0 | FF32: 0 | FG32: 0 | FH32: 0 | FI32: 0 | FJ32: 0 | FV32: 0 | FW32: 0 | FX32: 0 | FY32: 0 | FZ32: 0 | GA32: 0 | GB32: 0 | GC32: 0 | GD32: 0 | GE32: 0 | GF32: 0 | GR32: 0 | GS32: 0 | GT32: 0 | GU32: 0 | GV32: 0 | GW32: 0 | GX32: 0 | GY32: 0 | GZ32: 0 | HA32: 0 | HB32: 0 | HN32: 0 | HO32: 0 | HP32: 0 | HQ32: 0 | HR32: 0 | HS32: 0 | HT32: 0 | HU32: 0 | HV32: 0 | HW32: 0 | HX32: 0 | IJ32: 0 | IK32: 0 | IL32: 0 | IM32: 0 | IN32: 0 | IO32: 0 | IP32: 0 | IQ32: 0 | IR32: 0 | IS32: 0 | IT32: 0 | JF32: 0 | JG32: 0 | JH32: 0 | JI32: 0 | JJ32: 0 | JK32: 0 | JL32: 0 | JM32: 0 | JN32: 0 | JO32: 0 | JP32: 0 | KB32: 0 | KC32: 0 | KD32: 0 | KE32: 0 | KF32: 0 | KG32: 0 | KH32: 0 | KI32: 0 | KJ32: 0 | KK32: 0 | KL32: 0 | KX32: 0 | KY32: 0 | KZ32: 0 | LA32: 0 | LB32: 0 | LC32: 0 | LD32: 0 | LE32: 0 | LF32: 0 | LG32: 0 | LH32: 0 | LT32: 0 | LU32: 0 | LV32: 0 | LW32: 0 | LX32: 0 | LY32: 0 | LZ32: 0 | MA32: 0 | MB32: 0 | MC32: 0 | MD32: 0 | MP32: 0 | MQ32: 0 | MR32: 0 | MS32: 0 | MT32: 0 | MU32: 0 | MV32: 0 | MW32: 0 | MX32: 0 | MY32: 0 | MZ32: 0 | NL32: 0 | NM32: 0 | NN32: 0 | NO32: 0 | NP32: 0 | NQ32: 0 | NR32: 0 | NS32: 0 | NT32: 0 | NU32: 0 | NV32: 0 | OH32: 0 | OI32: 0 | OJ32: 0 | OK32: 0 | OL32: 0 | OM32: 0 | ON32: 0 | OO32: 0 | OP32: 0 | OQ32: 0 | OR32: 0 | PD32: 0 | PE32: 0 | PF32: 0 | PG32: 0 | PH32: 0 | PI32: 0 | PJ32: 0 | PK32: 0 | PL32: 0 | PM32: 0 | PN32: 0 | PZ32: 0 | QA32: 0 | QB32: 0 | QC32: 0 | QD32: 0 | QE32: 0 | QF32: 0 | QG32: 0 | QH32: 0 | QI32: 0 | QJ32: 0 | QV32: 0 | QW32: 0 | QX32: 0 | QY32: 0 | QZ32: 0 | RA32: 0 | RB32: 0 | RC32: 0 | RD32: 0 | RE32: 0 | RF32: 0 | RR32: 0 | RS32: 0 | RT32: 0 | RU32: 0 | RV32: 0 | RW32: 0 | RX32: 0 | RY32: 0 | RZ32: 0 | SA32: 0 | SB32: 0 | SN32: 0 | SO32: 0 | SP32: 0 | SQ32: 0 | SR32: 0 | SS32: 0 | ST32: 0 | SU32: 0 | SV32: 0 | SW32: 0 | SX32: 0 | TJ32: 0 | TK32: 0 | TL32: 0 | TM32: 0 | TN32: 0 | TO32: 0 | TP32: 0 | TQ32: 0 | TR32: 0 | TS32: 0 | TT32: 0 | UF32: 0 | UG32: 0 | UH32: 0 | UI32: 0 | UJ32: 0 | UK32: 0 | UL32: 0 | UM32: 0 | UN32: 0 | UO32: 0 | UP32: 0 | VB32: 0 | VC32: 0 | VD32: 0 | VE32: 0 | VF32: 0 | VG32: 0 | VH32: 0 | VI32: 0 | VJ32: 0 | VK32: 0 | VL32: 0 | VX32: 0 | VY32: 0 | VZ32: 0 | WA32: 0 | WB32: 0 | WC32: 0 | WD32: 0 | WE32: 0 | WF32: 0 | WG32: 0 | WH32: 0 | WT32: 0 | WU32: 0 | WV32: 0 | WW32: 0 | WX32: 0 | WY32: 0 | WZ32: 0 | XA32: 0 | XB32: 0 | XC32: 0 | XD32: 0 | XP32: 0 | XQ32: 0 | XR32: 0 | XS32: 0 | XT32: 0 | XU32: 0 | XV32: 0 | XW32: 0 | XX32: 0 | XY32: 0 | XZ32: 0 | YL32: 0 | YM32: 0 | YN32: 0 | YO32: 0 | YP32: 0 | YQ32: 0 | YR32: 0 | YS32: 0 | YT32: 0 | YU32: 0 | YV32: 0 | ZH32: 0 | ZI32: 0 | ZJ32: 0 | ZK32: 0 | ZL32: 0 | ZM32: 0 | ZN32: 0 | ZO32: 0 | ZP32: 0 | ZQ32: 0 | ZR32: 0
A33: 2 | B33: 0 | C33: 0 | D33: 0 | E33: 0 | F33: 0 | G33: 0 | H33: 0 | I33: 0 | J33: 0 | K33: 0 | L33: 0 | X33: 0 | Y33: 0 | Z33: 0 | AA33: 0 | AB33: 0 | AC33: 0 | AD33: 0 | AE33: 0 | AF33: 0 | AG33: 0 | AH33: 0 | AT33: 0 | AU33: 0 | AV33: 0 | AW33: 0 | AX33: 0 | AY33: 0 | AZ33: 0 | BA33: 0 | BB33: 0 | BC33: 0 | BD33: 0 | BP33: 0 | BQ33: 0 | BR33: 0 | BS33: 0 | BT33: 0 | BU33: 0 | BV33: 0 | BW33: 0 | BX33: 0 | BY33: 0 | BZ33: 0 | CL33: 0 | CM33: 0 | CN33: 0 | CO33: 0 | CP33: 0 | CQ33: 0 | CR33: 0 | CS33: 0 | CT33: 0 | CU33: 0 | CV33: 0 | DH33: 0 | DI33: 0 | DJ33: 0 | DK33: 0 | DL33: 0 | DM33: 0 | DN33: 0 | DO33: 0 | DP33: 0 | DQ33: 0 | DR33: 0 | ED33: 0 | EE33: 0 | EF33: 0 | EG33: 0 | EH33: 0 | EI33: 0 | EJ33: 0 | EK33: 0 | EL33: 0 | EM33: 0 | EN33: 0 | EZ33: 0 | FA33: 0 | FB33: 0 | FC33: 0 | FD33: 0 | FE33: 0 | FF33: 0 | FG33: 0 | FH33: 0 | FI33: 0 | FJ33: 0 | FV33: 0 | FW33: 0 | FX33: 0 | FY33: 0 | FZ33: 0 | GA33: 0 | GB33: 0 | GC33: 0 | GD33: 0 | GE33: 0 | GF33: 0 | GR33: 0 | GS33: 0 | GT33: 0 | GU33: 0 | GV33: 0 | GW33: 0 | GX33: 0 | GY33: 0 | GZ33: 0 | HA33: 0 | HB33: 0 | HN33: 0 | HO33: 0 | HP33: 0 | HQ33: 0 | HR33: 0 | HS33: 0 | HT33: 0 | HU33: 0 | HV33: 0 | HW33: 0 | HX33: 0 | IJ33: 0 | IK33: 0 | IL33: 0 | IM33: 0 | IN33: 0 | IO33: 0 | IP33: 0 | IQ33: 0 | IR33: 0 | IS33: 0 | IT33: 0 | JF33: 0 | JG33: 0 | JH33: 0 | JI33: 0 | JJ33: 0 | JK33: 0 | JL33: 0 | JM33: 0 | JN33: 0 | JO33: 0 | JP33: 0 | KB33: 0 | KC33: 0 | KD33: 0 | KE33: 0 | KF33: 0 | KG33: 0 | KH33: 0 | KI33: 0 | KJ33: 0 | KK33: 0 | KL33: 0 | KX33: 0 | KY33: 0 | KZ33: 0 | LA33: 0 | LB33: 0 | LC33: 0 | LD33: 0 | LE33: 0 | LF33: 0 | LG33: 0 | LH33: 0 | LT33: 0 | LU33: 0 | LV33: 0 | LW33: 0 | LX33: 0 | LY33: 0 | LZ33: 0 | MA33: 0 | MB33: 0 | MC33: 0 | MD33: 0 | MP33: 0 | MQ33: 0 | MR33: 0 | MS33: 0 | MT33: 0 | MU33: 0 | MV33: 0 | MW33: 0 | MX33: 0 | MY33: 0 | MZ33: 0 | NL33: 0 | NM33: 0 | NN33: 0 | NO33: 0 | NP33: 0 | NQ33: 0 | NR33: 0 | NS33: 0 | NT33: 0 | NU33: 0 | NV33: 0 | OH33: 0 | OI33: 0 | OJ33: 0 | OK33: 0 | OL33: 0 | OM33: 0 | ON33: 0 | OO33: 0 | OP33: 0 | OQ33: 0 | OR33: 0 | PD33: 0 | PE33: 0 | PF33: 0 | PG33: 0 | PH33: 0 | PI33: 0 | PJ33: 0 | PK33: 0 | PL33: 0 | PM33: 0 | PN33: 0 | PZ33: 0 | QA33: 0 | QB33: 0 | QC33: 0 | QD33: 0 | QE33: 0 | QF33: 0 | QG33: 0 | QH33: 0 | QI33: 0 | QJ33: 0 | QV33: 0 | QW33: 0 | QX33: 0 | QY33: 0 | QZ33: 0 | RA33: 0 | RB33: 0 | RC33: 0 | RD33: 0 | RE33: 0 | RF33: 0 | RR33: 0 | RS33: 0 | RT33: 0 | RU33: 0 | RV33: 0 | RW33: 0 | RX33: 0 | RY33: 0 | RZ33: 0 | SA33: 0 | SB33: 0 | SN33: 0 | SO33: 0 | SP33: 0 | SQ33: 0 | SR33: 0 | SS33: 0 | ST33: 0 | SU33: 0 | SV33: 0 | SW33: 0 | SX33: 0 | TJ33: 0 | TK33: 0 | TL33: 0 | TM33: 0 | TN33: 0 | TO33: 0 | TP33: 0 | TQ33: 0 | TR33: 0 | TS33: 0 | TT33: 0 | UF33: 0 | UG33: 0 | UH33: 0 | UI33: 0 | UJ33: 0 | UK33: 0 | UL33: 0 | UM33: 0 | UN33: 0 | UO33: 0 | UP33: 0 | VB33: 0 | VC33: 0 | VD33: 0 | VE33: 0 | VF33: 0 | VG33: 0 | VH33: 0 | VI33: 0 | VJ33: 0 | VK33: 0 | VL33: 0 | VX33: 0 | VY33: 0 | VZ33: 0 | WA33: 0 | WB33: 0 | WC33: 0 | WD33: 0 | WE33: 0 | WF33: 0 | WG33: 0 | WH33: 0 | WT33: 0 | WU33: 0 | WV33: 0 | WW33: 0 | WX33: 0 | WY33: 0 | WZ33: 0 | XA33: 0 | XB33: 0 | XC33: 0 | XD33: 0 | XP33: 0 | XQ33: 0 | XR33: 0 | XS33: 0 | XT33: 0 | XU33: 0 | XV33: 0 | XW33: 0 | XX33: 0 | XY33: 0 | XZ33: 0 | YL33: 0 | YM33: 0 | YN33: 0 | YO33: 0 | YP33: 0 | YQ33: 0 | YR33: 0 | YS33: 0 | YT33: 0 | YU33: 0 | YV33: 0 | ZH33: 0 | ZI33: 0 | ZJ33: 0 | ZK33: 0 | ZL33: 0 | ZM33: 0 | ZN33: 0 | ZO33: 0 | ZP33: 0 | ZQ33: 0 | ZR33: 0
A34: 3 | B34: 0 | C34: 0 | D34: 0 | E34: 0 | F34: 0 | G34: 0 | H34: 0 | I34: 0 | J34: 0 | K34: 0 | L34: 0 | X34: 0 | Y34: 0 | Z34: 0 | AA34: 0 | AB34: 0 | AC34: 0 | AD34: 0 | AE34: 0 | AF34: 0 | AG34: 0 | AH34: 0 | AT34: 0 | AU34: 0 | AV34: 0 | AW34: 0 | AX34: 0 | AY34: 0 | AZ34: 0 | BA34: 0 | BB34: 0 | BC34: 0 | BD34: 0 | BP34: 0 | BQ34: 0 | BR34: 0 | BS34: 0 | BT34: 0 | BU34: 0 | BV34: 0 | BW34: 0 | BX34: 0 | BY34: 0 | BZ34: 0 | CL34: 0 | CM34: 0 | CN34: 0 | CO34: 0 | CP34: 0 | CQ34: 0 | CR34: 0 | CS34: 0 | CT34: 0 | CU34: 0 | CV34: 0 | DH34: 0 | DI34: 0 | DJ34: 0 | DK34: 0 | DL34: 0 | DM34: 0 | DN34: 0 | DO34: 0 | DP34: 0 | DQ34: 0 | DR34: 0 | ED34: 0 | EE34: 0 | EF34: 0 | EG34: 0 | EH34: 0 | EI34: 0 | EJ34: 0 | EK34: 0 | EL34: 0 | EM34: 0 | EN34: 0 | EZ34: 0 | FA34: 0 | FB34: 0 | FC34: 0 | FD34: 0 | FE34: 0 | FF34: 0 | FG34: 0 | FH34: 0 | FI34: 0 | FJ34: 0 | FV34: 0 | FW34: 0 | FX34: 0 | FY34: 0 | FZ34: 0 | GA34: 0 | GB34: 0 | GC34: 0 | GD34: 0 | GE34: 0 | GF34: 0 | GR34: 0 | GS34: 0 | GT34: 0 | GU34: 0 | GV34: 0 | GW34: 0 | GX34: 0 | GY34: 0 | GZ34: 0 | HA34: 0 | HB34: 0 | HN34: 0 | HO34: 0 | HP34: 0 | HQ34: 0 | HR34: 0 | HS34: 0 | HT34: 0 | HU34: 0 | HV34: 0 | HW34: 0 | HX34: 0 | IJ34: 0 | IK34: 0 | IL34: 0 | IM34: 0 | IN34: 0 | IO34: 0 | IP34: 0 | IQ34: 0 | IR34: 0 | IS34: 0 | IT34: 0 | JF34: 0 | JG34: 0 | JH34: 0 | JI34: 0 | JJ34: 0 | JK34: 0 | JL34: 0 | JM34: 0 | JN34: 0 | JO34: 0 | JP34: 0 | KB34: 0 | KC34: 0 | KD34: 0 | KE34: 0 | KF34: 0 | KG34: 0 | KH34: 0 | KI34: 0 | KJ34: 0 | KK34: 0 | KL34: 0 | KX34: 0 | KY34: 0 | KZ34: 0 | LA34: 0 | LB34: 0 | LC34: 0 | LD34: 0 | LE34: 0 | LF34: 0 | LG34: 0 | LH34: 0 | LT34: 0 | LU34: 0 | LV34: 0 | LW34: 0 | LX34: 0 | LY34: 0 | LZ34: 0 | MA34: 0 | MB34: 0 | MC34: 0 | MD34: 0 | MP34: 0 | MQ34: 0 | MR34: 0 | MS34: 0 | MT34: 0 | MU34: 0 | MV34: 0 | MW34: 0 | MX34: 0 | MY34: 0 | MZ34: 0 | NL34: 0 | NM34: 0 | NN34: 0 | NO34: 0 | NP34: 0 | NQ34: 0 | NR34: 0 | NS34: 0 | NT34: 0 | NU34: 0 | NV34: 0 | OH34: 0 | OI34: 0 | OJ34: 0 | OK34: 0 | OL34: 0 | OM34: 0 | ON34: 0 | OO34: 0 | OP34: 0 | OQ34: 0 | OR34: 0 | PD34: 0 | PE34: 0 | PF34: 0 | PG34: 0 | PH34: 0 | PI34: 0 | PJ34: 0 | PK34: 0 | PL34: 0 | PM34: 0 | PN34: 0 | PZ34: 0 | QA34: 0 | QB34: 0 | QC34: 0 | QD34: 0 | QE34: 0 | QF34: 0 | QG34: 0 | QH34: 0 | QI34: 0 | QJ34: 0 | QV34: 0 | QW34: 0 | QX34: 0 | QY34: 0 | QZ34: 0 | RA34: 0 | RB34: 0 | RC34: 0 | RD34: 0 | RE34: 0 | RF34: 0 | RR34: 0 | RS34: 0 | RT34: 0 | RU34: 0 | RV34: 0 | RW34: 0 | RX34: 0 | RY34: 0 | RZ34: 0 | SA34: 0 | SB34: 0 | SN34: 0 | SO34: 0 | SP34: 0 | SQ34: 0 | SR34: 0 | SS34: 0 | ST34: 0 | SU34: 0 | SV34: 0 | SW34: 0 | SX34: 0 | TJ34: 0 | TK34: 0 | TL34: 0 | TM34: 0 | TN34: 0 | TO34: 0 | TP34: 0 | TQ34: 0 | TR34: 0 | TS34: 0 | TT34: 0 | UF34: 0 | UG34: 0 | UH34: 0 | UI34: 0 | UJ34: 0 | UK34: 0 | UL34: 0 | UM34: 0 | UN34: 0 | UO34: 0 | UP34: 0 | VB34: 0 | VC34: 0 | VD34: 0 | VE34: 0 | VF34: 0 | VG34: 0 | VH34: 0 | VI34: 0 | VJ34: 0 | VK34: 0 | VL34: 0 | VX34: 0 | VY34: 0 | VZ34: 0 | WA34: 0 | WB34: 0 | WC34: 0 | WD34: 0 | WE34: 0 | WF34: 0 | WG34: 0 | WH34: 0 | WT34: 0 | WU34: 0 | WV34: 0 | WW34: 0 | WX34: 0 | WY34: 0 | WZ34: 0 | XA34: 0 | XB34: 0 | XC34: 0 | XD34: 0 | XP34: 0 | XQ34: 0 | XR34: 0 | XS34: 0 | XT34: 0 | XU34: 0 | XV34: 0 | XW34: 0 | XX34: 0 | XY34: 0 | XZ34: 0 | YL34: 0 | YM34: 0 | YN34: 0 | YO34: 0 | YP34: 0 | YQ34: 0 | YR34: 0 | YS34: 0 | YT34: 0 | YU34: 0 | YV34: 0 | ZH34: 0 | ZI34: 0 | ZJ34: 0 | ZK34: 0 | ZL34: 0 | ZM34: 0 | ZN34: 0 | ZO34: 0 | ZP34: 0 | ZQ34: 0 | ZR34: 0
A35: 4 | B35: 0 | C35: 0 | D35: 0 | E35: =$C$63*LOOKUP(B$1,OverwiewSecondStage!$B:$B,OverwiewSecondStage!$F:$F) -> 5 | F35: =$C$62*LOOKUP(B$1,OverwiewSecondStage!$B:$B,OverwiewSecondStage!$E:$E) -> 5 | G35: =$C$64*LOOKUP(B$1,OverwiewSecondStage!$B:$B,OverwiewSecondStage!$G:$G) -> 5 | H35: =$C$62*LOOKUP(B$1,OverwiewSecondStage!$B:$B,OverwiewSecondStage!$E:$E) -> 5 | I35: =$C$66*LOOKUP(B$1,OverwiewSecondStage!$B:$B,OverwiewSecondStage!$D:$D) -> 10 | J35: =$C$65*LOOKUP(B$1,OverwiewSecondStage!$B:$B,OverwiewSecondStage!$C:$C) -> 10 | K35: 0 | L35: 0 | X35: 0 | Y35: 0 | Z35: 0 | AA35: =$C$63*LOOKUP(X$1,OverwiewSecondStage!$B:$B,OverwiewSecondStage!$F:$F) -> 5 | AB35: =$C$62*LOOKUP(X$1,OverwiewSecondStage!$B:$B,OverwiewSecondStage!$E:$E) -> 5 | AC35: =$C$64*LOOKUP(X$1,OverwiewSecondStage!$B:$B,OverwiewSecondStage!$G:$G) -> 5 | AD35: =$C$62*LOOKUP(X$1,OverwiewSecondStage!$B:$B,OverwiewSecondStage!$E:$E) -> 5 | AE35: =$C$66*LOOKUP(X$1,OverwiewSecondStage!$B:$B,OverwiewSecondStage!$D:$D) -> -10 | AF35: =$C$65*LOOKUP(X$1,OverwiewSecondStage!$B:$B,OverwiewSecondStage!$C:$C) -> 10 | AG35: 0 | AH35: 0 | AT35: 0 | AU35: 0 | AV35: 0 | AW35: =$C$63*LOOKUP(AT$1,OverwiewSecondStage!$B:$B,OverwiewSecondStage!$F:$F) -> 5 | AX35: =$C$62*LOOKUP(AT$1,OverwiewSecondStage!$B:$B,OverwiewSecondStage!$E:$E) -> -5 | AY35: =$C$64*LOOKUP(AT$1,OverwiewSecondStage!$B:$B,OverwiewSecondStage!$G:$G) -> 5 | AZ35: =$C$62*LOOKUP(AT$1,OverwiewSecondStage!$B:$B,OverwiewSecondStage!$E:$E) -> -5 | BA35: =$C$66*LOOKUP(AT$1,OverwiewSecondStage!$B:$B,OverwiewSecondStage!$D:$D) -> 10 | BB35: =$C$65*LOOKUP(AT$1,OverwiewSecondStage!$B:$B,OverwiewSecondStage!$C:$C) -> 10 | BC35: 0 | BD35: 0 | BP35: 0 | BQ35: 0 | BR35: 0 | BS35: =$C$63*LOOKUP(BP$1,OverwiewSecondStage!$B:$B,OverwiewSecondStage!$F:$F) -> 5 | BT35: =$C$62*LOOKUP(BP$1,OverwiewSecondStage!$B:$B,OverwiewSecondStage!$E:$E) -> -5 | BU35: =$C$64*LOOKUP(BP$1,OverwiewSecondStage!$B:$B,OverwiewSecondStage!$G:$G) -> 5 | BV35: =$C$62*LOOKUP(BP$1,OverwiewSecondStage!$B:$B,OverwiewSecondStage!$E:$E) -> -5 | BW35: =$C$66*LOOKUP(BP$1,OverwiewSecondStage!$B:$B,OverwiewSecondStage!$D:$D) -> -10 | BX35: =$C$65*LOOKUP(BP$1,OverwiewSecondStage!$B:$B,OverwiewSecondStage!$C:$C) -> 10 | BY35: 0 | BZ35: 0 | CL35: 0 | CM35: 0 | CN35: 0 | CO35: =$C$63*LOOKUP(CL$1,OverwiewSecondStage!$B:$B,OverwiewSecondStage!$F:$F) -> -5 | CP35: =$C$62*LOOKUP(CL$1,OverwiewSecondStage!$B:$B,OverwiewSecondStage!$E:$E) -> 5 | CQ35: =$C$64*LOOKUP(CL$1,OverwiewSecondStage!$B:$B,OverwiewSecondStage!$G:$G) -> 5 | CR35: =$C$62*LOOKUP(CL$1,OverwiewSecondStage!$B:$B,OverwiewSecondStage!$E:$E) -> 5 | CS35: =$C$66*LOOKUP(CL$1,OverwiewSecondStage!$B:$B,OverwiewSecondStage!$D:$D) -> 10 | CT35: =$C$65*LOOKUP(CL$1,OverwiewSecondStage!$B:$B,OverwiewSecondStage!$C:$C) -> 10 | CU35: 0 | CV35: 0 | DH35: 0 | DI35: 0 | DJ35: 0 | DK35: =$C$63*LOOKUP(DH$1,OverwiewSecondStage!$B:$B,OverwiewSecondStage!$F:$F) -> -5 | DL35: =$C$62*LOOKUP(DH$1,OverwiewSecondStage!$B:$B,OverwiewSecondStage!$E:$E) -> 5 | DM35: =$C$64*LOOKUP(DH$1,OverwiewSecondStage!$B:$B,OverwiewSecondStage!$G:$G) -> 5 | DN35: =$C$62*LOOKUP(DH$1,OverwiewSecondStage!$B:$B,OverwiewSecondStage!$E:$E) -> 5 | DO35: =$C$66*LOOKUP(DH$1,OverwiewSecondStage!$B:$B,OverwiewSecondStage!$D:$D) -> -10 | DP35: =$C$65*LOOKUP(DH$1,OverwiewSecondStage!$B:$B,OverwiewSecondStage!$C:$C) -> 10 | DQ35: 0 | DR35: 0 | ED35: 0 | EE35: 0 | EF35: 0 | EG35: =$C$63*LOOKUP(ED$1,OverwiewSecondStage!$B:$B,OverwiewSecondStage!$F:$F) -> -5 | EH35: =$C$62*LOOKUP(ED$1,OverwiewSecondStage!$B:$B,OverwiewSecondStage!$E:$E) -> -5 | EI35: =$C$64*LOOKUP(ED$1,OverwiewSecondStage!$B:$B,OverwiewSecondStage!$G:$G) -> 5 | EJ35: =$C$62*LOOKUP(ED$1,OverwiewSecondStage!$B:$B,OverwiewSecondStage!$E:$E) -> -5 | EK35: =$C$66*LOOKUP(ED$1,OverwiewSecondStage!$B:$B,OverwiewSecondStage!$D:$D) -> 10 | EL35: =$C$65*LOOKUP(ED$1,OverwiewSecondStage!$B:$B,OverwiewSecondStage!$C:$C) -> 10 | EM35: 0 | EN35: 0 | EZ35: 0 | FA35: 0 | FB35: 0 | FC35: =$C$63*LOOKUP(EZ$1,OverwiewSecondStage!$B:$B,OverwiewSecondStage!$F:$F) -> -5 | FD35: =$C$62*LOOKUP(EZ$1,OverwiewSecondStage!$B:$B,OverwiewSecondStage!$E:$E) -> -5 | FE35: =$C$64*LOOKUP(EZ$1,OverwiewSecondStage!$B:$B,OverwiewSecondStage!$G:$G) -> 5 | FF35: =$C$62*LOOKUP(EZ$1,OverwiewSecondStage!$B:$B,OverwiewSecondStage!$E:$E) -> -5 | FG35: =$C$66*LOOKUP(EZ$1,OverwiewSecondStage!$B:$B,OverwiewSecondStage!$D:$D) -> -10 | FH35: =$C$65*LOOKUP(EZ$1,OverwiewSecondStage!$B:$B,OverwiewSecondStage!$C:$C) -> 10 | FI35: 0 | FJ35: 0 | FV35: 0 | FW35: 0 | FX35: 0 | FY35: =$C$63*LOOKUP(FV$1,OverwiewSecondStage!$B:$B,OverwiewSecondStage!$F:$F) -> 5 | FZ35: =$C$62*LOOKUP(FV$1,OverwiewSecondStage!$B:$B,OverwiewSecondStage!$E:$E) -> 5 | GA35: =$C$64*LOOKUP(FV$1,OverwiewSecondStage!$B:$B,OverwiewSecondStage!$G:$G) -> -5 | GB35: =$C$62*LOOKUP(FV$1,OverwiewSecondStage!$B:$B,OverwiewSecondStage!$E:$E) -> 5 | GC35: =$C$66*LOOKUP(FV$1,OverwiewSecondStage!$B:$B,OverwiewSecondStage!$D:$D) -> 10 | GD35: =$C$65*LOOKUP(FV$1,OverwiewSecondStage!$B:$B,OverwiewSecondStage!$C:$C) -> 10 | GE35: 0 | GF35: 0 | GR35: 0 | GS35: 0 | GT35: 0 | GU35: =$C$63*LOOKUP(GR$1,OverwiewSecondStage!$B:$B,OverwiewSecondStage!$F:$F) -> 5 | GV35: =$C$62*LOOKUP(GR$1,OverwiewSecondStage!$B:$B,OverwiewSecondStage!$E:$E) -> 5 | GW35: =$C$64*LOOKUP(GR$1,OverwiewSecondStage!$B:$B,OverwiewSecondStage!$G:$G) -> -5 | GX35: =$C$62*LOOKUP(GR$1,OverwiewSecondStage!$B:$B,OverwiewSecondStage!$E:$E) -> 5 | GY35: =$C$66*LOOKUP(GR$1,OverwiewSecondStage!$B:$B,OverwiewSecondStage!$D:$D) -> -10 | GZ35: =$C$65*LOOKUP(GR$1,OverwiewSecondStage!$B:$B,OverwiewSecondStage!$C:$C) -> 10 | HA35: 0 | HB35: 0 | HN35: 0 | HO35: 0 | HP35: 0 | HQ35: =$C$63*LOOKUP(HN$1,OverwiewSecondStage!$B:$B,OverwiewSecondStage!$F:$F) -> 5 | HR35: =$C$62*LOOKUP(HN$1,OverwiewSecondStage!$B:$B,OverwiewSecondStage!$E:$E) -> -5 | HS35: =$C$64*LOOKUP(HN$1,OverwiewSecondStage!$B:$B,OverwiewSecondStage!$G:$G) -> -5 | HT35: =$C$62*LOOKUP(HN$1,OverwiewSecondStage!$B:$B,OverwiewSecondStage!$E:$E) -> -5 | HU35: =$C$66*LOOKUP(HN$1,OverwiewSecondStage!$B:$B,OverwiewSecondStage!$D:$D) -> 10 | HV35: =$C$65*LOOKUP(HN$1,OverwiewSecondStage!$B:$B,OverwiewSecondStage!$C:$C) -> 10 | HW35: 0 | HX35: 0 | IJ35: 0 | IK35: 0 | IL35: 0 | IM35: =$C$63*LOOKUP(IJ$1,OverwiewSecondStage!$B:$B,OverwiewSecondStage!$F:$F) -> 5 | IN35: =$C$62*LOOKUP(IJ$1,OverwiewSecondStage!$B:$B,OverwiewSecondStage!$E:$E) -> -5 | IO35: =$C$64*LOOKUP(IJ$1,OverwiewSecondStage!$B:$B,OverwiewSecondStage!$G:$G) -> -5 | IP35: =$C$62*LOOKUP(IJ$1,OverwiewSecondStage!$B:$B,OverwiewSecondStage!$E:$E) -> -5 | IQ35: =$C$66*LOOKUP(IJ$1,OverwiewSecondStage!$B:$B,OverwiewSecondStage!$D:$D) -> -10 | IR35: =$C$65*LOOKUP(IJ$1,OverwiewSecondStage!$B:$B,OverwiewSecondStage!$C:$C) -> 10 | IS35: 0 | IT35: 0 | JF35: 0 | JG35: 0 | JH35: 0 | JI35: =$C$63*LOOKUP(JF$1,OverwiewSecondStage!$B:$B,OverwiewSecondStage!$F:$F) -> -5 | JJ35: =$C$62*LOOKUP(JF$1,OverwiewSecondStage!$B:$B,OverwiewSecondStage!$E:$E) -> 5 | JK35: =$C$64*LOOKUP(JF$1,OverwiewSecondStage!$B:$B,OverwiewSecondStage!$G:$G) -> -5 | JL35: =$C$62*LOOKUP(JF$1,OverwiewSecondStage!$B:$B,OverwiewSecondStage!$E:$E) -> 5 | JM35: =$C$66*LOOKUP(JF$1,OverwiewSecondStage!$B:$B,OverwiewSecondStage!$D:$D) -> 10 | JN35: =$C$65*LOOKUP(JF$1,OverwiewSecondStage!$B:$B,OverwiewSecondStage!$C:$C) -> 10 | JO35: 0 | JP35: 0 | KB35: 0 | KC35: 0 | KD35: 0 | KE35: =$C$63*LOOKUP(KB$1,OverwiewSecondStage!$B:$B,OverwiewSecondStage!$F:$F) -> -5 | KF35: =$C$62*LOOKUP(KB$1,OverwiewSecondStage!$B:$B,OverwiewSecondStage!$E:$E) -> 5 | KG35: =$C$64*LOOKUP(KB$1,OverwiewSecondStage!$B:$B,OverwiewSecondStage!$G:$G) -> -5 | KH35: =$C$62*LOOKUP(KB$1,OverwiewSecondStage!$B:$B,OverwiewSecondStage!$E:$E) -> 5 | KI35: =$C$66*LOOKUP(KB$1,OverwiewSecondStage!$B:$B,OverwiewSecondStage!$D:$D) -> -10 | KJ35: =$C$65*LOOKUP(KB$1,OverwiewSecondStage!$B:$B,OverwiewSecondStage!$C:$C) -> 10 | KK35: 0 | KL35: 0 | KX35: 0 | KY35: 0 | KZ35: 0 | LA35: =$C$63*LOOKUP(KX$1,OverwiewSecondStage!$B:$B,OverwiewSecondStage!$F:$F) -> -5 | LB35: =$C$62*LOOKUP(KX$1,OverwiewSecondStage!$B:$B,OverwiewSecondStage!$E:$E) -> -5 | LC35: =$C$64*LOOKUP(KX$1,OverwiewSecondStage!$B:$B,OverwiewSecondStage!$G:$G) -> -5 | LD35: =$C$62*LOOKUP(KX$1,OverwiewSecondStage!$B:$B,OverwiewSecondStage!$E:$E) -> -5 | LE35: =$C$66*LOOKUP(KX$1,OverwiewSecondStage!$B:$B,OverwiewSecondStage!$D:$D) -> 10 | LF35: =$C$65*LOOKUP(KX$1,OverwiewSecondStage!$B:$B,OverwiewSecondStage!$C:$C) -> 10 | LG35: 0 | LH35: 0 | LT35: 0 | LU35: 0 | LV35: 0 | LW35: =$C$63*LOOKUP(LT$1,OverwiewSecondStage!$B:$B,OverwiewSecondStage!$F:$F) -> -5 | LX35: =$C$62*LOOKUP(LT$1,OverwiewSecondStage!$B:$B,OverwiewSecondStage!$E:$E) -> -5 | LY35: =$C$64*LOOKUP(LT$1,OverwiewSecondStage!$B:$B,OverwiewSecondStage!$G:$G) -> -5 | LZ35: =$C$62*LOOKUP(LT$1,OverwiewSecondStage!$B:$B,OverwiewSecondStage!$E:$E) -> -5 | MA35: =$C$66*LOOKUP(LT$1,OverwiewSecondStage!$B:$B,OverwiewSecondStage!$D:$D) -> -10 | MB35: =$C$65*LOOKUP(LT$1,OverwiewSecondStage!$B:$B,OverwiewSecondStage!$C:$C) -> 10 | MC35: 0 | MD35: 0 | MP35: 0 | MQ35: 0 | MR35: 0 | MS35: =$C$63*LOOKUP(MP$1,OverwiewSecondStage!$B:$B,OverwiewSecondStage!$F:$F) -> 5 | MT35: =$C$62*LOOKUP(MP$1,OverwiewSecondStage!$B:$B,OverwiewSecondStage!$E:$E) -> 5 | MU35: =$C$64*LOOKUP(MP$1,OverwiewSecondStage!$B:$B,OverwiewSecondStage!$G:$G) -> 5 | MV35: =$C$62*LOOKUP(MP$1,OverwiewSecondStage!$B:$B,OverwiewSecondStage!$E:$E) -> 5 | MW35: =$C$66*LOOKUP(MP$1,OverwiewSecondStage!$B:$B,OverwiewSecondStage!$D:$D) -> 10 | MX35: =$C$65*LOOKUP(MP$1,OverwiewSecondStage!$B:$B,OverwiewSecondStage!$C:$C) -> -10 | MY35: 0 | MZ35: 0 | NL35: 0 | NM35: 0 | NN35: 0 | NO35: =$C$63*LOOKUP(NL$1,OverwiewSecondStage!$B:$B,OverwiewSecondStage!$F:$F) -> 5 | NP35: =$C$62*LOOKUP(NL$1,OverwiewSecondStage!$B:$B,OverwiewSecondStage!$E:$E) -> 5 | NQ35: =$C$64*LOOKUP(NL$1,OverwiewSecondStage!$B:$B,OverwiewSecondStage!$G:$G) -> 5 | NR35: =$C$62*LOOKUP(NL$1,OverwiewSecondStage!$B:$B,OverwiewSecondStage!$E:$E) -> 5 | NS35: =$C$66*LOOKUP(NL$1,OverwiewSecondStage!$B:$B,OverwiewSecondStage!$D:$D) -> -10 | NT35: =$C$65*LOOKUP(NL$1,OverwiewSecondStage!$B:$B,OverwiewSecondStage!$C:$C) -> -10 | NU35: 0 | NV35: 0 | OH35: 0 | OI35: 0 | OJ35: 0 | OK35: =$C$63*LOOKUP(OH$1,OverwiewSecondStage!$B:$B,OverwiewSecondStage!$F:$F) -> 5 | OL35: =$C$62*LOOKUP(OH$1,OverwiewSecondStage!$B:$B,OverwiewSecondStage!$E:$E) -> -5 | OM35: =$C$64*LOOKUP(OH$1,OverwiewSecondStage!$B:$B,OverwiewSecondStage!$G:$G) -> 5 | ON35: =$C$62*LOOKUP(OH$1,OverwiewSecondStage!$B:$B,OverwiewSecondStage!$E:$E) -> -5 | OO35: =$C$66*LOOKUP(OH$1,OverwiewSecondStage!$B:$B,OverwiewSecondStage!$D:$D) -> 10 | OP35: =$C$65*LOOKUP(OH$1,OverwiewSecondStage!$B:$B,OverwiewSecondStage!$C:$C) -> -10 | OQ35: 0 | OR35: 0 | PD35: 0 | PE35: 0 | PF35: 0 | PG35: =$C$63*LOOKUP(PD$1,OverwiewSecondStage!$B:$B,OverwiewSecondStage!$F:$F) -> 5 | PH35: =$C$62*LOOKUP(PD$1,OverwiewSecondStage!$B:$B,OverwiewSecondStage!$E:$E) -> -5 | PI35: =$C$64*LOOKUP(PD$1,OverwiewSecondStage!$B:$B,OverwiewSecondStage!$G:$G) -> 5 | PJ35: =$C$62*LOOKUP(PD$1,OverwiewSecondStage!$B:$B,OverwiewSecondStage!$E:$E) -> -5 | PK35: =$C$66*LOOKUP(PD$1,OverwiewSecondStage!$B:$B,OverwiewSecondStage!$D:$D) -> -10 | PL35: =$C$65*LOOKUP(PD$1,OverwiewSecondStage!$B:$B,OverwiewSecondStage!$C:$C) -> -10 | PM35: 0 | PN35: 0 | PZ35: 0 | QA35: 0 | QB35: 0 | QC35: =$C$63*LOOKUP(PZ$1,OverwiewSecondStage!$B:$B,OverwiewSecondStage!$F:$F) -> -5 | QD35: =$C$62*LOOKUP(PZ$1,OverwiewSecondStage!$B:$B,OverwiewSecondStage!$E:$E) -> 5 | QE35: =$C$64*LOOKUP(PZ$1,OverwiewSecondStage!$B:$B,OverwiewSecondStage!$G:$G) -> 5 | QF35: =$C$62*LOOKUP(PZ$1,OverwiewSecondStage!$B:$B,OverwiewSecondStage!$E:$E) -> 5 | QG35: =$C$66*LOOKUP(PZ$1,OverwiewSecondStage!$B:$B,OverwiewSecondStage!$D:$D) -> 10 | QH35: =$C$65*LOOKUP(PZ$1,OverwiewSecondStage!$B:$B,OverwiewSecondStage!$C:$C) -> -10 | QI35: 0 | QJ35: 0 | QV35: 0 | QW35: 0 | QX35: 0 | QY35: =$C$63*LOOKUP(QV$1,OverwiewSecondStage!$B:$B,OverwiewSecondStage!$F:$F) -> -5 | QZ35: =$C$62*LOOKUP(QV$1,OverwiewSecondStage!$B:$B,OverwiewSecondStage!$E:$E) -> 5 | RA35: =$C$64*LOOKUP(QV$1,OverwiewSecondStage!$B:$B,OverwiewSecondStage!$G:$G) -> 5 | RB35: =$C$62*LOOKUP(QV$1,OverwiewSecondStage!$B:$B,OverwiewSecondStage!$E:$E) -> 5 | RC35: =$C$66*LOOKUP(QV$1,OverwiewSecondStage!$B:$B,OverwiewSecondStage!$D:$D) -> -10 | RD35: =$C$65*LOOKUP(QV$1,OverwiewSecondStage!$B:$B,OverwiewSecondStage!$C:$C) -> -10 | RE35: 0 | RF35: 0 | RR35: 0 | RS35: 0 | RT35: 0 | RU35: =$C$63*LOOKUP(RR$1,OverwiewSecondStage!$B:$B,OverwiewSecondStage!$F:$F) -> -5 | RV35: =$C$62*LOOKUP(RR$1,OverwiewSecondStage!$B:$B,OverwiewSecondStage!$E:$E) -> -5 | RW35: =$C$64*LOOKUP(RR$1,OverwiewSecondStage!$B:$B,OverwiewSecondStage!$G:$G) -> 5 | RX35: =$C$62*LOOKUP(RR$1,OverwiewSecondStage!$B:$B,OverwiewSecondStage!$E:$E) -> -5 | RY35: =$C$66*LOOKUP(RR$1,OverwiewSecondStage!$B:$B,OverwiewSecondStage!$D:$D) -> 10 | RZ35: =$C$65*LOOKUP(RR$1,OverwiewSecondStage!$B:$B,OverwiewSecondStage!$C:$C) -> -10 | SA35: 0 | SB35: 0 | SN35: 0 | SO35: 0 | SP35: 0 | SQ35: =$C$63*LOOKUP(SN$1,OverwiewSecondStage!$B:$B,OverwiewSecondStage!$F:$F) -> -5 | SR35: =$C$62*LOOKUP(SN$1,OverwiewSecondStage!$B:$B,OverwiewSecondStage!$E:$E) -> -5 | SS35: =$C$64*LOOKUP(SN$1,OverwiewSecondStage!$B:$B,OverwiewSecondStage!$G:$G) -> 5 | ST35: =$C$62*LOOKUP(SN$1,OverwiewSecondStage!$B:$B,OverwiewSecondStage!$E:$E) -> -5 | SU35: =$C$66*LOOKUP(SN$1,OverwiewSecondStage!$B:$B,OverwiewSecondStage!$D:$D) -> -10 | SV35: =$C$65*LOOKUP(SN$1,OverwiewSecondStage!$B:$B,OverwiewSecondStage!$C:$C) -> -10 | SW35: 0 | SX35: 0 | TJ35: 0 | TK35: 0 | TL35: 0 | TM35: =$C$63*LOOKUP(TJ$1,OverwiewSecondStage!$B:$B,OverwiewSecondStage!$F:$F) -> 5 | TN35: =$C$62*LOOKUP(TJ$1,OverwiewSecondStage!$B:$B,OverwiewSecondStage!$E:$E) -> 5 | TO35: =$C$64*LOOKUP(TJ$1,OverwiewSecondStage!$B:$B,OverwiewSecondStage!$G:$G) -> -5 | TP35: =$C$62*LOOKUP(TJ$1,OverwiewSecondStage!$B:$B,OverwiewSecondStage!$E:$E) -> 5 | TQ35: =$C$66*LOOKUP(TJ$1,OverwiewSecondStage!$B:$B,OverwiewSecondStage!$D:$D) -> 10 | TR35: =$C$65*LOOKUP(TJ$1,OverwiewSecondStage!$B:$B,OverwiewSecondStage!$C:$C) -> -10 | TS35: 0 | TT35: 0 | UF35: 0 | UG35: 0 | UH35: 0 | UI35: =$C$63*LOOKUP(UF$1,OverwiewSecondStage!$B:$B,OverwiewSecondStage!$F:$F) -> 5 | UJ35: =$C$62*LOOKUP(UF$1,OverwiewSecondStage!$B:$B,OverwiewSecondStage!$E:$E) -> 5 | UK35: =$C$64*LOOKUP(UF$1,OverwiewSecondStage!$B:$B,OverwiewSecondStage!$G:$G) -> -5 | UL35: =$C$62*LOOKUP(UF$1,OverwiewSecondStage!$B:$B,OverwiewSecondStage!$E:$E) -> 5 | UM35: =$C$66*LOOKUP(UF$1,OverwiewSecondStage!$B:$B,OverwiewSecondStage!$D:$D) -> -10 | UN35: =$C$65*LOOKUP(UF$1,OverwiewSecondStage!$B:$B,OverwiewSecondStage!$C:$C) -> -10 | UO35: 0 | UP35: 0 | VB35: 0 | VC35: 0 | VD35: 0 | VE35: =$C$63*LOOKUP(VB$1,OverwiewSecondStage!$B:$B,OverwiewSecondStage!$F:$F) -> 5 | VF35: =$C$62*LOOKUP(VB$1,OverwiewSecondStage!$B:$B,OverwiewSecondStage!$E:$E) -> -5 | VG35: =$C$64*LOOKUP(VB$1,OverwiewSecondStage!$B:$B,OverwiewSecondStage!$G:$G) -> -5 | VH35: =$C$62*LOOKUP(VB$1,OverwiewSecondStage!$B:$B,OverwiewSecondStage!$E:$E) -> -5 | VI35: =$C$66*LOOKUP(VB$1,OverwiewSecondStage!$B:$B,OverwiewSecondStage!$D:$D) -> 10 | VJ35: =$C$65*LOOKUP(VB$1,OverwiewSecondStage!$B:$B,OverwiewSecondStage!$C:$C) -> -10 | VK35: 0 | VL35: 0 | VX35: 0 | VY35: 0 | VZ35: 0 | WA35: =$C$63*LOOKUP(VX$1,OverwiewSecondStage!$B:$B,OverwiewSecondStage!$F:$F) -> 5 | WB35: =$C$62*LOOKUP(VX$1,OverwiewSecondStage!$B:$B,OverwiewSecondStage!$E:$E) -> -5 | WC35: =$C$64*LOOKUP(VX$1,OverwiewSecondStage!$B:$B,OverwiewSecondStage!$G:$G) -> -5 | WD35: =$C$62*LOOKUP(VX$1,OverwiewSecondStage!$B:$B,OverwiewSecondStage!$E:$E) -> -5 | WE35: =$C$66*LOOKUP(VX$1,OverwiewSecondStage!$B:$B,OverwiewSecondStage!$D:$D) -> -10 | WF35: =$C$65*LOOKUP(VX$1,OverwiewSecondStage!$B:$B,OverwiewSecondStage!$C:$C) -> -10 | WG35: 0 | WH35: 0 | WT35: 0 | WU35: 0 | WV35: 0 | WW35: =$C$63*LOOKUP(WT$1,OverwiewSecondStage!$B:$B,OverwiewSecondStage!$F:$F) -> -5 | WX35: =$C$62*LOOKUP(WT$1,OverwiewSecondStage!$B:$B,OverwiewSecondStage!$E:$E) -> 5 | WY35: =$C$64*LOOKUP(WT$1,OverwiewSecondStage!$B:$B,OverwiewSecondStage!$G:$G) -> -5 | WZ35: =$C$62*LOOKUP(WT$1,OverwiewSecondStage!$B:$B,OverwiewSecondStage!$E:$E) -> 5 | XA35: =$C$66*LOOKUP(WT$1,OverwiewSecondStage!$B:$B,OverwiewSecondStage!$D:$D) -> 10 | XB35: =$C$65*LOOKUP(WT$1,OverwiewSecondStage!$B:$B,OverwiewSecondStage!$C:$C) -> -10 | XC35: 0 | XD35: 0 | XP35: 0 | XQ35: 0 | XR35: 0 | XS35: =$C$63*LOOKUP(XP$1,OverwiewSecondStage!$B:$B,OverwiewSecondStage!$F:$F) -> -5 | XT35: =$C$62*LOOKUP(XP$1,OverwiewSecondStage!$B:$B,OverwiewSecondStage!$E:$E) -> 5 | XU35: =$C$64*LOOKUP(XP$1,OverwiewSecondStage!$B:$B,OverwiewSecondStage!$G:$G) -> -5 | XV35: =$C$62*LOOKUP(XP$1,OverwiewSecondStage!$B:$B,OverwiewSecondStage!$E:$E) -> 5 | XW35: =$C$66*LOOKUP(XP$1,OverwiewSecondStage!$B:$B,OverwiewSecondStage!$D:$D) -> -10 | XX35: =$C$65*LOOKUP(XP$1,OverwiewSecondStage!$B:$B,OverwiewSecondStage!$C:$C) -> -10 | XY35: 0 | XZ35: 0 | YL35: 0 | YM35: 0 | YN35: 0 | YO35: =$C$63*LOOKUP(YL$1,OverwiewSecondStage!$B:$B,OverwiewSecondStage!$F:$F) -> -5 | YP35: =$C$62*LOOKUP(YL$1,OverwiewSecondStage!$B:$B,OverwiewSecondStage!$E:$E) -> -5 | YQ35: =$C$64*LOOKUP(YL$1,OverwiewSecondStage!$B:$B,OverwiewSecondStage!$G:$G) -> -5 | YR35: =$C$62*LOOKUP(YL$1,OverwiewSecondStage!$B:$B,OverwiewSecondStage!$E:$E) -> -5 | YS35: =$C$66*LOOKUP(YL$1,OverwiewSecondStage!$B:$B,OverwiewSecondStage!$D:$D) -> 10 | YT35: =$C$65*LOOKUP(YL$1,OverwiewSecondStage!$B:$B,OverwiewSecondStage!$C:$C) -> -10 | YU35: 0 | YV35: 0 | ZH35: 0 | ZI35: 0 | ZJ35: 0 | ZK35: =$C$63*LOOKUP(ZH$1,OverwiewSecondStage!$B:$B,OverwiewSecondStage!$F:$F) -> -5 | ZL35: =$C$62*LOOKUP(ZH$1,OverwiewSecondStage!$B:$B,OverwiewSecondStage!$E:$E) -> -5 | ZM35: =$C$64*LOOKUP(ZH$1,OverwiewSecondStage!$B:$B,OverwiewSecondStage!$G:$G) -> -5 | ZN35: =$C$62*LOOKUP(ZH$1,OverwiewSecondStage!$B:$B,OverwiewSecondStage!$E:$E) -> -5 | ZO35: =$C$66*LOOKUP(ZH$1,OverwiewSecondStage!$B:$B,OverwiewSecondStage!$D:$D) -> -10 | ZP35: =$C$65*LOOKUP(ZH$1,OverwiewSecondStage!$B:$B,OverwiewSecondStage!$C:$C) -> -10 | ZQ35: 0 | ZR35: 0
