Workbook

Sheet Visualisation

Sheet Units
A1: Quantity | B1: Unit | C1: Explanation
A2: =Nodes!J2 -> Production Capacity Gas | B2: MSm3/h | C2: Mega (or million) standard cubic metres per hour. One standard cubic meter means the amount of gas which occupies a Cubic Meter at fifteen (15) Degrees Celsius and a pressure of one hundred one decimal three two five (101.325) kPa.
A3: =Nodes!M2 -> Production Costs Gas | B3: NOK / MSm3
A4: =Nodes!N2 -> Storage Capacity Gas | B4: MSm3
A5: =Nodes!O2 -> Entry Storage Costs Gas | B5: NOK / MSm3
A6: =Nodes!P2 -> Entry Costs Gas Stage 1 | B6: NOK / MSm3
A7: =Nodes!Q2 -> Exit Costs Gas Stage 1 | B7: NOK / MSm3
A8: =Arcs!I1 -> Flow costs Gas | B8: NOK / MSm3
A9: =Arcs!E1 -> Capacity | B9: MSm3/h
A10: Demand | B10: MSm3/h

Sheet Nodes
H1: =Commodities!B2 -> gas | V1: =Commodities!B3 -> hydrogen
A2: ID | B2: Name | C2: Type | D2: X_coordinate | E2: Y_coordinate | F2: Vermoeden | G2: Source | H2: TSO entry costs Gas | I2: TSO exit costs Gas | J2: Production Capacity Gas | K2: Entry Capacity Gas | L2: Exit Capacity Gas | M2: Production Costs Gas | N2: Storage Capacity Gas | O2: Entry Storage Costs Gas | P2: Entry Costs Gas Stage 1 | Q2: Exit Costs Gas Stage 1 | R2: Entry Costs Gas Stage 2 | S2: Exit Costs Gas Stage 2 | T2: Entry Costs Gas Stage 3 | U2: Exit Costs Gas Stage 3 | V2: TSO entry costs Hydrogen | W2: TSO exit costs Hydrogen | X2: Production Capacity Hydrogen | Y2: Entry Capacity Hydrogen | Z2: Exit Capacity Hydrogen | AA2: Production Costs Hydrogen | AB2: Storage Capacity Hydrogen | AC2: Entry Storage Costs Hydrogen | AD2: Entry Costs Hydrogen Stage 1 | AE2: Exit Costs Hydrogen Stage 1 | AF2: Entry Costs Hydrogen Stage 2 | AG2: Exit Costs Hydrogen Stage 2 | AH2: Entry Costs Hydrogen Stage 3 | AI2: Exit Costs Hydrogen Stage 3
A3: 1 | B3: AreaA | C3: Field | D3: 8 | E3: 50 | H3: 5 | I3: 5 | J3: =($J$23-$J$22)/3 -> 24.933333 | K3: 500 | L3: 0 | M3: 1 | N3: 0 | O3: 0 | P3: 1 | Q3: 1 | R3: 0.2 | S3: 0.2 | T3: 0.3 | U3: 0.3 | V3: 5 | W3: 5 | X3: 0 | Y3: 0 | Z3: 0 | AA3: 0 | AB3: 100 | AC3: 1 | AD3: 1 | AE3: 1 | AF3: 3 | AG3: 3 | AH3: 5 | AI3: 5
A4: 2 | B4: Oseberg | C4: Field | D4: 7 | E4: 45 | G4: Ruud (Google; 27?) | H4: 5 | I4: 5 | J4: 27 | K4: 500 | L4: 0 | M4: 1 | N4: 0 | O4: 0 | P4: 1 | Q4: 1 | R4: 0.2 | S4: 0.2 | T4: 0.3 | U4: 0.3 | V4: 5 | W4: 5 | X4: 100 | Y4: 100 | Z4: 0 | AA4: 1 | AB4: 100 | AC4: 1 | AD4: 1 | AE4: 1 | AF4: 3 | AG4: 3 | AH4: 5 | AI4: 5
A5: 3 | B5: Heimdal | C5: Field | D5: 9 | E5: 40 | G5: Ruud & Google | H5: 5 | I5: 5 | J5: 0 | K5: 500 | L5: 0 | M5: 1 | N5: 0 | O5: 0 | P5: 1 | Q5: 1 | R5: 0.2 | S5: 0.2 | T5: 0.3 | U5: 0.3 | V5: 5 | W5: 5 | X5: 0 | Y5: 0 | Z5: 0 | AA5: 0 | AB5: 100 | AC5: 1 | AD5: 1 | AE5: 1 | AF5: 3 | AG5: 3 | AH5: 5 | AI5: 5
A6: 4 | B6: AreaB | C6: Field | D6: 14 | E6: 40 | H6: 5 | I6: 5 | J6: =($J$23-$J$22)/3 -> 24.933333 | K6: 500 | L6: 0 | M6: 1 | N6: 0 | O6: 0 | P6: 1 | Q6: 1 | R6: 0.2 | S6: 0.2 | T6: 0.3 | U6: 0.3 | V6: 5 | W6: 5 | X6: 0 | Y6: 0 | Z6: 0 | AA6: 0 | AB6: 100 | AC6: 1 | AD6: 1 | AE6: 1 | AF6: 3 | AG6: 3 | AH6: 5 | AI6: 5
A7: 5 | B7: Kollsnes | C7: Field | D7: 8 | E7: 35 | G7: Google | H7: 5 | I7: 5 | J7: 143 | K7: 500 | L7: 0 | M7: 1 | N7: 0 | O7: 0 | P7: 1 | Q7: 1 | R7: 0.2 | S7: 0.2 | T7: 0.3 | U7: 0.3 | V7: 5 | W7: 5 | X7: 0 | Y7: 0 | Z7: 0 | AA7: 0 | AB7: 100 | AC7: 1 | AD7: 1 | AE7: 1 | AF7: 3 | AG7: 3 | AH7: 5 | AI7: 5
A8: 6 | B8: Nyhamna | C8: Field | D8: 6 | E8: 32 | H8: 5 | I8: 5 | J8: 84 | K8: 500 | L8: 0 | M8: 1 | N8: 0 | O8: 0 | P8: 1 | Q8: 1 | R8: 0.2 | S8: 0.2 | T8: 0.3 | U8: 0.3 | V8: 5 | W8: 5 | X8: 0 | Y8: 0 | Z8: 0 | AA8: 0 | AB8: 100 | AC8: 1 | AD8: 1 | AE8: 1 | AF8: 3 | AG8: 3 | AH8: 5 | AI8: 5
A9: 7 | B9: AreaD | C9: Field | D9: 4 | E9: 25 | H9: 5 | I9: 5 | J9: =($J$23-$J$22)/3 -> 24.933333 | K9: 500 | L9: 0 | M9: 1 | N9: 0 | O9: 0 | P9: 1 | Q9: 1 | R9: 0.2 | S9: 0.2 | T9: 0.3 | U9: 0.3 | V9: 5 | W9: 5 | X9: 0 | Y9: 0 | Z9: 0 | AA9: 0 | AB9: 100 | AC9: 1 | AD9: 1 | AE9: 1 | AF9: 3 | AG9: 3 | AH9: 5 | AI9: 5
A10: 8 | B10: Ekofisk | C10: Field | D10: 12 | E10: 28 | G10: Ruud (Google; 21,2?) | H10: 5 | I10: 5 | J10: 21.2 | K10: 500 | L10: 0 | M10: 1 | N10: 0 | O10: 0 | P10: 1 | Q10: 1 | R10: 0.2 | S10: 0.2 | T10: 0.3 | U10: 0.3 | V10: 5 | W10: 5 | X10: 100 | Y10: 100 | Z10: 0 | AA10: 1 | AB10: 100 | AC10: 1 | AD10: 1 | AE10: 1 | AF10: 3 | AG10: 3 | AH10: 5 | AI10: 5
A11: 9 | B11: NBP | C11: Market | D11: 2 | E11: 20 | H11: 5 | I11: 5 | J11: 0 | K11: 0 | L11: 500 | M11: 1 | N11: 0 | O11: 0 | P11: 1 | Q11: 1 | R11: 0.2 | S11: 0.2 | T11: 0.3 | U11: 0.3 | V11: 5 | W11: 5 | X11: =J11 -> 0 | Y11: 0 | Z11: 200 | AA11: =O11 -> 0 | AB11: 100 | AC11: 1 | AD11: 1 | AE11: 1 | AF11: 3 | AG11: 3 | AH11: 5 | AI11: 5
A12: 10 | B12: Zeebrugge | C12: Market | D12: 5 | E12: 15 | H12: 5 | I12: 5 | J12: 0 | K12: 0 | L12: 500 | M12: 1 | N12: 0 | O12: 0 | P12: 1 | Q12: 1 | R12: 0.2 | S12: 0.2 | T12: 0.3 | U12: 0.3 | V12: 5 | W12: 5 | X12: =J12 -> 0 | Y12: 0 | Z12: 200 | AA12: =O12 -> 0 | AB12: 100 | AC12: 1 | AD12: 1 | AE12: 1 | AF12: 3 | AG12: 3 | AH12: 5 | AI12: 5
A13: 11 | B13: Dunkerque | C13: Market | D13: 9 | E13: 10 | H13: 5 | I13: 5 | J13: 0 | K13: 0 | L13: 500 | M13: 1 | N13: 0 | O13: 0 | P13: 1 | Q13: 1 | R13: 0.2 | S13: 0.2 | T13: 0.3 | U13: 0.3 | V13: 5 | W13: 5 | X13: =J13 -> 0 | Y13: 0 | Z13: 200 | AA13: =O13 -> 0 | AB13: 100 | AC13: 1 | AD13: 1 | AE13: 1 | AF13: 3 | AG13: 3 | AH13: 5 | AI13: 5
A14: 12 | B14: Germany | C14: Market | D14: 15 | E14: 5 | H14: 5 | I14: 5 | J14: 0 | K14: 0 | L14: 500 | M14: 1 | N14: 0 | O14: 0 | P14: 1 | Q14: 1 | R14: 0.2 | S14: 0.2 | T14: 0.3 | U14: 0.3 | V14: 5 | W14: 5 | X14: =J14 -> 0 | Y14: 0 | Z14: 200 | AA14: =O14 -> 0 | AB14: 100 | AC14: 1 | AD14: 1 | AE14: 1 | AF14: 3 | AG14: 3 | AH14: 5 | AI14: 5
A15: 13 | B15: Intermediate 1 | C15: Intermediate node | D15: 6 | E15: 37 | F15: St Fergus | H15: 5 | I15: 5 | J15: 0 | K15: 0 | L15: 0 | M15: 1 | N15: 0 | O15: 0 | P15: 1 | Q15: 1 | R15: 0.2 | S15: 0.2 | T15: 0.3 | U15: 0.3 | V15: 5 | W15: 5 | X15: =J15 -> 0 | Y15: 0 | Z15: =N15 -> 0 | AA15: =O15 -> 0 | AB15: 100 | AC15: 1 | AD15: 1 | AE15: 1 | AF15: 3 | AG15: 3 | AH15: 5 | AI15: 5
A16: 14 | B16: Intermediate 2 | C16: Intermediate node | D16: 11 | E16: 30 | F16: Draupner E | H16: 5 | I16: 5 | J16: 0 | K16: 0 | L16: 0 | M16: 1 | N16: 0 | O16: 0 | P16: 1 | Q16: 1 | R16: 0.2 | S16: 0.2 | T16: 0.3 | U16: 0.3 | V16: 5 | W16: 5 | X16: =J16 -> 0 | Y16: 0 | Z16: =N16 -> 0 | AA16: =O16 -> 0 | AB16: 100 | AC16: 1 | AD16: 1 | AE16: 1 | AF16: 3 | AG16: 3 | AH16: 5 | AI16: 5
A17: 15 | B17: Intermediate 3 | C17: Intermediate node | D17: 7 | E17: 25 | F17: Sleipner | H17: 5 | I17: 5 | J17: 0 | K17: 0 | L17: 0 | M17: 1 | N17: 0 | O17: 0 | P17: 1 | Q17: 1 | R17: 0.2 | S17: 0.2 | T17: 0.3 | U17: 0.3 | V17: 5 | W17: 5 | X17: =J17 -> 0 | Y17: 0 | Z17: =N17 -> 0 | AA17: =O17 -> 0 | AB17: 100 | AC17: 1 | AD17: 1 | AE17: 1 | AF17: 3 | AG17: 3 | AH17: 5 | AI17: 5
A18: 16 | B18: Intermediate 4 | C18: Intermediate node | D18: 12 | E18: 22 | F18: Draupner S | H18: 5 | I18: 5 | J18: 0 | K18: 0 | L18: 0 | M18: 1 | N18: 0 | O18: 0 | P18: 1 | Q18: 1 | R18: 0.2 | S18: 0.2 | T18: 0.3 | U18: 0.3 | V18: 5 | W18: 5 | X18: =J18 -> 0 | Y18: 0 | Z18: =N18 -> 0 | AA18: =O18 -> 0 | AB18: 100 | AC18: 1 | AD18: 1 | AE18: 1 | AF18: 3 | AG18: 3 | AH18: 5 | AI18: 5
A19: 17 | B19: Intermediate 5 | C19: Intermediate node | D19: 14 | E19: 16 | F19: Ekofisk Y | H19: 5 | I19: 5 | J19: 0 | K19: 0 | L19: 0 | M19: 1 | N19: 0 | O19: 0 | P19: 1 | Q19: 1 | R19: 0.2 | S19: 0.2 | T19: 0.3 | U19: 0.3 | V19: 5 | W19: 5 | X19: =J19 -> 0 | Y19: 0 | Z19: =N19 -> 0 | AA19: =O19 -> 0 | AB19: 100 | AC19: 1 | AD19: 1 | AE19: 1 | AF19: 3 | AG19: 3 | AH19: 5 | AI19: 5
A20: 18 | B20: Karsto | C20: Intermediate node | D20: 15 | E20: 25 | H20: 5 | I20: 5 | J20: 0 | K20: 0 | L20: 0 | M20: 1 | N20: 0 | O20: 0 | P20: 1 | Q20: 1 | R20: 0.2 | S20: 0.2 | T20: 0.3 | U20: 0.3 | V20: 5 | W20: 5 | X20: =J20 -> 0 | Y20: 0 | Z20: =N20 -> 0 | AA20: =O20 -> 0 | AB20: 100 | AC20: 1 | AD20: 1 | AE20: 1 | AF20: 3 | AG20: 3 | AH20: 5 | AI20: 5
G22: Known Prod Cap | J22: =SUM(J10+J8+J7+J5+J4) -> 275.2
G23: Total Production Cap | J23: 350

Sheet Demand Stage 2
A1: Node Number | B1: 2 | J1: =B1+Parameters!$B$5 -> 6 | R1: =J1+Parameters!$B$5 -> 10 | Z1: =R1+Parameters!$B$5 -> 14
A2: Probability | B2: =1/2 -> 0.5 | J2: =3/24 -> 0.125 | R2: =6/24 -> 0.25 | Z2: =3/24 -> 0.125
B3: gas or mix | F3: pure hydrogen | J3: gas or mix | N3: pure hydrogen | R3: gas or mix | V3: pure hydrogen | Z3: gas or mix | AD3: pure hydrogen
A4: Hour | B4: =Nodes!B11 -> NBP | C4: =Nodes!B12 -> Zeebrugge | D4: =Nodes!B13 -> Dunkerque | E4: =Nodes!B14 -> Germany | F4: =B4 -> NBP | G4: =C4 -> Zeebrugge | H4: =D4 -> Dunkerque | I4: =E4 -> Germany | J4: =B4 -> NBP | K4: =C4 -> Zeebrugge | L4: =D4 -> Dunkerque | M4: =E4 -> Germany | N4: =J4 -> NBP | O4: =K4 -> Zeebrugge | P4: =L4 -> Dunkerque | Q4: =M4 -> Germany | R4: =J4 -> NBP | S4: =K4 -> Zeebrugge | T4: =L4 -> Dunkerque | U4: =M4 -> Germany | V4: =R4 -> NBP | W4: =S4 -> Zeebrugge | X4: =T4 -> Dunkerque | Y4: =U4 -> Germany | Z4: =R4 -> NBP | AA4: =S4 -> Zeebrugge | AB4: =T4 -> Dunkerque | AC4: =U4 -> Germany | AD4: =Z4 -> NBP | AE4: =AA4 -> Zeebrugge | AF4: =AB4 -> Dunkerque | AG4: =AC4 -> Germany
A5: 0 | B5: 30 | C5: 40 | D5: =$D32+5 -> 45 | E5: =$E32+10 -> 90 | F5: 0 | G5: 0 | H5: 0 | I5: 0 | J5: 30 | K5: 40 | L5: =$D32-5 -> 35 | M5: =$E32+10 -> 90 | N5: 0 | O5: 0 | P5: 0 | Q5: 0 | R5: 30 | S5: 40 | T5: =$D32+5 -> 45 | U5: =$E32-10 -> 70 | V5: 0 | W5: 0 | X5: 0 | Y5: 0 | Z5: 30 | AA5: 40 | AB5: =$D32-5 -> 35 | AC5: =$E32-10 -> 70 | AD5: 0 | AE5: 0 | AF5: 0 | AG5: 0
A6: 1 | B6: 30 | C6: 40 | D6: =$D33+5 -> 50 | E6: =$E33+10 -> 100 | F6: =F5*0.5 -> 0 | G6: =G5*0.5 -> 0 | H6: =H5*0.5 -> 0 | I6: 0 | J6: 30 | K6: 40 | L6: =$D33-5 -> 40 | M6: =$E33+10 -> 100 | N6: =N5*0.5 -> 0 | O6: =O5*0.5 -> 0 | P6: =P5*0.5 -> 0 | Q6: 0 | R6: 30 | S6: 40 | T6: =$D33+5 -> 50 | U6: =$E33-10 -> 80 | V6: =V5*0.5 -> 0 | W6: =W5*0.5 -> 0 | X6: =X5*0.5 -> 0 | Y6: 0 | Z6: 30 | AA6: 40 | AB6: =$D33-5 -> 40 | AC6: =$E33-10 -> 80 | AD6: =AD5*0.5 -> 0 | AE6: =AE5*0.5 -> 0 | AF6: =AF5*0.5 -> 0 | AG6: 0
A7: 2 | B7: 30 | C7: 40 | D7: =$D34+5 -> 40 | E7: =$E34+10 -> 90 | F7: 0 | G7: 0 | H7: 0 | I7: 0 | J7: 30 | K7: 40 | L7: =$D34-5 -> 30 | M7: =$E34+10 -> 90 | N7: 0 | O7: 0 | P7: 0 | Q7: 0 | R7: 30 | S7: 40 | T7: =$D34+5 -> 40 | U7: =$E34-10 -> 70 | V7: 0 | W7: 0 | X7: 0 | Y7: 0 | Z7: 30 | AA7: 40 | AB7: =$D34-5 -> 30 | AC7: =$E34-10 -> 70 | AD7: 0 | AE7: 0 | AF7: 0 | AG7: 0
A8: 3 | B8: 30 | C8: 40 | D8: =$D35+5 -> 45 | E8: =$E35+10 -> 100 | F8: 0 | G8: 0 | H8: 0 | I8: 0 | J8: 30 | K8: 40 | L8: =$D35-5 -> 35 | M8: =$E35+10 -> 100 | N8: 0 | O8: 0 | P8: 0 | Q8: 0 | R8: 30 | S8: 40 | T8: =$D35+5 -> 45 | U8: =$E35-10 -> 80 | V8: 0 | W8: 0 | X8: 0 | Y8: 0 | Z8: 30 | AA8: 40 | AB8: =$D35-5 -> 35 | AC8: =$E35-10 -> 80 | AD8: 0 | AE8: 0 | AF8: 0 | AG8: 0
A9: 4
A10: 5
A11: 6
A12: 7
A13: 8
A14: 9
A15: 10
A16: 11
A17: 12
A18: 13
A19: 14
A20: 15
... A28: 23
B30: =SUM(B5:E5) -> 205 | E30: =SUM(B2:AG2) -> 1
B31: Basis
B32: 30 | C32: 40 | D32: 40 | E32: 80
B33: 30 | C33: 40 | D33: 45 | E33: 90
B34: 30 | C34: 40 | D34: 35 | E34: 80
B35: 30 | C35: 40 | D35: 40 | E35: 90

Sheet Demand Stage 3
A1: Node Number | B1: 18 | J1: =B1+Parameters!$B$5 -> 22 | R1: =J1+Parameters!$B$5 -> 26 | Z1: =R1+Parameters!$B$5 -> 30 | AH1: =Z1+Parameters!$B$5 -> 34 | AP1: =AH1+Parameters!$B$5 -> 38 | AX1: =AP1+Parameters!$B$5 -> 42 | BF1: =AX1+Parameters!$B$5 -> 46 | BN1: =BF1+Parameters!$B$5 -> 50 | BV1: =BN1+Parameters!$B$5 -> 54 | CD1: =BV1+Parameters!$B$5 -> 58 | CL1: =CD1+Parameters!$B$5 -> 62 | CT1: =CL1+Parameters!$B$5 -> 66 | DB1: =CT1+Parameters!$B$5 -> 70 | DJ1: =DB1+Parameters!$B$5 -> 74 | DR1: =DJ1+Parameters!$B$5 -> 78
A2: Probability | B2: =0.5/4 -> 0.125 | J2: =0.5/4 -> 0.125 | R2: =0.5/4 -> 0.125 | Z2: =0.5/4 -> 0.125 | AH2: =0.125/4 -> 0.03125 | AP2: =0.125/4 -> 0.03125 | AX2: =0.125/4 -> 0.03125 | BF2: =0.125/4 -> 0.03125 | BN2: =0.125/4*2 -> 0.0625 | BV2: =0.125/4*2 -> 0.0625 | CD2: =0.125/4*2 -> 0.0625 | CL2: =0.125/4*2 -> 0.0625 | CT2: =0.125/4 -> 0.03125 | DB2: =0.125/4 -> 0.03125 | DJ2: =0.125/4 -> 0.03125 | DR2: =0.125/4 -> 0.03125
A3: Parent Node Number | B3: 2 | J3: 2 | R3: 2 | Z3: 2 | AH3: 6 | AP3: 6 | AX3: 6 | BF3: 6 | BN3: 10 | BV3: 10 | CD3: 10 | CL3: 10 | CT3: 14 | DB3: 14 | DJ3: 14 | DR3: 14
B4: gas or mix | F4: pure hydrogen | J4: gas or mix | N4: pure hydrogen | R4: gas or mix | V4: pure hydrogen | Z4: gas or mix | AD4: pure hydrogen | AH4: gas or mix | AL4: pure hydrogen | AP4: gas or mix | AT4: pure hydrogen | AX4: gas or mix | BB4: pure hydrogen | BF4: gas or mix | BJ4: pure hydrogen | BN4: gas or mix | BR4: pure hydrogen | BV4: gas or mix | BZ4: pure hydrogen | CD4: gas or mix | CH4: pure hydrogen | CL4: gas or mix | CP4: pure hydrogen | CT4: gas or mix | CX4: pure hydrogen | DB4: gas or mix | DF4: pure hydrogen | DJ4: gas or mix | DN4: pure hydrogen | DR4: gas or mix | DV4: pure hydrogen
A5: Hour | B5: =Nodes!B11 -> NBP | C5: =Nodes!B12 -> Zeebrugge | D5: =Nodes!B13 -> Dunkerque | E5: =Nodes!B14 -> Germany | F5: =B5 -> NBP | G5: =C5 -> Zeebrugge | H5: =D5 -> Dunkerque | I5: =E5 -> Germany | J5: =B5 -> NBP | K5: =C5 -> Zeebrugge | L5: =D5 -> Dunkerque | M5: =E5 -> Germany | N5: =J5 -> NBP | O5: =K5 -> Zeebrugge | P5: =L5 -> Dunkerque | Q5: =M5 -> Germany | R5: =J5 -> NBP | S5: =K5 -> Zeebrugge | T5: =L5 -> Dunkerque | U5: =M5 -> Germany | V5: =R5 -> NBP | W5: =S5 -> Zeebrugge | X5: =T5 -> Dunkerque | Y5: =U5 -> Germany | Z5: =R5 -> NBP | AA5: =S5 -> Zeebrugge | AB5: =T5 -> Dunkerque | AC5: =U5 -> Germany | AD5: =Z5 -> NBP | AE5: =AA5 -> Zeebrugge | AF5: =AB5 -> Dunkerque | AG5: =AC5 -> Germany | AH5: =Z5 -> NBP | AI5: =AA5 -> Zeebrugge | AJ5: =AB5 -> Dunkerque | AK5: =AC5 -> Germany | AL5: =AH5 -> NBP | AM5: =AI5 -> Zeebrugge | AN5: =AJ5 -> Dunkerque | AO5: =AK5 -> Germany | AP5: =AH5 -> NBP | AQ5: =AI5 -> Zeebrugge | AR5: =AJ5 -> Dunkerque | AS5: =AK5 -> Germany | AT5: =AP5 -> NBP | AU5: =AQ5 -> Zeebrugge | AV5: =AR5 -> Dunkerque | AW5: =AS5 -> Germany | AX5: =AP5 -> NBP | AY5: =AQ5 -> Zeebrugge | AZ5: =AR5 -> Dunkerque | BA5: =AS5 -> Germany | BB5: =AX5 -> NBP | BC5: =AY5 -> Zeebrugge | BD5: =AZ5 -> Dunkerque | BE5: =BA5 -> Germany | BF5: =AX5 -> NBP | BG5: =AY5 -> Zeebrugge | BH5: =AZ5 -> Dunkerque | BI5: =BA5 -> Germany | BJ5: =BF5 -> NBP | BK5: =BG5 -> Zeebrugge | BL5: =BH5 -> Dunkerque | BM5: =BI5 -> Germany | BN5: =BF5 -> NBP | BO5: =BG5 -> Zeebrugge | BP5: =BH5 -> Dunkerque | BQ5: =BI5 -> Germany | BR5: =BN5 -> NBP | BS5: =BO5 -> Zeebrugge | BT5: =BP5 -> Dunkerque | BU5: =BQ5 -> Germany | BV5: =BN5 -> NBP | BW5: =BO5 -> Zeebrugge | BX5: =BP5 -> Dunkerque | BY5: =BQ5 -> Germany | BZ5: =BV5 -> NBP | CA5: =BW5 -> Zeebrugge | CB5: =BX5 -> Dunkerque | CC5: =BY5 -> Germany | CD5: =BV5 -> NBP | CE5: =BW5 -> Zeebrugge | CF5: =BX5 -> Dunkerque | CG5: =BY5 -> Germany | CH5: =CD5 -> NBP | CI5: =CE5 -> Zeebrugge | CJ5: =CF5 -> Dunkerque | CK5: =CG5 -> Germany | CL5: =CD5 -> NBP | CM5: =CE5 -> Zeebrugge | CN5: =CF5 -> Dunkerque | CO5: =CG5 -> Germany | CP5: =CL5 -> NBP | CQ5: =CM5 -> Zeebrugge | CR5: =CN5 -> Dunkerque | CS5: =CO5 -> Germany | CT5: =CL5 -> NBP | CU5: =CM5 -> Zeebrugge | CV5: =CN5 -> Dunkerque | CW5: =CO5 -> Germany | CX5: =CT5 -> NBP | CY5: =CU5 -> Zeebrugge | CZ5: =CV5 -> Dunkerque | DA5: =CW5 -> Germany | DB5: =CT5 -> NBP | DC5: =CU5 -> Zeebrugge | DD5: =CV5 -> Dunkerque | DE5: =CW5 -> Germany | DF5: =DB5 -> NBP | DG5: =DC5 -> Zeebrugge | DH5: =DD5 -> Dunkerque | DI5: =DE5 -> Germany | DJ5: =DB5 -> NBP | DK5: =DC5 -> Zeebrugge | DL5: =DD5 -> Dunkerque | DM5: =DE5 -> Germany | DN5: =DJ5 -> NBP | DO5: =DK5 -> Zeebrugge | DP5: =DL5 -> Dunkerque | DQ5: =DM5 -> Germany | DR5: =DJ5 -> NBP | DS5: =DK5 -> Zeebrugge | DT5: =DL5 -> Dunkerque | DU5: =DM5 -> Germany | DV5: =DR5 -> NBP | DW5: =DS5 -> Zeebrugge | DX5: =DT5 -> Dunkerque | DY5: =DU5 -> Germany
A6: 0 | B6: 30 | C6: 40 | D6: =$D33+5 -> 45 | E6: =$E33+10 -> 90 | F6: 0 | G6: 0 | H6: 0 | I6: 0 | J6: 30 | K6: 40 | L6: =$D33-5 -> 35 | M6: =$E33+10 -> 90 | N6: 0 | O6: 0 | P6: 0 | Q6: 0 | R6: 30 | S6: 40 | T6: =$D33+5 -> 45 | U6: =$E33-10 -> 70 | V6: 0 | W6: 0 | X6: 0 | Y6: 0 | Z6: 30 | AA6: 40 | AB6: =$D33-5 -> 35 | AC6: =$E33-10 -> 70 | AD6: 0 | AE6: 0 | AF6: 0 | AG6: 0 | AH6: 30 | AI6: 40 | AJ6: =$D33+5 -> 45 | AK6: =$E33+10 -> 90 | AL6: 0 | AM6: 0 | AN6: 0 | AO6: 0 | AP6: 30 | AQ6: 40 | AR6: =$D33-5 -> 35 | AS6: =$E33+10 -> 90 | AT6: 0 | AU6: 0 | AV6: 0 | AW6: 0 | AX6: 30 | AY6: 40 | AZ6: =$D33+5 -> 45 | BA6: =$E33-10 -> 70 | BB6: 0 | BC6: 0 | BD6: 0 | BE6: 0 | BF6: 30 | BG6: 40 | BH6: =$D33-5 -> 35 | BI6: =$E33-10 -> 70 | BJ6: 0 | BK6: 0 | BL6: 0 | BM6: 0 | BN6: 30 | BO6: 40 | BP6: =$D33+5 -> 45 | BQ6: =$E33+10 -> 90 | BR6: 0 | BS6: 0 | BT6: 0 | BU6: 0 | BV6: 30 | BW6: 40 | BX6: =$D33-5 -> 35 | BY6: =$E33+10 -> 90 | BZ6: 0 | CA6: 0 | CB6: 0 | CC6: 0 | CD6: 30 | CE6: 40 | CF6: =$D33+5 -> 45 | CG6: =$E33-10 -> 70 | CH6: 0 | CI6: 0 | CJ6: 0 | CK6: 0 | CL6: 30 | CM6: 40 | CN6: =$D33-5 -> 35 | CO6: =$E33-10 -> 70 | CP6: 0 | CQ6: 0 | CR6: 0 | CS6: 0 | CT6: 30 | CU6: 40 | CV6: =$D33+5 -> 45 | CW6: =$E33+10 -> 90 | CX6: 0 | CY6: 0 | CZ6: 0 | DA6: 0 | DB6: 30 | DC6: 40 | DD6: =$D33-5 -> 35 | DE6: =$E33+10 -> 90 | DF6: 0 | DG6: 0 | DH6: 0 | DI6: 0 | DJ6: 30 | DK6: 40 | DL6: =$D33+5 -> 45 | DM6: =$E33-10 -> 70 | DN6: 0 | DO6: 0 | DP6: 0 | DQ6: 0 | DR6: 30 | DS6: 40 | DT6: =$D33-5 -> 35 | DU6: =$E33-10 -> 70 | DV6: 0 | DW6: 0 | DX6: 0 | DY6: 0
A7: 1 | B7: 30 | C7: 40 | D7: =$D34+5 -> 50 | E7: =$E34+10 -> 100 | F7: =F6*0.5 -> 0 | G7: =G6*0.5 -> 0 | H7: =H6*0.5 -> 0 | I7: 0 | J7: 30 | K7: 40 | L7: =$D34-5 -> 40 | M7: =$E34+10 -> 100 | N7: =N6*0.5 -> 0 | O7: =O6*0.5 -> 0 | P7: =P6*0.5 -> 0 | Q7: 0 | R7: 30 | S7: 40 | T7: =$D34+5 -> 50 | U7: =$E34-10 -> 80 | V7: =V6*0.5 -> 0 | W7: =W6*0.5 -> 0 | X7: =X6*0.5 -> 0 | Y7: 0 | Z7: 30 | AA7: 40 | AB7: =$D34-5 -> 40 | AC7: =$E34-10 -> 80 | AD7: =AD6*0.5 -> 0 | AE7: =AE6*0.5 -> 0 | AF7: =AF6*0.5 -> 0 | AG7: 0 | AH7: 30 | AI7: 40 | AJ7: =$D34+5 -> 50 | AK7: =$E34+10 -> 100 | AL7: =AL6*0.5 -> 0 | AM7: =AM6*0.5 -> 0 | AN7: =AN6*0.5 -> 0 | AO7: 0 | AP7: 30 | AQ7: 40 | AR7: =$D34-5 -> 40 | AS7: =$E34+10 -> 100 | AT7: =AT6*0.5 -> 0 | AU7: =AU6*0.5 -> 0 | AV7: =AV6*0.5 -> 0 | AW7: 0 | AX7: 30 | AY7: 40 | AZ7: =$D34+5 -> 50 | BA7: =$E34-10 -> 80 | BB7: =BB6*0.5 -> 0 | BC7: =BC6*0.5 -> 0 | BD7: =BD6*0.5 -> 0 | BE7: 0 | BF7: 30 | BG7: 40 | BH7: =$D34-5 -> 40 | BI7: =$E34-10 -> 80 | BJ7: =BJ6*0.5 -> 0 | BK7: =BK6*0.5 -> 0 | BL7: =BL6*0.5 -> 0 | BM7: 0 | BN7: 30 | BO7: 40 | BP7: =$D34+5 -> 50 | BQ7: =$E34+10 -> 100 | BR7: =BR6*0.5 -> 0 | BS7: =BS6*0.5 -> 0 | BT7: =BT6*0.5 -> 0 | BU7: 0 | BV7: 30 | BW7: 40 | BX7: =$D34-5 -> 40 | BY7: =$E34+10 -> 100 | BZ7: =BZ6*0.5 -> 0 | CA7: =CA6*0.5 -> 0 | CB7: =CB6*0.5 -> 0 | CC7: 0 | CD7: 30 | CE7: 40 | CF7: =$D34+5 -> 50 | CG7: =$E34-10 -> 80 | CH7: =CH6*0.5 -> 0 | CI7: =CI6*0.5 -> 0 | CJ7: =CJ6*0.5 -> 0 | CK7: 0 | CL7: 30 | CM7: 40 | CN7: =$D34-5 -> 40 | CO7: =$E34-10 -> 80 | CP7: =CP6*0.5 -> 0 | CQ7: =CQ6*0.5 -> 0 | CR7: =CR6*0.5 -> 0 | CS7: 0 | CT7: 30 | CU7: 40 | CV7: =$D34+5 -> 50 | CW7: =$E34+10 -> 100 | CX7: =CX6*0.5 -> 0 | CY7: =CY6*0.5 -> 0 | CZ7: =CZ6*0.5 -> 0 | DA7: 0 | DB7: 30 | DC7: 40 | DD7: =$D34-5 -> 40 | DE7: =$E34+10 -> 100 | DF7: =DF6*0.5 -> 0 | DG7: =DG6*0.5 -> 0 | DH7: =DH6*0.5 -> 0 | DI7: 0 | DJ7: 30 | DK7: 40 | DL7: =$D34+5 -> 50 | DM7: =$E34-10 -> 80 | DN7: =DN6*0.5 -> 0 | DO7: =DO6*0.5 -> 0 | DP7: =DP6*0.5 -> 0 | DQ7: 0 | DR7: 30 | DS7: 40 | DT7: =$D34-5 -> 40 | DU7: =$E34-10 -> 80 | DV7: =DV6*0.5 -> 0 | DW7: =DW6*0.5 -> 0 | DX7: =DX6*0.5 -> 0 | DY7: 0
A8: 2 | B8: 30 | C8: 40 | D8: =$D35+5 -> 40 | E8: =$E35+10 -> 90 | F8: 0 | G8: 0 | H8: 0 | I8: 0 | J8: 30 | K8: 40 | L8: =$D35-5 -> 30 | M8: =$E35+10 -> 90 | N8: 0 | O8: 0 | P8: 0 | Q8: 0 | R8: 30 | S8: 40 | T8: =$D35+5 -> 40 | U8: =$E35-10 -> 70 | V8: 0 | W8: 0 | X8: 0 | Y8: 0 | Z8: 30 | AA8: 40 | AB8: =$D35-5 -> 30 | AC8: =$E35-10 -> 70 | AD8: 0 | AE8: 0 | AF8: 0 | AG8: 0 | AH8: 30 | AI8: 40 | AJ8: =$D35+5 -> 40 | AK8: =$E35+10 -> 90 | AL8: 0 | AM8: 0 | AN8: 0 | AO8: 0 | AP8: 30 | AQ8: 40 | AR8: =$D35-5 -> 30 | AS8: =$E35+10 -> 90 | AT8: 0 | AU8: 0 | AV8: 0 | AW8: 0 | AX8: 30 | AY8: 40 | AZ8: =$D35+5 -> 40 | BA8: =$E35-10 -> 70 | BB8: 0 | BC8: 0 | BD8: 0 | BE8: 0 | BF8: 30 | BG8: 40 | BH8: =$D35-5 -> 30 | BI8: =$E35-10 -> 70 | BJ8: 0 | BK8: 0 | BL8: 0 | BM8: 0 | BN8: 30 | BO8: 40 | BP8: =$D35+5 -> 40 | BQ8: =$E35+10 -> 90 | BR8: 0 | BS8: 0 | BT8: 0 | BU8: 0 | BV8: 30 | BW8: 40 | BX8: =$D35-5 -> 30 | BY8: =$E35+10 -> 90 | BZ8: 0 | CA8: 0 | CB8: 0 | CC8: 0 | CD8: 30 | CE8: 40 | CF8: =$D35+5 -> 40 | CG8: =$E35-10 -> 70 | CH8: 0 | CI8: 0 | CJ8: 0 | CK8: 0 | CL8: 30 | CM8: 40 | CN8: =$D35-5 -> 30 | CO8: =$E35-10 -> 70 | CP8: 0 | CQ8: 0 | CR8: 0 | CS8: 0 | CT8: 30 | CU8: 40 | CV8: =$D35+5 -> 40 | CW8: =$E35+10 -> 90 | CX8: 0 | CY8: 0 | CZ8: 0 | DA8: 0 | DB8: 30 | DC8: 40 | DD8: =$D35-5 -> 30 | DE8: =$E35+10 -> 90 | DF8: 0 | DG8: 0 | DH8: 0 | DI8: 0 | DJ8: 30 | DK8: 40 | DL8: =$D35+5 -> 40 | DM8: =$E35-10 -> 70 | DN8: 0 | DO8: 0 | DP8: 0 | DQ8: 0 | DR8: 30 | DS8: 40 | DT8: =$D35-5 -> 30 | DU8: =$E35-10 -> 70 | DV8: 0 | DW8: 0 | DX8: 0 | DY8: 0
A9: 3 | B9: 30 | C9: 40 | D9: =$D36+5 -> 45 | E9: =$E36+10 -> 100 | F9: 0 | G9: 0 | H9: 0 | I9: 0 | J9: 30 | K9: 40 | L9: =$D36-5 -> 35 | M9: =$E36+10 -> 100 | N9: 0 | O9: 0 | P9: 0 | Q9: 0 | R9: 30 | S9: 40 | T9: =$D36+5 -> 45 | U9: =$E36-10 -> 80 | V9: 0 | W9: 0 | X9: 0 | Y9: 0 | Z9: 30 | AA9: 40 | AB9: =$D36-5 -> 35 | AC9: =$E36-10 -> 80 | AD9: 0 | AE9: 0 | AF9: 0 | AG9: 0 | AH9: 30 | AI9: 40 | AJ9: =$D36+5 -> 45 | AK9: =$E36+10 -> 100 | AL9: 0 | AM9: 0 | AN9: 0 | AO9: 0 | AP9: 30 | AQ9: 40 | AR9: =$D36-5 -> 35 | AS9: =$E36+10 -> 100 | AT9: 0 | AU9: 0 | AV9: 0 | AW9: 0 | AX9: 30 | AY9: 40 | AZ9: =$D36+5 -> 45 | BA9: =$E36-10 -> 80 | BB9: 0 | BC9: 0 | BD9: 0 | BE9: 0 | BF9: 30 | BG9: 40 | BH9: =$D36-5 -> 35 | BI9: =$E36-10 -> 80 | BJ9: 0 | BK9: 0 | BL9: 0 | BM9: 0 | BN9: 30 | BO9: 40 | BP9: =$D36+5 -> 45 | BQ9: =$E36+10 -> 100 | BR9: 0 | BS9: 0 | BT9: 0 | BU9: 0 | BV9: 30 | BW9: 40 | BX9: =$D36-5 -> 35 | BY9: =$E36+10 -> 100 | BZ9: 0 | CA9: 0 | CB9: 0 | CC9: 0 | CD9: 30 | CE9: 40 | CF9: =$D36+5 -> 45 | CG9: =$E36-10 -> 80 | CH9: 0 | CI9: 0 | CJ9: 0 | CK9: 0 | CL9: 30 | CM9: 40 | CN9: =$D36-5 -> 35 | CO9: =$E36-10 -> 80 | CP9: 0 | CQ9: 0 | CR9: 0 | CS9: 0 | CT9: 30 | CU9: 40 | CV9: =$D36+5 -> 45 | CW9: =$E36+10 -> 100 | CX9: 0 | CY9: 0 | CZ9: 0 | DA9: 0 | DB9: 30 | DC9: 40 | DD9: =$D36-5 -> 35 | DE9: =$E36+10 -> 100 | DF9: 0 | DG9: 0 | DH9: 0 | DI9: 0 | DJ9: 30 | DK9: 40 | DL9: =$D36+5 -> 45 | DM9: =$E36-10 -> 80 | DN9: 0 | DO9: 0 | DP9: 0 | DQ9: 0 | DR9: 30 | DS9: 40 | DT9: =$D36-5 -> 35 | DU9: =$E36-10 -> 80 | DV9: 0 | DW9: 0 | DX9: 0 | DY9: 0
A10: 4
A11: 5
A12: 6
A13: 7
A14: 8
A15: 9
A16: 10
A17: 11
A18: 12
A19: 13
A20: 14
A21: 15
... A29: 23
B31: =SUM(B6:E6) -> 205 | E31: =SUM(B2:DY2) -> 1
B32: Basis
B33: 30 | C33: 40 | D33: 40 | E33: 80
B34: 30 | C34: 40 | D34: 45 | E34: 90
B35: 30 | C35: 40 | D35: 35 | E35: 80
B36: 30 | C36: 40 | D36: 40 | E36: 90

Sheet SalesPriceGasMix
A1: Hour | B1: NBP | C1: Zeebrugge | D1: Dunkerque | E1: Germany
A2: 1 | B2: 26 | C2: 29 | D2: 30 | E2: 28
A3: 2 | B3: 28 | C3: 31 | D3: 32 | E3: 30
A4: 3 | B4: 27 | C4: 30 | D4: 31 | E4: 29
A5: 4 | B5: 29 | C5: 32 | D5: 33 | E5: 31

Sheet SalesPricePureHydrogen
A1: Hour | B1: NBP | C1: Zeebrugge | D1: Dunkerque | E1: Germany
A2: 1 | B2: 1 | C2: 1 | D2: 1 | E2: 1
A3: 2 | B3: 1 | C3: 1 | D3: 1 | E3: 1
A4: 3 | B4: 1 | C4: 1 | D4: 1 | E4: 1
A5: 4 | B5: 1 | C5: 1 | D5: 1 | E5: 1

Sheet Parameters
A1: Name | B1: Value
A2: Loss rate | B2: 0
A3: Allowed percentage | B3: 1
A4: Gamma | B4: 0.25
A5: Number hours | B5: 4
A6: Stage 2 nodes | B6: 4
A7: Stage 3 nodes | B7: 16
A8: Number markets | B8: 4
A9: Number shippers | B9: 2

Sheet Arcs
A1: ID | B1: Name | C1: Source | D1: Sink | E1: Capacity | F1: Opmerking | G1: Source_ID | H1: Sink_ID | I1: Flow costs Gas | J1: Flow costs Hydrogen | M1: Original Capacity
A2: 1 | B2: Tampen Link | C2: =Nodes!B3 -> AreaA | D2: =Nodes!B11 -> NBP | E2: =M2+3 -> 28 | F2: Zeker | G2: =INDEX(Nodes!$A:$A,MATCH(Arcs!C2,Nodes!$B:$B,0)) -> 1 | H2: =INDEX(Nodes!$A:$A,MATCH(Arcs!D2,Nodes!$B:$B,0)) -> 9 | I2: 1 | J2: 1 | M2: 25
A3: 2 | B3: Vesterled | C3: =Nodes!B15 -> Intermediate 1 | D3: =Nodes!B11 -> NBP | E3: =M3+3 -> 39.9 | F3: Zeker | G3: =INDEX(Nodes!$A:$A,MATCH(Arcs!C3,Nodes!$B:$B,0)) -> 13 | H3: =INDEX(Nodes!$A:$A,MATCH(Arcs!D3,Nodes!$B:$B,0)) -> 9 | I3: 1 | J3: 1 | M3: 36.9
A4: 3 | B4: Langeled | C4: =Nodes!B8 -> Nyhamna | D4: =Nodes!B17 -> Intermediate 3 | E4: =M4+3 -> 77.7 | F4: Zeker | G4: =INDEX(Nodes!$A:$A,MATCH(Arcs!C4,Nodes!$B:$B,0)) -> 6 | H4: =INDEX(Nodes!$A:$A,MATCH(Arcs!D4,Nodes!$B:$B,0)) -> 15 | I4: 1 | J4: 1 | M4: 74.7
A5: 4 | B5: Langeled | C5: =Nodes!B17 -> Intermediate 3 | D5: =Nodes!B11 -> NBP | E5: =M5+3 -> 76.8 | F5: Zeker | G5: =INDEX(Nodes!$A:$A,MATCH(Arcs!C5,Nodes!$B:$B,0)) -> 15 | H5: =INDEX(Nodes!$A:$A,MATCH(Arcs!D5,Nodes!$B:$B,0)) -> 9 | I5: 1 | J5: 1 | M5: 73.8
A6: 5 | B6: Zeepipe | C6: =Nodes!B17 -> Intermediate 3 | D6: =Nodes!B12 -> Zeebrugge | E6: =M6+3 -> 45.2 | F6: Zeker | G6: =INDEX(Nodes!$A:$A,MATCH(Arcs!C6,Nodes!$B:$B,0)) -> 15 | H6: =INDEX(Nodes!$A:$A,MATCH(Arcs!D6,Nodes!$B:$B,0)) -> 10 | I6: 1 | J6: 1 | M6: 42.2
A7: 6 | B7: Zeepipe II A | C7: =Nodes!B7 -> Kollsnes | D7: =Nodes!B17 -> Intermediate 3 | E7: =M7+3 -> 77 | F7: Zeker | G7: =INDEX(Nodes!$A:$A,MATCH(Arcs!C7,Nodes!$B:$B,0)) -> 5 | H7: =INDEX(Nodes!$A:$A,MATCH(Arcs!D7,Nodes!$B:$B,0)) -> 15 | I7: 1 | J7: 1 | M7: 74 | N7: Niet op Gassco
A8: 7 | B8: Zeepipe II B | C8: =Nodes!B7 -> Kollsnes | D8: =Nodes!B16 -> Intermediate 2 | E8: =M8+3 -> 76 | F8: Zeker | G8: =INDEX(Nodes!$A:$A,MATCH(Arcs!C8,Nodes!$B:$B,0)) -> 5 | H8: =INDEX(Nodes!$A:$A,MATCH(Arcs!D8,Nodes!$B:$B,0)) -> 14 | I8: 1 | J8: 1 | M8: 73 | N8: Niet op Gassco
A9: 8 | B9: Crossover | C9: =Nodes!B17 -> Intermediate 3 | D9: =Nodes!B16 -> Intermediate 2 | E9: =M9+3 -> 1003 | F9: Overleg met Ruud | G9: =INDEX(Nodes!$A:$A,MATCH(Arcs!C9,Nodes!$B:$B,0)) -> 15 | H9: =INDEX(Nodes!$A:$A,MATCH(Arcs!D9,Nodes!$B:$B,0)) -> 14 | I9: 1 | J9: 1 | M9: 1000
A10: 9 | B10: Statpipe | C10: =Nodes!B5 -> Heimdal | D10: =Nodes!B16 -> Intermediate 2 | E10: =M10+3 -> 33.7 | F10: Zeker | G10: =INDEX(Nodes!$A:$A,MATCH(Arcs!C10,Nodes!$B:$B,0)) -> 3 | H10: =INDEX(Nodes!$A:$A,MATCH(Arcs!D10,Nodes!$B:$B,0)) -> 14 | I10: 1 | J10: 1 | M10: 30.7
A11: 10 | B11: Franpipe | C11: =Nodes!B18 -> Intermediate 4 | D11: =Nodes!B13 -> Dunkerque | E11: =M11+3 -> 57.2 | F11: Zeker | G11: =INDEX(Nodes!$A:$A,MATCH(Arcs!C11,Nodes!$B:$B,0)) -> 16 | H11: =INDEX(Nodes!$A:$A,MATCH(Arcs!D11,Nodes!$B:$B,0)) -> 11 | I11: 1 | J11: 1 | M11: 54.2
A12: 11 | B12: Statpipe | C12: =Nodes!B3 -> AreaA | D12: =Nodes!B20 -> Karsto | E12: =M12+3 -> 24.1 | G12: =INDEX(Nodes!$A:$A,MATCH(Arcs!C12,Nodes!$B:$B,0)) -> 1 | H12: =INDEX(Nodes!$A:$A,MATCH(Arcs!D12,Nodes!$B:$B,0)) -> 18 | I12: 1 | J12: 1 | M12: 21.1
A13: 12 | B13: Statpipe | C13: =Nodes!B20 -> Karsto | D13: =Nodes!B18 -> Intermediate 4 | E13: =M13+3 -> 24.1 | F13: Zeker | G13: =INDEX(Nodes!$A:$A,MATCH(Arcs!C13,Nodes!$B:$B,0)) -> 18 | H13: =INDEX(Nodes!$A:$A,MATCH(Arcs!D13,Nodes!$B:$B,0)) -> 16 | I13: 1 | J13: 1 | M13: 21.1
A14: 13 | B14: Europipe I | C14: =Nodes!B18 -> Intermediate 4 | D14: =Nodes!B14 -> Germany | E14: =M14+3 -> 48.7 | F14: Zeker | G14: =INDEX(Nodes!$A:$A,MATCH(Arcs!C14,Nodes!$B:$B,0)) -> 16 | H14: =INDEX(Nodes!$A:$A,MATCH(Arcs!D14,Nodes!$B:$B,0)) -> 12 | I14: 1 | J14: 1 | M14: 45.7
A15: 14 | B15: Norpipe | C15: =Nodes!B19 -> Intermediate 5 | D15: =Nodes!B14 -> Germany | E15: =M15+3 -> 47.4 | F15: Zeker | G15: =INDEX(Nodes!$A:$A,MATCH(Arcs!C15,Nodes!$B:$B,0)) -> 17 | H15: =INDEX(Nodes!$A:$A,MATCH(Arcs!D15,Nodes!$B:$B,0)) -> 12 | I15: 1 | J15: 1 | M15: 44.4
A16: 15 | B16: Europipe II | C16: =Nodes!B20 -> Karsto | D16: =Nodes!B14 -> Germany | E16: =M16+3 -> 76.5 | F16: Zeker | G16: =INDEX(Nodes!$A:$A,MATCH(Arcs!C16,Nodes!$B:$B,0)) -> 18 | H16: =INDEX(Nodes!$A:$A,MATCH(Arcs!D16,Nodes!$B:$B,0)) -> 12 | I16: 1 | J16: 1 | M16: 73.5
A17: 16 | B17: Asgard Transport | C17: =Nodes!B6 -> AreaB | D17: =Nodes!B20 -> Karsto | E17: =M17+3 -> 73 | F17: Andere data | G17: =INDEX(Nodes!$A:$A,MATCH(Arcs!C17,Nodes!$B:$B,0)) -> 4 | H17: =INDEX(Nodes!$A:$A,MATCH(Arcs!D17,Nodes!$B:$B,0)) -> 18 | I17: 1 | J17: 1 | M17: 70
A18: 17 | B18: Statpipe | C18: =Nodes!B18 -> Intermediate 4 | D18: =Nodes!B19 -> Intermediate 5 | E18: =M18+3 -> 47.4 | F18: Overleg met Ruud | G18: =INDEX(Nodes!$A:$A,MATCH(Arcs!C18,Nodes!$B:$B,0)) -> 16 | H18: =INDEX(Nodes!$A:$A,MATCH(Arcs!D18,Nodes!$B:$B,0)) -> 17 | I18: 1 | J18: 1 | M18: 44.4
A19: 18 | B19: Arc 1 | C19: =Nodes!B4 -> Oseberg | D19: =Nodes!B15 -> Intermediate 1 | E19: =M19+3 -> 1003 | F19: Overleg met Ruud | G19: =INDEX(Nodes!$A:$A,MATCH(Arcs!C19,Nodes!$B:$B,0)) -> 2 | H19: =INDEX(Nodes!$A:$A,MATCH(Arcs!D19,Nodes!$B:$B,0)) -> 13 | I19: 1 | J19: 1 | M19: 1000
A20: 19 | B20: Arc 2 | C20: =Nodes!B5 -> Heimdal | D20: =Nodes!B15 -> Intermediate 1 | E20: =M20+3 -> 1003 | F20: Overleg met Ruud | G20: =INDEX(Nodes!$A:$A,MATCH(Arcs!C20,Nodes!$B:$B,0)) -> 3 | H20: =INDEX(Nodes!$A:$A,MATCH(Arcs!D20,Nodes!$B:$B,0)) -> 13 | I20: 1 | J20: 1 | M20: 1000
A21: 20 | B21: Arc 3 | C21: =Nodes!B16 -> Intermediate 2 | D21: =Nodes!B20 -> Karsto | E21: =M21+3 -> 1003 | F21: Overleg met Ruud | G21: =INDEX(Nodes!$A:$A,MATCH(Arcs!C21,Nodes!$B:$B,0)) -> 14 | H21: =INDEX(Nodes!$A:$A,MATCH(Arcs!D21,Nodes!$B:$B,0)) -> 18 | I21: 1 | J21: 1 | M21: 1000
A22: 21 | B22: Arc 4 | C22: =Nodes!B16 -> Intermediate 2 | D22: =Nodes!B18 -> Intermediate 4 | E22: =M22+3 -> 1003 | F22: Overleg met Ruud | G22: =INDEX(Nodes!$A:$A,MATCH(Arcs!C22,Nodes!$B:$B,0)) -> 14 | H22: =INDEX(Nodes!$A:$A,MATCH(Arcs!D22,Nodes!$B:$B,0)) -> 16 | I22: 1 | J22: 1 | M22: 1000
A23: 22 | B23: Extra Pipe nr 1 | C23: Ekofisk | D23: Intermediate 5 | E23: 1003 | I23: 1 | J23: 1
A24: 23 | B24: Extra Pipe nr 2 | C24: Ekofisk | D24: Germany | E24: 1003 | I24: 1 | J24: 1

Sheet Traders
A1: Trader 1 | B1: Trader 2
A2: AreaA | B2: AreaB
A3: Oseberg | B3: Kollsnes
A4: AreaB | B4: Nyhamna
A5: Kollsnes | B5: AreaD
A6: Nyhamna | B6: Ekofisk
A7: AreaD | B7: Heimdal
A8: Intermediate 1
A9: Intermediate 2
A10: Intermediate 3
A11: Intermediate 4
A12: Intermediate 5
A13: Karsto

Sheet Commodities
A1: ID | B1: Name
A2: 1 | B2: gas
A3: 2 | B3: hydrogen
