Workbook

Sheet Visualisation

Sheet Units
A1: Quantity | B1: Unit | C1: Explanation
A2: =Nodes!F3 -> Production Capacity | B2: MSm3/h | C2: Mega (or million) standard cubic metres per hour. One standard cubic meter means the amount of gas which occupies a Cubic Meter at fifteen (15) Degrees Celsius and a pressure of one hundred one decimal three two five (101.325) kPa.
A3: =Nodes!I3 -> Production Costs | B3: NOK / MSm3
A4: =Nodes!J3 -> Storage Capacity | B4: MSm3
A5: =Nodes!K3 -> Entry Storage Costs | B5: NOK / MSm3
A6: =Nodes!L3 -> Entry Costs Stage 1 | B6: NOK / MSm3
A7: =Nodes!M3 -> Exit Costs Stage 1 | B7: NOK / MSm3
A8: =Arcs!G3 -> Flow costs | B8: NOK / MSm3
A9: =Arcs!E3 -> Capacity | B9: MSm3/h
A10: Demand | B10: MSm3/h

Sheet Nodes
F1: =Traders!B2 -> Shipper 1 | X1: =Traders!B3 -> Shipper 2
F2: =Commodities!B2 -> gas | R2: =Commodities!B3 -> hydrogen | X2: =Commodities!B2 -> gas | AD2: =Commodities!B3 -> hydrogen
A3: ID | B3: Name | C3: Type | D3: Vermoeden | E3: Source | F3: Production Capacity | G3: Entry Capacity | H3: Exit Capacity | I3: Production Costs | J3: Storage Capacity | K3: Entry Storage Costs | L3: Entry Costs Stage 1 | M3: Exit Costs Stage 1 | N3: Entry Costs Stage 2 | O3: Exit Costs Stage 2 | P3: Entry Costs Stage 3 | Q3: Exit Costs Stage 3 | R3: =F3 -> Production Capacity | S3: =I3 -> Production Costs | T3: =J3 -> Storage Capacity | U3: =K3 -> Entry Storage Costs | V3: =L3 -> Entry Costs Stage 1 | W3: =M3 -> Exit Costs Stage 1 | X3: =R3 -> Production Capacity | Y3: =S3 -> Production Costs | Z3: =T3 -> Storage Capacity | AA3: =U3 -> Entry Storage Costs | AB3: =V3 -> Entry Costs Stage 1 | AC3: =W3 -> Exit Costs Stage 1 | AD3: =X3 -> Production Capacity | AE3: =Y3 -> Production Costs | ... AI3: =AC3 -> Exit Costs Stage 1
A4: 1 | B4: Node 1 | C4: Field | F4: 5 | G4: 10 | H4: 0 | I4: 1 | J4: 0 | K4: 0 | L4: 1 | M4: 1 | N4: 3 | O4: 3 | P4: 5 | Q4: 5 | R4: 0 | S4: 0 | T4: 0 | U4: 0 | V4: 0 | W4: 0 | X4: =R4 -> 0 | AD4: =X4 -> 0
A5: 2 | B5: Node 2 | C5: Market | E5: Ruud (Google; 27?) | F5: 0 | G5: 0 | H5: 10 | I5: 1 | J5: 0 | K5: 0 | L5: 1 | M5: 1 | N5: 3 | O5: 3 | P5: 5 | Q5: 5 | R5: 0 | S5: 0 | T5: 0 | U5: 0 | V5: 0 | W5: 0 | X5: =R5 -> 0 | AD5: =X5 -> 0
A6: 3 | B6: Node 3 | C6: Field | E6: Ruud & Google | F6: 5 | G6: 10 | H6: 0 | I6: 1 | J6: 0 | K6: 0 | L6: 1 | M6: 1 | N6: 3 | O6: 3 | P6: 5 | Q6: 5 | R6: 0 | S6: 0 | T6: 0 | U6: 0 | V6: 0 | W6: 0 | X6: =R6 -> 0 | AD6: =X6 -> 0

Sheet Demand Stage 2
A1: Node Number | B1: 1
A2: Probability | B2: 1
B3: gas or mix | E3: pure hydrogen
A4: Hour | B4: Node 1 | C4: Node 2 | D4: Node 3 | E4: =B4 -> Node 1 | F4: =C4 -> Node 2 | G4: =D4 -> Node 3
A5: 0 | B5: 0 | C5: 10 | D5: 0 | E5: 0 | F5: 0 | G5: 0
A6: 1
A7: 2
A8: 3
A9: 4
A10: 5
A11: 6
A12: 7
A13: 8
A14: 9
A15: 10
A16: 11
A17: 12
... A28: 23
B30: =SUM(B5:D5) -> 10

Sheet Demand Stage 3
A1: Node Number | B1: 2 | H1: 3
A2: Probability | B2: 0.5 | H2: 0.5
A3: Parent Node Number | B3: 1 | H3: 1
B4: gas or mix | E4: pure hydrogen | H4: =B4 -> gas or mix | K4: =E4 -> pure hydrogen
A5: Hour | B5: Node 1 | C5: Node 2 | D5: Node 3 | E5: =B5 -> Node 1 | F5: =C5 -> Node 2 | G5: =D5 -> Node 3 | H5: =B5 -> Node 1 | I5: =C5 -> Node 2 | J5: =D5 -> Node 3 | K5: =H5 -> Node 1 | L5: =I5 -> Node 2 | M5: =J5 -> Node 3
A6: 0 | B6: 0 | C6: 10 | D6: 0 | E6: 0 | F6: 0 | G6: 0 | H6: 0 | I6: 10 | J6: 0 | K6: =E6 -> 0 | L6: =F6 -> 0 | M6: =G6 -> 0
A7: 1
A8: 2
A9: 3
A10: 4
A11: 5
A12: 6
A13: 7
A14: 8
A15: 9
A16: 10
A17: 11
A18: 12
... A29: 23
B31: =SUM(B6:D6) -> 10

Sheet Parameters
A1: Name | B1: Value
A2: Loss rate | B2: 0
A3: Allowed percentage | B3: 1
A4: Gamma | B4: 0.25
A5: Hours | B5: 1
A6: Stage 2 nodes | B6: 1
A7: Stage 3 nodes | B7: 2

Sheet Arcs
G1: =Traders!B2 -> Shipper 1 | I1: =Traders!B3 -> Shipper 2
G2: Gas | H2: Hydrogen | I2: Gas | J2: Hydrogen
A3: ID | B3: Name | C3: Source | D3: Sink | E3: Capacity | F3: Opmerking | G3: Flow costs | H3: Flow costs | I3: Flow costs | J3: Flow costs
A4: 1 | B4: Pipe 1 | C4: Node 1 | D4: Node 2 | E4: 10 | F4: Zeker | G4: 1 | H4: 0
A5: 2 | B5: Pipe 2 | C5: Node 2 | D5: Node 3 | E5: 10 | F5: Zeker | G5: 1 | H5: 0
A6: 3 | B6: Pipe 3 | C6: Node 3 | D6: Node 2 | E6: 10 | F6: Zeker | G6: 1 | H6: 0

Sheet Traders
A1: ID | B1: Name
A2: 1 | B2: Shipper 1
A3: 2 | B3: Shipper 2

Sheet Commodities
A1: ID | B1: Name
A2: 1 | B2: gas
A3: 2 | B3: hydrogen
